"dt","title","url"
"2023-11-03T08:47:48-0700","Palette","https://images-wixmp-ed30a86b8c4ca887773594c2.wixmp.com/f/71021563-ba05-41f2-bcc4-169e0bbacaee/dgep1gk-b48763e9-c2f2-4f3a-99c8-6581b092d51c.png/v1/fill/w_1280,h_1920,q_80,strp/palette_by_jaxaaronson_dgep1gk-fullview.jpg?token=eyJ0eXAiOiJKV1QiLCJhbGciOiJIUzI1NiJ9.eyJzdWIiOiJ1cm46YXBwOjdlMGQxODg5ODIyNjQzNzNhNWYwZDQxNWVhMGQyNmUwIiwiaXNzIjoidXJuOmFwcDo3ZTBkMTg4OTgyMjY0MzczYTVmMGQ0MTVlYTBkMjZlMCIsIm9iaiI6W1t7ImhlaWdodCI6Ijw9MTkyMCIsInBhdGgiOiIvZi83MTAyMTU2My1iYTA1LTQxZjItYmNjNC0xNjllMGJiYWNhZWUvZGdlcDFnay1iNDg3NjNlOS1jMmYyLTRmM2EtOTljOC02NTgxYjA5MmQ1MWMucG5nIiwid2lkdGgiOiI8PTEyODAifV1dLCJhdWQiOlsidXJuOnNlcnZpY2U6aW1hZ2Uub3BlcmF0aW9ucyJdfQ.CAw1T2qpA1EjUzOZPGugCM5y6SSyIOLcJnsKXtYkah4"
"2023-11-03T08:49:33-0700","Waitress","https://images-wixmp-ed30a86b8c4ca887773594c2.wixmp.com/f/71021563-ba05-41f2-bcc4-169e0bbacaee/dgep1tm-d07d3548-a4a9-4dff-b769-e221657417fb.png/v1/fill/w_1280,h_960,q_80,strp/waitress_by_jaxaaronson_dgep1tm-fullview.jpg?token=eyJ0eXAiOiJKV1QiLCJhbGciOiJIUzI1NiJ9.eyJzdWIiOiJ1cm46YXBwOjdlMGQxODg5ODIyNjQzNzNhNWYwZDQxNWVhMGQyNmUwIiwiaXNzIjoidXJuOmFwcDo3ZTBkMTg4OTgyMjY0MzczYTVmMGQ0MTVlYTBkMjZlMCIsIm9iaiI6W1t7ImhlaWdodCI6Ijw9OTYwIiwicGF0aCI6Ii9mLzcxMDIxNTYzLWJhMDUtNDFmMi1iY2M0LTE2OWUwYmJhY2FlZS9kZ2VwMXRtLWQwN2QzNTQ4LWE0YTktNGRmZi1iNzY5LWUyMjE2NTc0MTdmYi5wbmciLCJ3aWR0aCI6Ijw9MTI4MCJ9XV0sImF1ZCI6WyJ1cm46c2VydmljZTppbWFnZS5vcGVyYXRpb25zIl19.1Ip1294cMy-Bnh22X9tktRXwW3LrnNoqBSwuppFdWho"
"2023-11-03T09:06:16-0700","Flowers","https://images-wixmp-ed30a86b8c4ca887773594c2.wixmp.com/f/71021563-ba05-41f2-bcc4-169e0bbacaee/dgep400-4d53708d-c1f0-405c-8dfd-7cb0fac01176.png/v1/fill/w_1280,h_1280,q_80,strp/flowers_by_jaxaaronson_dgep400-fullview.jpg?token=eyJ0eXAiOiJKV1QiLCJhbGciOiJIUzI1NiJ9.eyJzdWIiOiJ1cm46YXBwOjdlMGQxODg5ODIyNjQzNzNhNWYwZDQxNWVhMGQyNmUwIiwiaXNzIjoidXJuOmFwcDo3ZTBkMTg4OTgyMjY0MzczYTVmMGQ0MTVlYTBkMjZlMCIsIm9iaiI6W1t7ImhlaWdodCI6Ijw9MTI4MCIsInBhdGgiOiIvZi83MTAyMTU2My1iYTA1LTQxZjItYmNjNC0xNjllMGJiYWNhZWUvZGdlcDQwMC00ZDUzNzA4ZC1jMWYwLTQwNWMtOGRmZC03Y2IwZmFjMDExNzYucG5nIiwid2lkdGgiOiI8PTEyODAifV1dLCJhdWQiOlsidXJuOnNlcnZpY2U6aW1hZ2Uub3BlcmF0aW9ucyJdfQ.4v0yoToURwSI3cam-n8Ffv0-U4r6cWIuS4D_QaCYb1o"
"2023-11-03T09:09:14-0700","Cowgirl","https://images-wixmp-ed30a86b8c4ca887773594c2.wixmp.com/f/71021563-ba05-41f2-bcc4-169e0bbacaee/dgep4gj-e2f179ea-e5b6-482f-9ee8-958f47bc4bb6.png/v1/fill/w_1280,h_960,q_80,strp/cowgirl_by_jaxaaronson_dgep4gj-fullview.jpg?token=eyJ0eXAiOiJKV1QiLCJhbGciOiJIUzI1NiJ9.eyJzdWIiOiJ1cm46YXBwOjdlMGQxODg5ODIyNjQzNzNhNWYwZDQxNWVhMGQyNmUwIiwiaXNzIjoidXJuOmFwcDo3ZTBkMTg4OTgyMjY0MzczYTVmMGQ0MTVlYTBkMjZlMCIsIm9iaiI6W1t7ImhlaWdodCI6Ijw9OTYwIiwicGF0aCI6Ii9mLzcxMDIxNTYzLWJhMDUtNDFmMi1iY2M0LTE2OWUwYmJhY2FlZS9kZ2VwNGdqLWUyZjE3OWVhLWU1YjYtNDgyZi05ZWU4LTk1OGY0N2JjNGJiNi5wbmciLCJ3aWR0aCI6Ijw9MTI4MCJ9XV0sImF1ZCI6WyJ1cm46c2VydmljZTppbWFnZS5vcGVyYXRpb25zIl19.jnTPEfizH2O3clV7X73i9aBV7SUckc6BhpZoMEmlP8w"
"2023-11-03T09:09:47-0700","Sunset","https://images-wixmp-ed30a86b8c4ca887773594c2.wixmp.com/f/71021563-ba05-41f2-bcc4-169e0bbacaee/dgep4jb-c874cc96-fd02-4184-a99a-8e11703f53be.png/v1/fill/w_1280,h_960,q_80,strp/sunset_by_jaxaaronson_dgep4jb-fullview.jpg?token=eyJ0eXAiOiJKV1QiLCJhbGciOiJIUzI1NiJ9.eyJzdWIiOiJ1cm46YXBwOjdlMGQxODg5ODIyNjQzNzNhNWYwZDQxNWVhMGQyNmUwIiwiaXNzIjoidXJuOmFwcDo3ZTBkMTg4OTgyMjY0MzczYTVmMGQ0MTVlYTBkMjZlMCIsIm9iaiI6W1t7ImhlaWdodCI6Ijw9OTYwIiwicGF0aCI6Ii9mLzcxMDIxNTYzLWJhMDUtNDFmMi1iY2M0LTE2OWUwYmJhY2FlZS9kZ2VwNGpiLWM4NzRjYzk2LWZkMDItNDE4NC1hOTlhLThlMTE3MDNmNTNiZS5wbmciLCJ3aWR0aCI6Ijw9MTI4MCJ9XV0sImF1ZCI6WyJ1cm46c2VydmljZTppbWFnZS5vcGVyYXRpb25zIl19.MGehCSGFtcTTkF_jdVn8-8U_vPtV2U3RU_Js6tu0b6k"
"2023-11-03T09:10:49-0700","Waldo","https://images-wixmp-ed30a86b8c4ca887773594c2.wixmp.com/f/71021563-ba05-41f2-bcc4-169e0bbacaee/dgep4mt-102af075-41b6-4266-bb38-d6809b82f548.png/v1/fill/w_1280,h_768,q_80,strp/waldo_by_jaxaaronson_dgep4mt-fullview.jpg?token=eyJ0eXAiOiJKV1QiLCJhbGciOiJIUzI1NiJ9.eyJzdWIiOiJ1cm46YXBwOjdlMGQxODg5ODIyNjQzNzNhNWYwZDQxNWVhMGQyNmUwIiwiaXNzIjoidXJuOmFwcDo3ZTBkMTg4OTgyMjY0MzczYTVmMGQ0MTVlYTBkMjZlMCIsIm9iaiI6W1t7ImhlaWdodCI6Ijw9NzY4IiwicGF0aCI6Ii9mLzcxMDIxNTYzLWJhMDUtNDFmMi1iY2M0LTE2OWUwYmJhY2FlZS9kZ2VwNG10LTEwMmFmMDc1LTQxYjYtNDI2Ni1iYjM4LWQ2ODA5YjgyZjU0OC5wbmciLCJ3aWR0aCI6Ijw9MTI4MCJ9XV0sImF1ZCI6WyJ1cm46c2VydmljZTppbWFnZS5vcGVyYXRpb25zIl19.gAOLV-Mkltdjk4j9ly50HRIitqL7I4InKAv0KZ-AEd0"
"2023-11-03T09:10:59-0700","Farm","https://images-wixmp-ed30a86b8c4ca887773594c2.wixmp.com/f/71021563-ba05-41f2-bcc4-169e0bbacaee/dgep4np-a8611ad4-c6aa-44a7-a3b9-dd7ae45765de.png/v1/fill/w_1280,h_1536,q_80,strp/farm_by_jaxaaronson_dgep4np-fullview.jpg?token=eyJ0eXAiOiJKV1QiLCJhbGciOiJIUzI1NiJ9.eyJzdWIiOiJ1cm46YXBwOjdlMGQxODg5ODIyNjQzNzNhNWYwZDQxNWVhMGQyNmUwIiwiaXNzIjoidXJuOmFwcDo3ZTBkMTg4OTgyMjY0MzczYTVmMGQ0MTVlYTBkMjZlMCIsIm9iaiI6W1t7ImhlaWdodCI6Ijw9MTUzNiIsInBhdGgiOiIvZi83MTAyMTU2My1iYTA1LTQxZjItYmNjNC0xNjllMGJiYWNhZWUvZGdlcDRucC1hODYxMWFkNC1jNmFhLTQ0YTctYTNiOS1kZDdhZTQ1NzY1ZGUucG5nIiwid2lkdGgiOiI8PTEyODAifV1dLCJhdWQiOlsidXJuOnNlcnZpY2U6aW1hZ2Uub3BlcmF0aW9ucyJdfQ.COp_BOyMFLYjpaGj4ItsdC9fy9p7zxxTjn_YAy97tW8"
"2023-11-03T09:11:11-0700","Halloween","https://images-wixmp-ed30a86b8c4ca887773594c2.wixmp.com/f/71021563-ba05-41f2-bcc4-169e0bbacaee/dgep4o3-b771293c-2401-46bb-be6d-489270e7f519.png/v1/fill/w_1280,h_640,q_80,strp/halloween_by_jaxaaronson_dgep4o3-fullview.jpg?token=eyJ0eXAiOiJKV1QiLCJhbGciOiJIUzI1NiJ9.eyJzdWIiOiJ1cm46YXBwOjdlMGQxODg5ODIyNjQzNzNhNWYwZDQxNWVhMGQyNmUwIiwiaXNzIjoidXJuOmFwcDo3ZTBkMTg4OTgyMjY0MzczYTVmMGQ0MTVlYTBkMjZlMCIsIm9iaiI6W1t7ImhlaWdodCI6Ijw9NjQwIiwicGF0aCI6Ii9mLzcxMDIxNTYzLWJhMDUtNDFmMi1iY2M0LTE2OWUwYmJhY2FlZS9kZ2VwNG8zLWI3NzEyOTNjLTI0MDEtNDZiYi1iZTZkLTQ4OTI3MGU3ZjUxOS5wbmciLCJ3aWR0aCI6Ijw9MTI4MCJ9XV0sImF1ZCI6WyJ1cm46c2VydmljZTppbWFnZS5vcGVyYXRpb25zIl19.EyRwvveTfucXRVUyHlXdDJCUcdm7sqykUZhFVjwx5jE"
"2023-11-03T09:12:58-0700","Office","https://images-wixmp-ed30a86b8c4ca887773594c2.wixmp.com/f/71021563-ba05-41f2-bcc4-169e0bbacaee/dgep4w9-88cdd84f-b06e-46f1-8a5c-ab100f281ffc.png/v1/fill/w_1280,h_1536,q_80,strp/office_by_jaxaaronson_dgep4w9-fullview.jpg?token=eyJ0eXAiOiJKV1QiLCJhbGciOiJIUzI1NiJ9.eyJzdWIiOiJ1cm46YXBwOjdlMGQxODg5ODIyNjQzNzNhNWYwZDQxNWVhMGQyNmUwIiwiaXNzIjoidXJuOmFwcDo3ZTBkMTg4OTgyMjY0MzczYTVmMGQ0MTVlYTBkMjZlMCIsIm9iaiI6W1t7ImhlaWdodCI6Ijw9MTUzNiIsInBhdGgiOiIvZi83MTAyMTU2My1iYTA1LTQxZjItYmNjNC0xNjllMGJiYWNhZWUvZGdlcDR3OS04OGNkZDg0Zi1iMDZlLTQ2ZjEtOGE1Yy1hYjEwMGYyODFmZmMucG5nIiwid2lkdGgiOiI8PTEyODAifV1dLCJhdWQiOlsidXJuOnNlcnZpY2U6aW1hZ2Uub3BlcmF0aW9ucyJdfQ.s9lXkvSJoYSg1lZvuqSQdCv_yNcDyddI636WDgEPhbo"
"2023-11-03T09:13:19-0700","Traditional","https://images-wixmp-ed30a86b8c4ca887773594c2.wixmp.com/f/71021563-ba05-41f2-bcc4-169e0bbacaee/dgep4wo-8e113d71-0ae6-4246-8713-87859b1643b4.png/v1/fill/w_1280,h_1646,q_80,strp/traditional_by_jaxaaronson_dgep4wo-fullview.jpg?token=eyJ0eXAiOiJKV1QiLCJhbGciOiJIUzI1NiJ9.eyJzdWIiOiJ1cm46YXBwOjdlMGQxODg5ODIyNjQzNzNhNWYwZDQxNWVhMGQyNmUwIiwiaXNzIjoidXJuOmFwcDo3ZTBkMTg4OTgyMjY0MzczYTVmMGQ0MTVlYTBkMjZlMCIsIm9iaiI6W1t7ImhlaWdodCI6Ijw9MTY0NiIsInBhdGgiOiIvZi83MTAyMTU2My1iYTA1LTQxZjItYmNjNC0xNjllMGJiYWNhZWUvZGdlcDR3by04ZTExM2Q3MS0wYWU2LTQyNDYtODcxMy04Nzg1OWIxNjQzYjQucG5nIiwid2lkdGgiOiI8PTEyODAifV1dLCJhdWQiOlsidXJuOnNlcnZpY2U6aW1hZ2Uub3BlcmF0aW9ucyJdfQ.eEpd206Gn_ntz3673n7ZFSuVqXZuI97WshHx7fYXjdI"
"2023-11-03T09:13:29-0700","Vintintage","https://images-wixmp-ed30a86b8c4ca887773594c2.wixmp.com/f/71021563-ba05-41f2-bcc4-169e0bbacaee/dgep4xk-9dd3234d-e18e-4ea5-87cb-bd91c84ecf96.png/v1/fill/w_1280,h_720,q_80,strp/vintintage_by_jaxaaronson_dgep4xk-fullview.jpg?token=eyJ0eXAiOiJKV1QiLCJhbGciOiJIUzI1NiJ9.eyJzdWIiOiJ1cm46YXBwOjdlMGQxODg5ODIyNjQzNzNhNWYwZDQxNWVhMGQyNmUwIiwiaXNzIjoidXJuOmFwcDo3ZTBkMTg4OTgyMjY0MzczYTVmMGQ0MTVlYTBkMjZlMCIsIm9iaiI6W1t7ImhlaWdodCI6Ijw9NzIwIiwicGF0aCI6Ii9mLzcxMDIxNTYzLWJhMDUtNDFmMi1iY2M0LTE2OWUwYmJhY2FlZS9kZ2VwNHhrLTlkZDMyMzRkLWUxOGUtNGVhNS04N2NiLWJkOTFjODRlY2Y5Ni5wbmciLCJ3aWR0aCI6Ijw9MTI4MCJ9XV0sImF1ZCI6WyJ1cm46c2VydmljZTppbWFnZS5vcGVyYXRpb25zIl19.xdO7d7POoMFKZMTWXp3EZsQg9V3nMHv7nNqpF2iJ8HQ"
"2023-11-03T09:13:44-0700","Nudy Mag","https://images-wixmp-ed30a86b8c4ca887773594c2.wixmp.com/f/71021563-ba05-41f2-bcc4-169e0bbacaee/dgep4yq-494ca987-4e6e-43c6-9e69-7555d5626f85.png/v1/fill/w_1280,h_960,q_80,strp/nudy_mag_by_jaxaaronson_dgep4yq-fullview.jpg?token=eyJ0eXAiOiJKV1QiLCJhbGciOiJIUzI1NiJ9.eyJzdWIiOiJ1cm46YXBwOjdlMGQxODg5ODIyNjQzNzNhNWYwZDQxNWVhMGQyNmUwIiwiaXNzIjoidXJuOmFwcDo3ZTBkMTg4OTgyMjY0MzczYTVmMGQ0MTVlYTBkMjZlMCIsIm9iaiI6W1t7ImhlaWdodCI6Ijw9OTYwIiwicGF0aCI6Ii9mLzcxMDIxNTYzLWJhMDUtNDFmMi1iY2M0LTE2OWUwYmJhY2FlZS9kZ2VwNHlxLTQ5NGNhOTg3LTRlNmUtNDNjNi05ZTY5LTc1NTVkNTYyNmY4NS5wbmciLCJ3aWR0aCI6Ijw9MTI4MCJ9XV0sImF1ZCI6WyJ1cm46c2VydmljZTppbWFnZS5vcGVyYXRpb25zIl19.X0XWbSBbEdPkl3-U249Nkry2aOm-d5i7Kp2N7ptm2RY"
"2023-11-03T09:14:03-0700","Tiki","https://images-wixmp-ed30a86b8c4ca887773594c2.wixmp.com/f/71021563-ba05-41f2-bcc4-169e0bbacaee/dgep503-d07a4fff-dde5-47b1-ad4b-51768fdd830d.png/v1/fill/w_1280,h_1536,q_80,strp/tiki_by_jaxaaronson_dgep503-fullview.jpg?token=eyJ0eXAiOiJKV1QiLCJhbGciOiJIUzI1NiJ9.eyJzdWIiOiJ1cm46YXBwOjdlMGQxODg5ODIyNjQzNzNhNWYwZDQxNWVhMGQyNmUwIiwiaXNzIjoidXJuOmFwcDo3ZTBkMTg4OTgyMjY0MzczYTVmMGQ0MTVlYTBkMjZlMCIsIm9iaiI6W1t7ImhlaWdodCI6Ijw9MTUzNiIsInBhdGgiOiIvZi83MTAyMTU2My1iYTA1LTQxZjItYmNjNC0xNjllMGJiYWNhZWUvZGdlcDUwMy1kMDdhNGZmZi1kZGU1LTQ3YjEtYWQ0Yi01MTc2OGZkZDgzMGQucG5nIiwid2lkdGgiOiI8PTEyODAifV1dLCJhdWQiOlsidXJuOnNlcnZpY2U6aW1hZ2Uub3BlcmF0aW9ucyJdfQ.Hl2cwKmbriydyl-KTLULQioYeLcD55jTR1QW5ISebic"
"2023-11-03T09:14:48-0700","Library","https://images-wixmp-ed30a86b8c4ca887773594c2.wixmp.com/f/71021563-ba05-41f2-bcc4-169e0bbacaee/dgep52q-0248333e-9987-400e-ab91-6545a3dbab20.png/v1/fill/w_1280,h_699,q_80,strp/library_by_jaxaaronson_dgep52q-fullview.jpg?token=eyJ0eXAiOiJKV1QiLCJhbGciOiJIUzI1NiJ9.eyJzdWIiOiJ1cm46YXBwOjdlMGQxODg5ODIyNjQzNzNhNWYwZDQxNWVhMGQyNmUwIiwiaXNzIjoidXJuOmFwcDo3ZTBkMTg4OTgyMjY0MzczYTVmMGQ0MTVlYTBkMjZlMCIsIm9iaiI6W1t7ImhlaWdodCI6Ijw9Njk5IiwicGF0aCI6Ii9mLzcxMDIxNTYzLWJhMDUtNDFmMi1iY2M0LTE2OWUwYmJhY2FlZS9kZ2VwNTJxLTAyNDgzMzNlLTk5ODctNDAwZS1hYjkxLTY1NDVhM2RiYWIyMC5wbmciLCJ3aWR0aCI6Ijw9MTI4MCJ9XV0sImF1ZCI6WyJ1cm46c2VydmljZTppbWFnZS5vcGVyYXRpb25zIl19.13YYjAAwYzfaVLnEewX6qiF2G1NANNlXO5ZNzVWlrM8"
"2023-11-03T09:17:38-0700","MLB cheer","https://images-wixmp-ed30a86b8c4ca887773594c2.wixmp.com/f/71021563-ba05-41f2-bcc4-169e0bbacaee/dgep5j8-5385140c-503a-4d0e-96b7-d1de2c42ceb5.png/v1/fill/w_1280,h_576,q_80,strp/mlb_cheer_by_jaxaaronson_dgep5j8-fullview.jpg?token=eyJ0eXAiOiJKV1QiLCJhbGciOiJIUzI1NiJ9.eyJzdWIiOiJ1cm46YXBwOjdlMGQxODg5ODIyNjQzNzNhNWYwZDQxNWVhMGQyNmUwIiwiaXNzIjoidXJuOmFwcDo3ZTBkMTg4OTgyMjY0MzczYTVmMGQ0MTVlYTBkMjZlMCIsIm9iaiI6W1t7ImhlaWdodCI6Ijw9NTc2IiwicGF0aCI6Ii9mLzcxMDIxNTYzLWJhMDUtNDFmMi1iY2M0LTE2OWUwYmJhY2FlZS9kZ2VwNWo4LTUzODUxNDBjLTUwM2EtNGQwZS05NmI3LWQxZGUyYzQyY2ViNS5wbmciLCJ3aWR0aCI6Ijw9MTI4MCJ9XV0sImF1ZCI6WyJ1cm46c2VydmljZTppbWFnZS5vcGVyYXRpb25zIl19.his4iBwQlXRUZ8ON315R8lwfJyADNRXM7yVRSjjf_-o"
"2023-11-03T09:17:49-0700","Big Ten","https://images-wixmp-ed30a86b8c4ca887773594c2.wixmp.com/f/71021563-ba05-41f2-bcc4-169e0bbacaee/dgep5k3-9528fcc4-ee4f-4dc0-a16c-ac5266936e9e.png/v1/fill/w_1280,h_960,q_80,strp/big_ten_by_jaxaaronson_dgep5k3-fullview.jpg?token=eyJ0eXAiOiJKV1QiLCJhbGciOiJIUzI1NiJ9.eyJzdWIiOiJ1cm46YXBwOjdlMGQxODg5ODIyNjQzNzNhNWYwZDQxNWVhMGQyNmUwIiwiaXNzIjoidXJuOmFwcDo3ZTBkMTg4OTgyMjY0MzczYTVmMGQ0MTVlYTBkMjZlMCIsIm9iaiI6W1t7ImhlaWdodCI6Ijw9OTYwIiwicGF0aCI6Ii9mLzcxMDIxNTYzLWJhMDUtNDFmMi1iY2M0LTE2OWUwYmJhY2FlZS9kZ2VwNWszLTk1MjhmY2M0LWVlNGYtNGRjMC1hMTZjLWFjNTI2NjkzNmU5ZS5wbmciLCJ3aWR0aCI6Ijw9MTI4MCJ9XV0sImF1ZCI6WyJ1cm46c2VydmljZTppbWFnZS5vcGVyYXRpb25zIl19.uZcRcxOV5TOw47oKo0tuF2gmTS4GO_mKQLdB88T2spw"
"2023-11-03T09:18:01-0700","USA travel","https://images-wixmp-ed30a86b8c4ca887773594c2.wixmp.com/f/71021563-ba05-41f2-bcc4-169e0bbacaee/dgep5kn-9fe591e8-3596-4f83-b06a-812522757a35.png/v1/fill/w_1280,h_1920,q_80,strp/usa_travel_by_jaxaaronson_dgep5kn-fullview.jpg?token=eyJ0eXAiOiJKV1QiLCJhbGciOiJIUzI1NiJ9.eyJzdWIiOiJ1cm46YXBwOjdlMGQxODg5ODIyNjQzNzNhNWYwZDQxNWVhMGQyNmUwIiwiaXNzIjoidXJuOmFwcDo3ZTBkMTg4OTgyMjY0MzczYTVmMGQ0MTVlYTBkMjZlMCIsIm9iaiI6W1t7ImhlaWdodCI6Ijw9MTkyMCIsInBhdGgiOiIvZi83MTAyMTU2My1iYTA1LTQxZjItYmNjNC0xNjllMGJiYWNhZWUvZGdlcDVrbi05ZmU1OTFlOC0zNTk2LTRmODMtYjA2YS04MTI1MjI3NTdhMzUucG5nIiwid2lkdGgiOiI8PTEyODAifV1dLCJhdWQiOlsidXJuOnNlcnZpY2U6aW1hZ2Uub3BlcmF0aW9ucyJdfQ.-ThFrEJYE5tCK8TduFajiKGxFiNFb1WcnL9ArFb0zCI"
"2023-11-03T09:18:12-0700","Desert","https://images-wixmp-ed30a86b8c4ca887773594c2.wixmp.com/f/71021563-ba05-41f2-bcc4-169e0bbacaee/dgep5l8-d36c22ea-5bf4-4536-acec-f227bd99fc95.png/v1/fill/w_1280,h_823,q_80,strp/desert_by_jaxaaronson_dgep5l8-fullview.jpg?token=eyJ0eXAiOiJKV1QiLCJhbGciOiJIUzI1NiJ9.eyJzdWIiOiJ1cm46YXBwOjdlMGQxODg5ODIyNjQzNzNhNWYwZDQxNWVhMGQyNmUwIiwiaXNzIjoidXJuOmFwcDo3ZTBkMTg4OTgyMjY0MzczYTVmMGQ0MTVlYTBkMjZlMCIsIm9iaiI6W1t7ImhlaWdodCI6Ijw9ODIzIiwicGF0aCI6Ii9mLzcxMDIxNTYzLWJhMDUtNDFmMi1iY2M0LTE2OWUwYmJhY2FlZS9kZ2VwNWw4LWQzNmMyMmVhLTViZjQtNDUzNi1hY2VjLWYyMjdiZDk5ZmM5NS5wbmciLCJ3aWR0aCI6Ijw9MTI4MCJ9XV0sImF1ZCI6WyJ1cm46c2VydmljZTppbWFnZS5vcGVyYXRpb25zIl19.CMpvcFipdPamVLgVfnyAimMygww7sfT9mOtqQOb4O3A"
"2023-11-03T09:18:23-0700","NHL cheer","https://images-wixmp-ed30a86b8c4ca887773594c2.wixmp.com/f/71021563-ba05-41f2-bcc4-169e0bbacaee/dgep5ma-04d1d6be-98f1-48ef-930f-b842afc51af3.png/v1/fill/w_1280,h_960,q_80,strp/nhl_cheer_by_jaxaaronson_dgep5ma-fullview.jpg?token=eyJ0eXAiOiJKV1QiLCJhbGciOiJIUzI1NiJ9.eyJzdWIiOiJ1cm46YXBwOjdlMGQxODg5ODIyNjQzNzNhNWYwZDQxNWVhMGQyNmUwIiwiaXNzIjoidXJuOmFwcDo3ZTBkMTg4OTgyMjY0MzczYTVmMGQ0MTVlYTBkMjZlMCIsIm9iaiI6W1t7ImhlaWdodCI6Ijw9OTYwIiwicGF0aCI6Ii9mLzcxMDIxNTYzLWJhMDUtNDFmMi1iY2M0LTE2OWUwYmJhY2FlZS9kZ2VwNW1hLTA0ZDFkNmJlLTk4ZjEtNDhlZi05MzBmLWI4NDJhZmM1MWFmMy5wbmciLCJ3aWR0aCI6Ijw9MTI4MCJ9XV0sImF1ZCI6WyJ1cm46c2VydmljZTppbWFnZS5vcGVyYXRpb25zIl19.9e4AbCQODx_k_mAy_AN6xzSm0gvdiwXJjmap6YsqYIg"
"2023-11-03T09:18:33-0700","Temple","https://images-wixmp-ed30a86b8c4ca887773594c2.wixmp.com/f/71021563-ba05-41f2-bcc4-169e0bbacaee/dgep5mw-2457b0ad-6d61-4798-9f0f-eee304bf9b81.png/v1/fill/w_1280,h_823,q_80,strp/temple_by_jaxaaronson_dgep5mw-fullview.jpg?token=eyJ0eXAiOiJKV1QiLCJhbGciOiJIUzI1NiJ9.eyJzdWIiOiJ1cm46YXBwOjdlMGQxODg5ODIyNjQzNzNhNWYwZDQxNWVhMGQyNmUwIiwiaXNzIjoidXJuOmFwcDo3ZTBkMTg4OTgyMjY0MzczYTVmMGQ0MTVlYTBkMjZlMCIsIm9iaiI6W1t7ImhlaWdodCI6Ijw9ODIzIiwicGF0aCI6Ii9mLzcxMDIxNTYzLWJhMDUtNDFmMi1iY2M0LTE2OWUwYmJhY2FlZS9kZ2VwNW13LTI0NTdiMGFkLTZkNjEtNDc5OC05ZjBmLWVlZTMwNGJmOWI4MS5wbmciLCJ3aWR0aCI6Ijw9MTI4MCJ9XV0sImF1ZCI6WyJ1cm46c2VydmljZTppbWFnZS5vcGVyYXRpb25zIl19.FERg4S6aP75dnBW2vNVkPW0pe4jlK5Bw8OTeEzqZ4wk"
"2023-11-03T09:18:46-0700","Angels","https://images-wixmp-ed30a86b8c4ca887773594c2.wixmp.com/f/71021563-ba05-41f2-bcc4-169e0bbacaee/dgep5ne-69e50a83-c58a-4c78-8286-58cb62711244.png/v1/fill/w_1280,h_823,q_80,strp/angels_by_jaxaaronson_dgep5ne-fullview.jpg?token=eyJ0eXAiOiJKV1QiLCJhbGciOiJIUzI1NiJ9.eyJzdWIiOiJ1cm46YXBwOjdlMGQxODg5ODIyNjQzNzNhNWYwZDQxNWVhMGQyNmUwIiwiaXNzIjoidXJuOmFwcDo3ZTBkMTg4OTgyMjY0MzczYTVmMGQ0MTVlYTBkMjZlMCIsIm9iaiI6W1t7ImhlaWdodCI6Ijw9ODIzIiwicGF0aCI6Ii9mLzcxMDIxNTYzLWJhMDUtNDFmMi1iY2M0LTE2OWUwYmJhY2FlZS9kZ2VwNW5lLTY5ZTUwYTgzLWM1OGEtNGM3OC04Mjg2LTU4Y2I2MjcxMTI0NC5wbmciLCJ3aWR0aCI6Ijw9MTI4MCJ9XV0sImF1ZCI6WyJ1cm46c2VydmljZTppbWFnZS5vcGVyYXRpb25zIl19.qXYwBONLDnS1R9D8IUOxgdGuOQkAK6-kBgaYUeTkGw0"
"2023-11-03T09:18:53-0700","World Travel","https://images-wixmp-ed30a86b8c4ca887773594c2.wixmp.com/f/71021563-ba05-41f2-bcc4-169e0bbacaee/dgep5ns-1cb29bd9-03ad-4d7b-ab29-143919e64082.png/v1/fill/w_1280,h_1536,q_80,strp/world_travel_by_jaxaaronson_dgep5ns-fullview.jpg?token=eyJ0eXAiOiJKV1QiLCJhbGciOiJIUzI1NiJ9.eyJzdWIiOiJ1cm46YXBwOjdlMGQxODg5ODIyNjQzNzNhNWYwZDQxNWVhMGQyNmUwIiwiaXNzIjoidXJuOmFwcDo3ZTBkMTg4OTgyMjY0MzczYTVmMGQ0MTVlYTBkMjZlMCIsIm9iaiI6W1t7ImhlaWdodCI6Ijw9MTUzNiIsInBhdGgiOiIvZi83MTAyMTU2My1iYTA1LTQxZjItYmNjNC0xNjllMGJiYWNhZWUvZGdlcDVucy0xY2IyOWJkOS0wM2FkLTRkN2ItYWIyOS0xNDM5MTllNjQwODIucG5nIiwid2lkdGgiOiI8PTEyODAifV1dLCJhdWQiOlsidXJuOnNlcnZpY2U6aW1hZ2Uub3BlcmF0aW9ucyJdfQ.F3bn1_IicqxV6AgZnv_fXqkszHrxqnB1YrXE1VuHFIA"
"2023-11-03T09:19:07-0700","Tennis","https://images-wixmp-ed30a86b8c4ca887773594c2.wixmp.com/f/71021563-ba05-41f2-bcc4-169e0bbacaee/dgep5pp-e770407a-e38b-488e-a039-cebbadf63885.png/v1/fill/w_1280,h_854,q_80,strp/tennis_by_jaxaaronson_dgep5pp-fullview.jpg?token=eyJ0eXAiOiJKV1QiLCJhbGciOiJIUzI1NiJ9.eyJzdWIiOiJ1cm46YXBwOjdlMGQxODg5ODIyNjQzNzNhNWYwZDQxNWVhMGQyNmUwIiwiaXNzIjoidXJuOmFwcDo3ZTBkMTg4OTgyMjY0MzczYTVmMGQ0MTVlYTBkMjZlMCIsIm9iaiI6W1t7ImhlaWdodCI6Ijw9ODU0IiwicGF0aCI6Ii9mLzcxMDIxNTYzLWJhMDUtNDFmMi1iY2M0LTE2OWUwYmJhY2FlZS9kZ2VwNXBwLWU3NzA0MDdhLWUzOGItNDg4ZS1hMDM5LWNlYmJhZGY2Mzg4NS5wbmciLCJ3aWR0aCI6Ijw9MTI4MCJ9XV0sImF1ZCI6WyJ1cm46c2VydmljZTppbWFnZS5vcGVyYXRpb25zIl19.agrDlbDWsEbw8Ao-T5C8qptdjGCwmvwB1rg1MV-_uIc"
"2023-11-03T09:19:16-0700","Gym","https://images-wixmp-ed30a86b8c4ca887773594c2.wixmp.com/f/71021563-ba05-41f2-bcc4-169e0bbacaee/dgep5qk-5a7e0ab4-6c6c-4d79-a67d-c83966e136b8.png/v1/fill/w_1280,h_887,q_80,strp/gym_by_jaxaaronson_dgep5qk-fullview.jpg?token=eyJ0eXAiOiJKV1QiLCJhbGciOiJIUzI1NiJ9.eyJzdWIiOiJ1cm46YXBwOjdlMGQxODg5ODIyNjQzNzNhNWYwZDQxNWVhMGQyNmUwIiwiaXNzIjoidXJuOmFwcDo3ZTBkMTg4OTgyMjY0MzczYTVmMGQ0MTVlYTBkMjZlMCIsIm9iaiI6W1t7ImhlaWdodCI6Ijw9ODg3IiwicGF0aCI6Ii9mLzcxMDIxNTYzLWJhMDUtNDFmMi1iY2M0LTE2OWUwYmJhY2FlZS9kZ2VwNXFrLTVhN2UwYWI0LTZjNmMtNGQ3OS1hNjdkLWM4Mzk2NmUxMzZiOC5wbmciLCJ3aWR0aCI6Ijw9MTI4MCJ9XV0sImF1ZCI6WyJ1cm46c2VydmljZTppbWFnZS5vcGVyYXRpb25zIl19.iWfDJfn_IaIarZb8zqV_0NUGYWtkqcWxrBDhnR5obdc"
"2023-11-03T11:21:14-0700","Wake","https://images-wixmp-ed30a86b8c4ca887773594c2.wixmp.com/f/71021563-ba05-41f2-bcc4-169e0bbacaee/dgepmpa-9d97b170-aed8-45d6-81d3-80ffe4874301.png/v1/fill/w_1280,h_823,q_80,strp/wake_by_jaxaaronson_dgepmpa-fullview.jpg?token=eyJ0eXAiOiJKV1QiLCJhbGciOiJIUzI1NiJ9.eyJzdWIiOiJ1cm46YXBwOjdlMGQxODg5ODIyNjQzNzNhNWYwZDQxNWVhMGQyNmUwIiwiaXNzIjoidXJuOmFwcDo3ZTBkMTg4OTgyMjY0MzczYTVmMGQ0MTVlYTBkMjZlMCIsIm9iaiI6W1t7ImhlaWdodCI6Ijw9ODIzIiwicGF0aCI6Ii9mLzcxMDIxNTYzLWJhMDUtNDFmMi1iY2M0LTE2OWUwYmJhY2FlZS9kZ2VwbXBhLTlkOTdiMTcwLWFlZDgtNDVkNi04MWQzLTgwZmZlNDg3NDMwMS5wbmciLCJ3aWR0aCI6Ijw9MTI4MCJ9XV0sImF1ZCI6WyJ1cm46c2VydmljZTppbWFnZS5vcGVyYXRpb25zIl19.bajVeQui5Ae72RWs3rtTQgmVUpFs2t-NQ6oRtWomLMA"
"2023-11-04T20:10:45-0700","Water","https://images-wixmp-ed30a86b8c4ca887773594c2.wixmp.com/f/71021563-ba05-41f2-bcc4-169e0bbacaee/dgevu63-a806025c-2154-41b7-8fa3-4f7ac2118036.png/v1/fill/w_1280,h_524,q_80,strp/water_by_jaxaaronson_dgevu63-fullview.jpg?token=eyJ0eXAiOiJKV1QiLCJhbGciOiJIUzI1NiJ9.eyJzdWIiOiJ1cm46YXBwOjdlMGQxODg5ODIyNjQzNzNhNWYwZDQxNWVhMGQyNmUwIiwiaXNzIjoidXJuOmFwcDo3ZTBkMTg4OTgyMjY0MzczYTVmMGQ0MTVlYTBkMjZlMCIsIm9iaiI6W1t7ImhlaWdodCI6Ijw9NTI0IiwicGF0aCI6Ii9mLzcxMDIxNTYzLWJhMDUtNDFmMi1iY2M0LTE2OWUwYmJhY2FlZS9kZ2V2dTYzLWE4MDYwMjVjLTIxNTQtNDFiNy04ZmEzLTRmN2FjMjExODAzNi5wbmciLCJ3aWR0aCI6Ijw9MTI4MCJ9XV0sImF1ZCI6WyJ1cm46c2VydmljZTppbWFnZS5vcGVyYXRpb25zIl19.K7TQDlv-g_EtarVB8EHQ9jgpmWZstZDEJysKg90jOOo"
"2023-11-05T10:44:44-0800","Heels","https://images-wixmp-ed30a86b8c4ca887773594c2.wixmp.com/f/71021563-ba05-41f2-bcc4-169e0bbacaee/dgeys0s-0ed38d59-bcdc-4ab5-a590-0cc28cfd6105.png/v1/fill/w_1280,h_699,q_80,strp/heels_by_jaxaaronson_dgeys0s-fullview.jpg?token=eyJ0eXAiOiJKV1QiLCJhbGciOiJIUzI1NiJ9.eyJzdWIiOiJ1cm46YXBwOjdlMGQxODg5ODIyNjQzNzNhNWYwZDQxNWVhMGQyNmUwIiwiaXNzIjoidXJuOmFwcDo3ZTBkMTg4OTgyMjY0MzczYTVmMGQ0MTVlYTBkMjZlMCIsIm9iaiI6W1t7ImhlaWdodCI6Ijw9Njk5IiwicGF0aCI6Ii9mLzcxMDIxNTYzLWJhMDUtNDFmMi1iY2M0LTE2OWUwYmJhY2FlZS9kZ2V5czBzLTBlZDM4ZDU5LWJjZGMtNGFiNS1hNTkwLTBjYzI4Y2ZkNjEwNS5wbmciLCJ3aWR0aCI6Ijw9MTI4MCJ9XV0sImF1ZCI6WyJ1cm46c2VydmljZTppbWFnZS5vcGVyYXRpb25zIl19.Hz0V6328aM8lMYaOHcrzeQdUAQtK9WtIHFSS8VoppIc"
"2023-11-12T13:52:01-0800","Noel","https://images-wixmp-ed30a86b8c4ca887773594c2.wixmp.com/f/71021563-ba05-41f2-bcc4-169e0bbacaee/dgfw1z0-79f67b40-f3d0-48bd-9363-8adf2794c60a.png/v1/fill/w_1280,h_1280,q_80,strp/noel_by_jaxaaronson_dgfw1z0-fullview.jpg?token=eyJ0eXAiOiJKV1QiLCJhbGciOiJIUzI1NiJ9.eyJzdWIiOiJ1cm46YXBwOjdlMGQxODg5ODIyNjQzNzNhNWYwZDQxNWVhMGQyNmUwIiwiaXNzIjoidXJuOmFwcDo3ZTBkMTg4OTgyMjY0MzczYTVmMGQ0MTVlYTBkMjZlMCIsIm9iaiI6W1t7ImhlaWdodCI6Ijw9MTI4MCIsInBhdGgiOiIvZi83MTAyMTU2My1iYTA1LTQxZjItYmNjNC0xNjllMGJiYWNhZWUvZGdmdzF6MC03OWY2N2I0MC1mM2QwLTQ4YmQtOTM2My04YWRmMjc5NGM2MGEucG5nIiwid2lkdGgiOiI8PTEyODAifV1dLCJhdWQiOlsidXJuOnNlcnZpY2U6aW1hZ2Uub3BlcmF0aW9ucyJdfQ.8hXZRXUlpS2mSm8Rvp5g1hvEbM1923ZXmrT-UUtQZig"
"2023-11-14T15:03:48-0800","Checkmate","https://images-wixmp-ed30a86b8c4ca887773594c2.wixmp.com/f/71021563-ba05-41f2-bcc4-169e0bbacaee/dgg5opo-586e16e3-b369-4f28-ae93-445cc41e4cdb.png/v1/fill/w_1280,h_960,q_80,strp/checkmate_by_jaxaaronson_dgg5opo-fullview.jpg?token=eyJ0eXAiOiJKV1QiLCJhbGciOiJIUzI1NiJ9.eyJzdWIiOiJ1cm46YXBwOjdlMGQxODg5ODIyNjQzNzNhNWYwZDQxNWVhMGQyNmUwIiwiaXNzIjoidXJuOmFwcDo3ZTBkMTg4OTgyMjY0MzczYTVmMGQ0MTVlYTBkMjZlMCIsIm9iaiI6W1t7ImhlaWdodCI6Ijw9OTYwIiwicGF0aCI6Ii9mLzcxMDIxNTYzLWJhMDUtNDFmMi1iY2M0LTE2OWUwYmJhY2FlZS9kZ2c1b3BvLTU4NmUxNmUzLWIzNjktNGYyOC1hZTkzLTQ0NWNjNDFlNGNkYi5wbmciLCJ3aWR0aCI6Ijw9MTI4MCJ9XV0sImF1ZCI6WyJ1cm46c2VydmljZTppbWFnZS5vcGVyYXRpb25zIl19.7CMAqsp-CZAsrN1CXrM3T8VYSpZJdRS4S5BQgYlNnCw"
"2023-11-17T14:28:55-0800","Carnival","https://images-wixmp-ed30a86b8c4ca887773594c2.wixmp.com/f/71021563-ba05-41f2-bcc4-169e0bbacaee/dggjwvr-ddb3b96b-d947-4161-8d79-73854ce8201e.png/v1/fill/w_1280,h_1280,q_80,strp/carnival_by_jaxaaronson_dggjwvr-fullview.jpg?token=eyJ0eXAiOiJKV1QiLCJhbGciOiJIUzI1NiJ9.eyJzdWIiOiJ1cm46YXBwOjdlMGQxODg5ODIyNjQzNzNhNWYwZDQxNWVhMGQyNmUwIiwiaXNzIjoidXJuOmFwcDo3ZTBkMTg4OTgyMjY0MzczYTVmMGQ0MTVlYTBkMjZlMCIsIm9iaiI6W1t7ImhlaWdodCI6Ijw9MTI4MCIsInBhdGgiOiIvZi83MTAyMTU2My1iYTA1LTQxZjItYmNjNC0xNjllMGJiYWNhZWUvZGdnand2ci1kZGIzYjk2Yi1kOTQ3LTQxNjEtOGQ3OS03Mzg1NGNlODIwMWUucG5nIiwid2lkdGgiOiI8PTEyODAifV1dLCJhdWQiOlsidXJuOnNlcnZpY2U6aW1hZ2Uub3BlcmF0aW9ucyJdfQ.fr0LTy8uqy3P5W3MIrnFwC_HhXHnEkHR0CzXqJ2UU98"
"2023-12-01T13:14:30-0800","Oval Office","https://images-wixmp-ed30a86b8c4ca887773594c2.wixmp.com/f/71021563-ba05-41f2-bcc4-169e0bbacaee/dgilppf-804e3817-1f57-4082-9792-93f9a2182c8f.png/v1/fill/w_1280,h_873,q_80,strp/oval_office_by_jaxaaronson_dgilppf-fullview.jpg?token=eyJ0eXAiOiJKV1QiLCJhbGciOiJIUzI1NiJ9.eyJzdWIiOiJ1cm46YXBwOjdlMGQxODg5ODIyNjQzNzNhNWYwZDQxNWVhMGQyNmUwIiwiaXNzIjoidXJuOmFwcDo3ZTBkMTg4OTgyMjY0MzczYTVmMGQ0MTVlYTBkMjZlMCIsIm9iaiI6W1t7ImhlaWdodCI6Ijw9ODczIiwicGF0aCI6Ii9mLzcxMDIxNTYzLWJhMDUtNDFmMi1iY2M0LTE2OWUwYmJhY2FlZS9kZ2lscHBmLTgwNGUzODE3LTFmNTctNDA4Mi05NzkyLTkzZjlhMjE4MmM4Zi5wbmciLCJ3aWR0aCI6Ijw9MTI4MCJ9XV0sImF1ZCI6WyJ1cm46c2VydmljZTppbWFnZS5vcGVyYXRpb25zIl19.s6HRdAdLXDwIM74VbQMrf79BEMI3h9zdfatMtS5w30M"
"2023-12-02T09:57:03-0800","Chef","https://images-wixmp-ed30a86b8c4ca887773594c2.wixmp.com/f/71021563-ba05-41f2-bcc4-169e0bbacaee/dgiq5rh-ebf710e0-edb0-4a3c-900e-ae6f6a7a7c83.png/v1/fill/w_1280,h_1048,q_80,strp/chef_by_jaxaaronson_dgiq5rh-fullview.jpg?token=eyJ0eXAiOiJKV1QiLCJhbGciOiJIUzI1NiJ9.eyJzdWIiOiJ1cm46YXBwOjdlMGQxODg5ODIyNjQzNzNhNWYwZDQxNWVhMGQyNmUwIiwiaXNzIjoidXJuOmFwcDo3ZTBkMTg4OTgyMjY0MzczYTVmMGQ0MTVlYTBkMjZlMCIsIm9iaiI6W1t7ImhlaWdodCI6Ijw9MTA0OCIsInBhdGgiOiIvZi83MTAyMTU2My1iYTA1LTQxZjItYmNjNC0xNjllMGJiYWNhZWUvZGdpcTVyaC1lYmY3MTBlMC1lZGIwLTRhM2MtOTAwZS1hZTZmNmE3YTdjODMucG5nIiwid2lkdGgiOiI8PTEyODAifV1dLCJhdWQiOlsidXJuOnNlcnZpY2U6aW1hZ2Uub3BlcmF0aW9ucyJdfQ.lsbTuYTrNAagbG1G6kipSMhOMks0KPlIJNCYBLtBtDI"
"2024-06-25T11:32:04-0700","Neon","https://images-wixmp-ed30a86b8c4ca887773594c2.wixmp.com/f/71021563-ba05-41f2-bcc4-169e0bbacaee/dhnopnr-0364a23d-8676-402d-904c-41bc7953a41d.png/v1/fill/w_1280,h_960,q_80,strp/neon_by_jaxaaronson_dhnopnr-fullview.jpg?token=eyJ0eXAiOiJKV1QiLCJhbGciOiJIUzI1NiJ9.eyJzdWIiOiJ1cm46YXBwOjdlMGQxODg5ODIyNjQzNzNhNWYwZDQxNWVhMGQyNmUwIiwiaXNzIjoidXJuOmFwcDo3ZTBkMTg4OTgyMjY0MzczYTVmMGQ0MTVlYTBkMjZlMCIsIm9iaiI6W1t7ImhlaWdodCI6Ijw9OTYwIiwicGF0aCI6Ii9mLzcxMDIxNTYzLWJhMDUtNDFmMi1iY2M0LTE2OWUwYmJhY2FlZS9kaG5vcG5yLTAzNjRhMjNkLTg2NzYtNDAyZC05MDRjLTQxYmM3OTUzYTQxZC5wbmciLCJ3aWR0aCI6Ijw9MTI4MCJ9XV0sImF1ZCI6WyJ1cm46c2VydmljZTppbWFnZS5vcGVyYXRpb25zIl19._P1ZlJ58Hb-xsoPuWiTt1eFO5orhbD2CbJ3QVUyZHk4"
"2024-06-25T13:42:13-0700","Track","https://images-wixmp-ed30a86b8c4ca887773594c2.wixmp.com/f/71021563-ba05-41f2-bcc4-169e0bbacaee/dhnpj4e-b3fe3ec8-6cf2-4d34-8cb5-44cb7e60ad5a.png/v1/fill/w_1280,h_1000,q_80,strp/track_by_jaxaaronson_dhnpj4e-fullview.jpg?token=eyJ0eXAiOiJKV1QiLCJhbGciOiJIUzI1NiJ9.eyJzdWIiOiJ1cm46YXBwOjdlMGQxODg5ODIyNjQzNzNhNWYwZDQxNWVhMGQyNmUwIiwiaXNzIjoidXJuOmFwcDo3ZTBkMTg4OTgyMjY0MzczYTVmMGQ0MTVlYTBkMjZlMCIsIm9iaiI6W1t7ImhlaWdodCI6Ijw9MTAwMCIsInBhdGgiOiIvZi83MTAyMTU2My1iYTA1LTQxZjItYmNjNC0xNjllMGJiYWNhZWUvZGhucGo0ZS1iM2ZlM2VjOC02Y2YyLTRkMzQtOGNiNS00NGNiN2U2MGFkNWEucG5nIiwid2lkdGgiOiI8PTEyODAifV1dLCJhdWQiOlsidXJuOnNlcnZpY2U6aW1hZ2Uub3BlcmF0aW9ucyJdfQ.rrD3F77ZKRyHrSCiGEHQb6TdEHyGJFzu9ZTQ1XubQ1Q"
"2024-06-25T19:51:34-0700","Locker","https://images-wixmp-ed30a86b8c4ca887773594c2.wixmp.com/f/71021563-ba05-41f2-bcc4-169e0bbacaee/dhnrftr-9c2e58b6-c0e4-4f3a-ba52-d5e12b18fd4a.png/v1/fill/w_1280,h_1280,q_80,strp/locker_by_jaxaaronson_dhnrftr-fullview.jpg?token=eyJ0eXAiOiJKV1QiLCJhbGciOiJIUzI1NiJ9.eyJzdWIiOiJ1cm46YXBwOjdlMGQxODg5ODIyNjQzNzNhNWYwZDQxNWVhMGQyNmUwIiwiaXNzIjoidXJuOmFwcDo3ZTBkMTg4OTgyMjY0MzczYTVmMGQ0MTVlYTBkMjZlMCIsIm9iaiI6W1t7ImhlaWdodCI6Ijw9MTI4MCIsInBhdGgiOiIvZi83MTAyMTU2My1iYTA1LTQxZjItYmNjNC0xNjllMGJiYWNhZWUvZGhucmZ0ci05YzJlNThiNi1jMGU0LTRmM2EtYmE1Mi1kNWUxMmIxOGZkNGEucG5nIiwid2lkdGgiOiI8PTEyODAifV1dLCJhdWQiOlsidXJuOnNlcnZpY2U6aW1hZ2Uub3BlcmF0aW9ucyJdfQ.nVJIxTm23eE8C4R7e4lM5x5JCwj6xCXKaYeZLk9D1Bs"
"2024-06-26T09:55:13-0700","Bear Skin","https://images-wixmp-ed30a86b8c4ca887773594c2.wixmp.com/f/71021563-ba05-41f2-bcc4-169e0bbacaee/dhnvpju-b5fa2c15-541b-47cd-afc0-939798998d2e.png/v1/fill/w_1280,h_1280,q_80,strp/bear_skin_by_jaxaaronson_dhnvpju-fullview.jpg?token=eyJ0eXAiOiJKV1QiLCJhbGciOiJIUzI1NiJ9.eyJzdWIiOiJ1cm46YXBwOjdlMGQxODg5ODIyNjQzNzNhNWYwZDQxNWVhMGQyNmUwIiwiaXNzIjoidXJuOmFwcDo3ZTBkMTg4OTgyMjY0MzczYTVmMGQ0MTVlYTBkMjZlMCIsIm9iaiI6W1t7ImhlaWdodCI6Ijw9MTI4MCIsInBhdGgiOiIvZi83MTAyMTU2My1iYTA1LTQxZjItYmNjNC0xNjllMGJiYWNhZWUvZGhudnBqdS1iNWZhMmMxNS01NDFiLTQ3Y2QtYWZjMC05Mzk3OTg5OThkMmUucG5nIiwid2lkdGgiOiI8PTEyODAifV1dLCJhdWQiOlsidXJuOnNlcnZpY2U6aW1hZ2Uub3BlcmF0aW9ucyJdfQ.sL8s7qseospb8ioJNJyvJoTGU3krpdGrnIuEUSjnIjc"
"2024-06-26T14:19:22-0700","Sauna","https://images-wixmp-ed30a86b8c4ca887773594c2.wixmp.com/f/71021563-ba05-41f2-bcc4-169e0bbacaee/dhnxbg3-ecbff8c7-371f-463f-a0c2-7c65de349d24.png/v1/fill/w_1280,h_712,q_80,strp/sauna_by_jaxaaronson_dhnxbg3-fullview.jpg?token=eyJ0eXAiOiJKV1QiLCJhbGciOiJIUzI1NiJ9.eyJzdWIiOiJ1cm46YXBwOjdlMGQxODg5ODIyNjQzNzNhNWYwZDQxNWVhMGQyNmUwIiwiaXNzIjoidXJuOmFwcDo3ZTBkMTg4OTgyMjY0MzczYTVmMGQ0MTVlYTBkMjZlMCIsIm9iaiI6W1t7ImhlaWdodCI6Ijw9NzEyIiwicGF0aCI6Ii9mLzcxMDIxNTYzLWJhMDUtNDFmMi1iY2M0LTE2OWUwYmJhY2FlZS9kaG54YmczLWVjYmZmOGM3LTM3MWYtNDYzZi1hMGMyLTdjNjVkZTM0OWQyNC5wbmciLCJ3aWR0aCI6Ijw9MTI4MCJ9XV0sImF1ZCI6WyJ1cm46c2VydmljZTppbWFnZS5vcGVyYXRpb25zIl19.v4g-BWaZOKPFe9chkgx6x02jjQCf6rSQjyD29TYaY64"
"2024-06-26T15:02:47-0700","Hot Tub","https://images-wixmp-ed30a86b8c4ca887773594c2.wixmp.com/f/71021563-ba05-41f2-bcc4-169e0bbacaee/dhnxld6-655ab45c-b15e-4dba-ba85-f1fa2cf543b7.png/v1/fill/w_1280,h_732,q_80,strp/hot_tub_by_jaxaaronson_dhnxld6-fullview.jpg?token=eyJ0eXAiOiJKV1QiLCJhbGciOiJIUzI1NiJ9.eyJzdWIiOiJ1cm46YXBwOjdlMGQxODg5ODIyNjQzNzNhNWYwZDQxNWVhMGQyNmUwIiwiaXNzIjoidXJuOmFwcDo3ZTBkMTg4OTgyMjY0MzczYTVmMGQ0MTVlYTBkMjZlMCIsIm9iaiI6W1t7ImhlaWdodCI6Ijw9NzMyIiwicGF0aCI6Ii9mLzcxMDIxNTYzLWJhMDUtNDFmMi1iY2M0LTE2OWUwYmJhY2FlZS9kaG54bGQ2LTY1NWFiNDVjLWIxNWUtNGRiYS1iYTg1LWYxZmEyY2Y1NDNiNy5wbmciLCJ3aWR0aCI6Ijw9MTI4MCJ9XV0sImF1ZCI6WyJ1cm46c2VydmljZTppbWFnZS5vcGVyYXRpb25zIl19.6VYtZoCzMLGDFi7Qxe4JkwraHil1S9hc0daHH-r9qis"
"2024-06-26T17:28:19-0700","Volleyball","https://images-wixmp-ed30a86b8c4ca887773594c2.wixmp.com/f/71021563-ba05-41f2-bcc4-169e0bbacaee/dhnygpx-4513d758-00d0-490a-b9e1-958b9c87f98d.png/v1/fill/w_1280,h_524,q_80,strp/volleyball_by_jaxaaronson_dhnygpx-fullview.jpg?token=eyJ0eXAiOiJKV1QiLCJhbGciOiJIUzI1NiJ9.eyJzdWIiOiJ1cm46YXBwOjdlMGQxODg5ODIyNjQzNzNhNWYwZDQxNWVhMGQyNmUwIiwiaXNzIjoidXJuOmFwcDo3ZTBkMTg4OTgyMjY0MzczYTVmMGQ0MTVlYTBkMjZlMCIsIm9iaiI6W1t7ImhlaWdodCI6Ijw9NTI0IiwicGF0aCI6Ii9mLzcxMDIxNTYzLWJhMDUtNDFmMi1iY2M0LTE2OWUwYmJhY2FlZS9kaG55Z3B4LTQ1MTNkNzU4LTAwZDAtNDkwYS1iOWUxLTk1OGI5Yzg3Zjk4ZC5wbmciLCJ3aWR0aCI6Ijw9MTI4MCJ9XV0sImF1ZCI6WyJ1cm46c2VydmljZTppbWFnZS5vcGVyYXRpb25zIl19.FCzJQqDq3GEd5N1sFkg0aCSy9w_lytPQbsEdDJbPeFI"
"2024-06-26T19:30:02-0700","Yacht","https://images-wixmp-ed30a86b8c4ca887773594c2.wixmp.com/f/71021563-ba05-41f2-bcc4-169e0bbacaee/dhnyzbg-3d7c3e3e-5394-4774-8e46-53c25e294053.png/v1/fill/w_1920,h_1120,q_80,strp/yacht_by_jaxaaronson_dhnyzbg-fullview.jpg?token=eyJ0eXAiOiJKV1QiLCJhbGciOiJIUzI1NiJ9.eyJzdWIiOiJ1cm46YXBwOjdlMGQxODg5ODIyNjQzNzNhNWYwZDQxNWVhMGQyNmUwIiwiaXNzIjoidXJuOmFwcDo3ZTBkMTg4OTgyMjY0MzczYTVmMGQ0MTVlYTBkMjZlMCIsIm9iaiI6W1t7ImhlaWdodCI6Ijw9MTEyMCIsInBhdGgiOiIvZi83MTAyMTU2My1iYTA1LTQxZjItYmNjNC0xNjllMGJiYWNhZWUvZGhueXpiZy0zZDdjM2UzZS01Mzk0LTQ3NzQtOGU0Ni01M2MyNWUyOTQwNTMucG5nIiwid2lkdGgiOiI8PTE5MjAifV1dLCJhdWQiOlsidXJuOnNlcnZpY2U6aW1hZ2Uub3BlcmF0aW9ucyJdfQ._UOlr2RX7-xnylqp6ZglTGt3vEERloNxGNkHUfmfp_E"
"2024-06-26T20:07:09-0700","Rain","https://images-wixmp-ed30a86b8c4ca887773594c2.wixmp.com/f/71021563-ba05-41f2-bcc4-169e0bbacaee/dhnz5w8-10f48b4f-0a85-4ad0-a592-b36891c876e7.png/v1/fill/w_1280,h_960,q_80,strp/rain_by_jaxaaronson_dhnz5w8-fullview.jpg?token=eyJ0eXAiOiJKV1QiLCJhbGciOiJIUzI1NiJ9.eyJzdWIiOiJ1cm46YXBwOjdlMGQxODg5ODIyNjQzNzNhNWYwZDQxNWVhMGQyNmUwIiwiaXNzIjoidXJuOmFwcDo3ZTBkMTg4OTgyMjY0MzczYTVmMGQ0MTVlYTBkMjZlMCIsIm9iaiI6W1t7ImhlaWdodCI6Ijw9OTYwIiwicGF0aCI6Ii9mLzcxMDIxNTYzLWJhMDUtNDFmMi1iY2M0LTE2OWUwYmJhY2FlZS9kaG56NXc4LTEwZjQ4YjRmLTBhODUtNGFkMC1hNTkyLWIzNjg5MWM4NzZlNy5wbmciLCJ3aWR0aCI6Ijw9MTI4MCJ9XV0sImF1ZCI6WyJ1cm46c2VydmljZTppbWFnZS5vcGVyYXRpb25zIl19.3-EUOLtJaBNbELRjfXBNnQXUrEXEiQb0hwE7WcKIVew"
"2024-06-26T20:45:17-0700","Balcony","https://images-wixmp-ed30a86b8c4ca887773594c2.wixmp.com/f/71021563-ba05-41f2-bcc4-169e0bbacaee/dhnzdv3-831836bd-86b4-426c-a045-c172ecd51ad1.png/v1/fill/w_1280,h_1067,q_80,strp/balcony_by_jaxaaronson_dhnzdv3-fullview.jpg?token=eyJ0eXAiOiJKV1QiLCJhbGciOiJIUzI1NiJ9.eyJzdWIiOiJ1cm46YXBwOjdlMGQxODg5ODIyNjQzNzNhNWYwZDQxNWVhMGQyNmUwIiwiaXNzIjoidXJuOmFwcDo3ZTBkMTg4OTgyMjY0MzczYTVmMGQ0MTVlYTBkMjZlMCIsIm9iaiI6W1t7ImhlaWdodCI6Ijw9MTA2NyIsInBhdGgiOiIvZi83MTAyMTU2My1iYTA1LTQxZjItYmNjNC0xNjllMGJiYWNhZWUvZGhuemR2My04MzE4MzZiZC04NmI0LTQyNmMtYTA0NS1jMTcyZWNkNTFhZDEucG5nIiwid2lkdGgiOiI8PTEyODAifV1dLCJhdWQiOlsidXJuOnNlcnZpY2U6aW1hZ2Uub3BlcmF0aW9ucyJdfQ.bJEFH8mx7Xj3fRfGfyejtP_GjVU3Cf81jHD6YExVFi0"
"2024-06-27T07:40:01-0700","Bikers","https://images-wixmp-ed30a86b8c4ca887773594c2.wixmp.com/f/71021563-ba05-41f2-bcc4-169e0bbacaee/dho2g8p-f31bc0b2-a123-4b80-a5ed-79708222c367.png/v1/fill/w_1280,h_915,q_80,strp/bikers_by_jaxaaronson_dho2g8p-fullview.jpg?token=eyJ0eXAiOiJKV1QiLCJhbGciOiJIUzI1NiJ9.eyJzdWIiOiJ1cm46YXBwOjdlMGQxODg5ODIyNjQzNzNhNWYwZDQxNWVhMGQyNmUwIiwiaXNzIjoidXJuOmFwcDo3ZTBkMTg4OTgyMjY0MzczYTVmMGQ0MTVlYTBkMjZlMCIsIm9iaiI6W1t7ImhlaWdodCI6Ijw9OTE1IiwicGF0aCI6Ii9mLzcxMDIxNTYzLWJhMDUtNDFmMi1iY2M0LTE2OWUwYmJhY2FlZS9kaG8yZzhwLWYzMWJjMGIyLWExMjMtNGI4MC1hNWVkLTc5NzA4MjIyYzM2Ny5wbmciLCJ3aWR0aCI6Ijw9MTI4MCJ9XV0sImF1ZCI6WyJ1cm46c2VydmljZTppbWFnZS5vcGVyYXRpb25zIl19.DHQDuATMrZDq1ZyevUpovvnafkFsZqrmgVVU91_Ze7E"
"2024-06-27T08:23:52-0700","Clothes","https://images-wixmp-ed30a86b8c4ca887773594c2.wixmp.com/f/71021563-ba05-41f2-bcc4-169e0bbacaee/dho2p4y-9ce80bf0-1b00-47cb-896f-816100a2cda0.png/v1/fill/w_1280,h_800,q_80,strp/clothes_by_jaxaaronson_dho2p4y-fullview.jpg?token=eyJ0eXAiOiJKV1QiLCJhbGciOiJIUzI1NiJ9.eyJzdWIiOiJ1cm46YXBwOjdlMGQxODg5ODIyNjQzNzNhNWYwZDQxNWVhMGQyNmUwIiwiaXNzIjoidXJuOmFwcDo3ZTBkMTg4OTgyMjY0MzczYTVmMGQ0MTVlYTBkMjZlMCIsIm9iaiI6W1t7ImhlaWdodCI6Ijw9ODAwIiwicGF0aCI6Ii9mLzcxMDIxNTYzLWJhMDUtNDFmMi1iY2M0LTE2OWUwYmJhY2FlZS9kaG8ycDR5LTljZTgwYmYwLTFiMDAtNDdjYi04OTZmLTgxNjEwMGEyY2RhMC5wbmciLCJ3aWR0aCI6Ijw9MTI4MCJ9XV0sImF1ZCI6WyJ1cm46c2VydmljZTppbWFnZS5vcGVyYXRpb25zIl19.DRDDb2oxi2gVxIpKBWRID3m48qLB17up5mRYDzTOF1A"
"2024-06-27T11:12:07-0700","Stairwell","https://images-wixmp-ed30a86b8c4ca887773594c2.wixmp.com/f/71021563-ba05-41f2-bcc4-169e0bbacaee/dho3me2-ee37dd83-c652-474e-9d76-e7d39507ccfd.png/v1/fill/w_1280,h_1098,q_80,strp/stairwell_by_jaxaaronson_dho3me2-fullview.jpg?token=eyJ0eXAiOiJKV1QiLCJhbGciOiJIUzI1NiJ9.eyJzdWIiOiJ1cm46YXBwOjdlMGQxODg5ODIyNjQzNzNhNWYwZDQxNWVhMGQyNmUwIiwiaXNzIjoidXJuOmFwcDo3ZTBkMTg4OTgyMjY0MzczYTVmMGQ0MTVlYTBkMjZlMCIsIm9iaiI6W1t7ImhlaWdodCI6Ijw9MTA5OCIsInBhdGgiOiIvZi83MTAyMTU2My1iYTA1LTQxZjItYmNjNC0xNjllMGJiYWNhZWUvZGhvM21lMi1lZTM3ZGQ4My1jNjUyLTQ3NGUtOWQ3Ni1lN2QzOTUwN2NjZmQucG5nIiwid2lkdGgiOiI8PTEyODAifV1dLCJhdWQiOlsidXJuOnNlcnZpY2U6aW1hZ2Uub3BlcmF0aW9ucyJdfQ.FUSJkXaB10nuWCa8sAmW1OqoM6fZDcqBtIj8YjfdTaw"
"2024-06-27T13:56:37-0700","Cliffs","https://images-wixmp-ed30a86b8c4ca887773594c2.wixmp.com/f/71021563-ba05-41f2-bcc4-169e0bbacaee/dho4o55-cc9a6e51-b991-4daa-98a8-bca1c48aea9d.png/v1/fill/w_1280,h_1440,q_80,strp/cliffs_by_jaxaaronson_dho4o55-fullview.jpg?token=eyJ0eXAiOiJKV1QiLCJhbGciOiJIUzI1NiJ9.eyJzdWIiOiJ1cm46YXBwOjdlMGQxODg5ODIyNjQzNzNhNWYwZDQxNWVhMGQyNmUwIiwiaXNzIjoidXJuOmFwcDo3ZTBkMTg4OTgyMjY0MzczYTVmMGQ0MTVlYTBkMjZlMCIsIm9iaiI6W1t7ImhlaWdodCI6Ijw9MTQ0MCIsInBhdGgiOiIvZi83MTAyMTU2My1iYTA1LTQxZjItYmNjNC0xNjllMGJiYWNhZWUvZGhvNG81NS1jYzlhNmU1MS1iOTkxLTRkYWEtOThhOC1iY2ExYzQ4YWVhOWQucG5nIiwid2lkdGgiOiI8PTEyODAifV1dLCJhdWQiOlsidXJuOnNlcnZpY2U6aW1hZ2Uub3BlcmF0aW9ucyJdfQ.KqyKRasfCGjnSoIEJIo4IZpsgzKFraZSLjPuQ1nAhts"
"2024-06-27T20:43:08-0700","Modest","https://images-wixmp-ed30a86b8c4ca887773594c2.wixmp.com/f/71021563-ba05-41f2-bcc4-169e0bbacaee/dho6qy4-ec724779-abad-4480-aafd-cd397af612bb.png/v1/fill/w_1280,h_712,q_80,strp/modest_by_jaxaaronson_dho6qy4-fullview.jpg?token=eyJ0eXAiOiJKV1QiLCJhbGciOiJIUzI1NiJ9.eyJzdWIiOiJ1cm46YXBwOjdlMGQxODg5ODIyNjQzNzNhNWYwZDQxNWVhMGQyNmUwIiwiaXNzIjoidXJuOmFwcDo3ZTBkMTg4OTgyMjY0MzczYTVmMGQ0MTVlYTBkMjZlMCIsIm9iaiI6W1t7ImhlaWdodCI6Ijw9NzEyIiwicGF0aCI6Ii9mLzcxMDIxNTYzLWJhMDUtNDFmMi1iY2M0LTE2OWUwYmJhY2FlZS9kaG82cXk0LWVjNzI0Nzc5LWFiYWQtNDQ4MC1hYWZkLWNkMzk3YWY2MTJiYi5wbmciLCJ3aWR0aCI6Ijw9MTI4MCJ9XV0sImF1ZCI6WyJ1cm46c2VydmljZTppbWFnZS5vcGVyYXRpb25zIl19.supvhEKUupouQJGgZtYg9D7p71x9kAsPmgDWdBMYXzY"
"2024-06-28T07:01:25-0700","Yearbook","https://images-wixmp-ed30a86b8c4ca887773594c2.wixmp.com/f/71021563-ba05-41f2-bcc4-169e0bbacaee/dho9hm1-f487bfb5-4ed0-4444-83f2-59d33777f07a.png/v1/fill/w_1280,h_915,q_80,strp/yearbook_by_jaxaaronson_dho9hm1-fullview.jpg?token=eyJ0eXAiOiJKV1QiLCJhbGciOiJIUzI1NiJ9.eyJzdWIiOiJ1cm46YXBwOjdlMGQxODg5ODIyNjQzNzNhNWYwZDQxNWVhMGQyNmUwIiwiaXNzIjoidXJuOmFwcDo3ZTBkMTg4OTgyMjY0MzczYTVmMGQ0MTVlYTBkMjZlMCIsIm9iaiI6W1t7ImhlaWdodCI6Ijw9OTE1IiwicGF0aCI6Ii9mLzcxMDIxNTYzLWJhMDUtNDFmMi1iY2M0LTE2OWUwYmJhY2FlZS9kaG85aG0xLWY0ODdiZmI1LTRlZDAtNDQ0NC04M2YyLTU5ZDMzNzc3ZjA3YS5wbmciLCJ3aWR0aCI6Ijw9MTI4MCJ9XV0sImF1ZCI6WyJ1cm46c2VydmljZTppbWFnZS5vcGVyYXRpb25zIl19.1WlmlDJEgRVGGKUw_mXjQ2fz3vtcwOYBHh_Wh4gBH20"
"2024-06-28T08:10:22-0700","Sidewalkers","https://images-wixmp-ed30a86b8c4ca887773594c2.wixmp.com/f/71021563-ba05-41f2-bcc4-169e0bbacaee/dho9wp9-af239933-c279-4590-a7b6-745d4ef96cb3.png/v1/fill/w_1280,h_854,q_80,strp/sidewalkers_by_jaxaaronson_dho9wp9-fullview.jpg?token=eyJ0eXAiOiJKV1QiLCJhbGciOiJIUzI1NiJ9.eyJzdWIiOiJ1cm46YXBwOjdlMGQxODg5ODIyNjQzNzNhNWYwZDQxNWVhMGQyNmUwIiwiaXNzIjoidXJuOmFwcDo3ZTBkMTg4OTgyMjY0MzczYTVmMGQ0MTVlYTBkMjZlMCIsIm9iaiI6W1t7ImhlaWdodCI6Ijw9ODU0IiwicGF0aCI6Ii9mLzcxMDIxNTYzLWJhMDUtNDFmMi1iY2M0LTE2OWUwYmJhY2FlZS9kaG85d3A5LWFmMjM5OTMzLWMyNzktNDU5MC1hN2I2LTc0NWQ0ZWY5NmNiMy5wbmciLCJ3aWR0aCI6Ijw9MTI4MCJ9XV0sImF1ZCI6WyJ1cm46c2VydmljZTppbWFnZS5vcGVyYXRpb25zIl19.6NvKC5wOhe3MTIcdFU-600igL1moNMSuTUnKChY1D-I"
"2024-06-28T13:57:59-0700","Steamy","https://images-wixmp-ed30a86b8c4ca887773594c2.wixmp.com/f/71021563-ba05-41f2-bcc4-169e0bbacaee/dhobzmw-4d55ad0a-dda5-4676-8623-1b521d9cb842.png/v1/fill/w_1920,h_1317,q_80,strp/steamy_by_jaxaaronson_dhobzmw-fullview.jpg?token=eyJ0eXAiOiJKV1QiLCJhbGciOiJIUzI1NiJ9.eyJzdWIiOiJ1cm46YXBwOjdlMGQxODg5ODIyNjQzNzNhNWYwZDQxNWVhMGQyNmUwIiwiaXNzIjoidXJuOmFwcDo3ZTBkMTg4OTgyMjY0MzczYTVmMGQ0MTVlYTBkMjZlMCIsIm9iaiI6W1t7ImhlaWdodCI6Ijw9MTMxNyIsInBhdGgiOiIvZi83MTAyMTU2My1iYTA1LTQxZjItYmNjNC0xNjllMGJiYWNhZWUvZGhvYnptdy00ZDU1YWQwYS1kZGE1LTQ2NzYtODYyMy0xYjUyMWQ5Y2I4NDIucG5nIiwid2lkdGgiOiI8PTE5MjAifV1dLCJhdWQiOlsidXJuOnNlcnZpY2U6aW1hZ2Uub3BlcmF0aW9ucyJdfQ.Yu7B3LYpd7kvnu_atmhD61eX9VcjJOomOirBw5PwPwU"
"2024-06-28T17:43:34-0700","Work Hat","https://images-wixmp-ed30a86b8c4ca887773594c2.wixmp.com/f/71021563-ba05-41f2-bcc4-169e0bbacaee/dhod5g6-71ece86b-18f3-4bde-a60b-b45f005f6f21.png/v1/fill/w_1920,h_1715,q_80,strp/work_hat_by_jaxaaronson_dhod5g6-fullview.jpg?token=eyJ0eXAiOiJKV1QiLCJhbGciOiJIUzI1NiJ9.eyJzdWIiOiJ1cm46YXBwOjdlMGQxODg5ODIyNjQzNzNhNWYwZDQxNWVhMGQyNmUwIiwiaXNzIjoidXJuOmFwcDo3ZTBkMTg4OTgyMjY0MzczYTVmMGQ0MTVlYTBkMjZlMCIsIm9iaiI6W1t7ImhlaWdodCI6Ijw9MTcxNSIsInBhdGgiOiIvZi83MTAyMTU2My1iYTA1LTQxZjItYmNjNC0xNjllMGJiYWNhZWUvZGhvZDVnNi03MWVjZTg2Yi0xOGYzLTRiZGUtYTYwYi1iNDVmMDA1ZjZmMjEucG5nIiwid2lkdGgiOiI8PTE5MjAifV1dLCJhdWQiOlsidXJuOnNlcnZpY2U6aW1hZ2Uub3BlcmF0aW9ucyJdfQ.5ey4M0aDX4354RwR_uru_62HiXI9EQIOWw3SK53M3-A"
"2024-06-28T20:50:55-0700","Sports Bar","https://images-wixmp-ed30a86b8c4ca887773594c2.wixmp.com/f/71021563-ba05-41f2-bcc4-169e0bbacaee/dhoe0ht-c94c82cc-9035-4ca0-9aa1-e268dfef71ab.png/v1/fill/w_1920,h_1792,q_80,strp/sports_bar_by_jaxaaronson_dhoe0ht-fullview.jpg?token=eyJ0eXAiOiJKV1QiLCJhbGciOiJIUzI1NiJ9.eyJzdWIiOiJ1cm46YXBwOjdlMGQxODg5ODIyNjQzNzNhNWYwZDQxNWVhMGQyNmUwIiwiaXNzIjoidXJuOmFwcDo3ZTBkMTg4OTgyMjY0MzczYTVmMGQ0MTVlYTBkMjZlMCIsIm9iaiI6W1t7ImhlaWdodCI6Ijw9MTc5MiIsInBhdGgiOiIvZi83MTAyMTU2My1iYTA1LTQxZjItYmNjNC0xNjllMGJiYWNhZWUvZGhvZTBodC1jOTRjODJjYy05MDM1LTRjYTAtOWFhMS1lMjY4ZGZlZjcxYWIucG5nIiwid2lkdGgiOiI8PTE5MjAifV1dLCJhdWQiOlsidXJuOnNlcnZpY2U6aW1hZ2Uub3BlcmF0aW9ucyJdfQ.WfMGPkGKVhh3Vuo87OLEKWizSGImncI1H4LPi0W16WQ"
"2024-06-29T07:50:58-0700","Rubenesque","https://images-wixmp-ed30a86b8c4ca887773594c2.wixmp.com/f/71021563-ba05-41f2-bcc4-169e0bbacaee/dhoh0ee-2d01a5ba-fbe1-4907-a296-e38507231639.png/v1/fill/w_1280,h_915,q_80,strp/rubenesque_by_jaxaaronson_dhoh0ee-fullview.jpg?token=eyJ0eXAiOiJKV1QiLCJhbGciOiJIUzI1NiJ9.eyJzdWIiOiJ1cm46YXBwOjdlMGQxODg5ODIyNjQzNzNhNWYwZDQxNWVhMGQyNmUwIiwiaXNzIjoidXJuOmFwcDo3ZTBkMTg4OTgyMjY0MzczYTVmMGQ0MTVlYTBkMjZlMCIsIm9iaiI6W1t7ImhlaWdodCI6Ijw9OTE1IiwicGF0aCI6Ii9mLzcxMDIxNTYzLWJhMDUtNDFmMi1iY2M0LTE2OWUwYmJhY2FlZS9kaG9oMGVlLTJkMDFhNWJhLWZiZTEtNDkwNy1hMjk2LWUzODUwNzIzMTYzOS5wbmciLCJ3aWR0aCI6Ijw9MTI4MCJ9XV0sImF1ZCI6WyJ1cm46c2VydmljZTppbWFnZS5vcGVyYXRpb25zIl19.-CrHpMVF0q8caLKqPmUAsRjrHlOl5sU-Dghyfx1hggs"
"2024-06-29T08:24:04-0700","Ceiling","https://images-wixmp-ed30a86b8c4ca887773594c2.wixmp.com/f/71021563-ba05-41f2-bcc4-169e0bbacaee/dhoh7fj-0ed6dea5-c381-434f-ae79-a3ca0ebc8293.png/v1/fill/w_1280,h_1098,q_80,strp/ceiling_by_jaxaaronson_dhoh7fj-fullview.jpg?token=eyJ0eXAiOiJKV1QiLCJhbGciOiJIUzI1NiJ9.eyJzdWIiOiJ1cm46YXBwOjdlMGQxODg5ODIyNjQzNzNhNWYwZDQxNWVhMGQyNmUwIiwiaXNzIjoidXJuOmFwcDo3ZTBkMTg4OTgyMjY0MzczYTVmMGQ0MTVlYTBkMjZlMCIsIm9iaiI6W1t7ImhlaWdodCI6Ijw9MTA5OCIsInBhdGgiOiIvZi83MTAyMTU2My1iYTA1LTQxZjItYmNjNC0xNjllMGJiYWNhZWUvZGhvaDdmai0wZWQ2ZGVhNS1jMzgxLTQzNGYtYWU3OS1hM2NhMGViYzgyOTMucG5nIiwid2lkdGgiOiI8PTEyODAifV1dLCJhdWQiOlsidXJuOnNlcnZpY2U6aW1hZ2Uub3BlcmF0aW9ucyJdfQ.0-G-zXDP-ABYtvtzQj-t_v1ZEAJdWFj5POjWOTcTd84"
"2024-06-29T11:41:14-0700","Lilac","https://images-wixmp-ed30a86b8c4ca887773594c2.wixmp.com/f/71021563-ba05-41f2-bcc4-169e0bbacaee/dhoihdr-687c7bf2-7abf-40e0-9ceb-9d138eb754bb.png/v1/fill/w_1280,h_1024,q_80,strp/lilac_by_jaxaaronson_dhoihdr-fullview.jpg?token=eyJ0eXAiOiJKV1QiLCJhbGciOiJIUzI1NiJ9.eyJzdWIiOiJ1cm46YXBwOjdlMGQxODg5ODIyNjQzNzNhNWYwZDQxNWVhMGQyNmUwIiwiaXNzIjoidXJuOmFwcDo3ZTBkMTg4OTgyMjY0MzczYTVmMGQ0MTVlYTBkMjZlMCIsIm9iaiI6W1t7ImhlaWdodCI6Ijw9MTAyNCIsInBhdGgiOiIvZi83MTAyMTU2My1iYTA1LTQxZjItYmNjNC0xNjllMGJiYWNhZWUvZGhvaWhkci02ODdjN2JmMi03YWJmLTQwZTAtOWNlYi05ZDEzOGViNzU0YmIucG5nIiwid2lkdGgiOiI8PTEyODAifV1dLCJhdWQiOlsidXJuOnNlcnZpY2U6aW1hZ2Uub3BlcmF0aW9ucyJdfQ.79bNFPMW2SkmHof-YPwQPo6UO3Lk2RoR2WqZ9iLLDs0"
"2024-06-29T14:31:33-0700","Surf","https://images-wixmp-ed30a86b8c4ca887773594c2.wixmp.com/f/71021563-ba05-41f2-bcc4-169e0bbacaee/dhojkwn-b1c43cc3-6fb1-48c6-b284-7e60c061d86b.png/v1/fill/w_1280,h_1067,q_80,strp/surf_by_jaxaaronson_dhojkwn-fullview.jpg?token=eyJ0eXAiOiJKV1QiLCJhbGciOiJIUzI1NiJ9.eyJzdWIiOiJ1cm46YXBwOjdlMGQxODg5ODIyNjQzNzNhNWYwZDQxNWVhMGQyNmUwIiwiaXNzIjoidXJuOmFwcDo3ZTBkMTg4OTgyMjY0MzczYTVmMGQ0MTVlYTBkMjZlMCIsIm9iaiI6W1t7ImhlaWdodCI6Ijw9MTA2NyIsInBhdGgiOiIvZi83MTAyMTU2My1iYTA1LTQxZjItYmNjNC0xNjllMGJiYWNhZWUvZGhvamt3bi1iMWM0M2NjMy02ZmIxLTQ4YzYtYjI4NC03ZTYwYzA2MWQ4NmIucG5nIiwid2lkdGgiOiI8PTEyODAifV1dLCJhdWQiOlsidXJuOnNlcnZpY2U6aW1hZ2Uub3BlcmF0aW9ucyJdfQ.SUSbHLBXigcr23-PNOy2CCCpiCcwPNLBXZlO8c_PCpU"
"2024-06-29T15:48:42-0700","News","https://images-wixmp-ed30a86b8c4ca887773594c2.wixmp.com/f/71021563-ba05-41f2-bcc4-169e0bbacaee/dhok20u-f2ea65d0-58a6-4001-ab77-7d7d666bae77.png/v1/fill/w_1280,h_1334,q_80,strp/news_by_jaxaaronson_dhok20u-fullview.jpg?token=eyJ0eXAiOiJKV1QiLCJhbGciOiJIUzI1NiJ9.eyJzdWIiOiJ1cm46YXBwOjdlMGQxODg5ODIyNjQzNzNhNWYwZDQxNWVhMGQyNmUwIiwiaXNzIjoidXJuOmFwcDo3ZTBkMTg4OTgyMjY0MzczYTVmMGQ0MTVlYTBkMjZlMCIsIm9iaiI6W1t7ImhlaWdodCI6Ijw9MTMzNCIsInBhdGgiOiIvZi83MTAyMTU2My1iYTA1LTQxZjItYmNjNC0xNjllMGJiYWNhZWUvZGhvazIwdS1mMmVhNjVkMC01OGE2LTQwMDEtYWI3Ny03ZDdkNjY2YmFlNzcucG5nIiwid2lkdGgiOiI8PTEyODAifV1dLCJhdWQiOlsidXJuOnNlcnZpY2U6aW1hZ2Uub3BlcmF0aW9ucyJdfQ.iER8MM0RfS51p1xtvp-ao9Yep-bTAsAZCMvaw1gB4bQ"
"2024-06-30T11:17:13-0700","Bombshell","https://images-wixmp-ed30a86b8c4ca887773594c2.wixmp.com/f/71021563-ba05-41f2-bcc4-169e0bbacaee/dhoqp8m-04e5a273-9588-46d5-b354-f611bf9cb5d8.png/v1/fill/w_1280,h_1600,q_80,strp/bombshell_by_jaxaaronson_dhoqp8m-fullview.jpg?token=eyJ0eXAiOiJKV1QiLCJhbGciOiJIUzI1NiJ9.eyJzdWIiOiJ1cm46YXBwOjdlMGQxODg5ODIyNjQzNzNhNWYwZDQxNWVhMGQyNmUwIiwiaXNzIjoidXJuOmFwcDo3ZTBkMTg4OTgyMjY0MzczYTVmMGQ0MTVlYTBkMjZlMCIsIm9iaiI6W1t7ImhlaWdodCI6Ijw9MTYwMCIsInBhdGgiOiIvZi83MTAyMTU2My1iYTA1LTQxZjItYmNjNC0xNjllMGJiYWNhZWUvZGhvcXA4bS0wNGU1YTI3My05NTg4LTQ2ZDUtYjM1NC1mNjExYmY5Y2I1ZDgucG5nIiwid2lkdGgiOiI8PTEyODAifV1dLCJhdWQiOlsidXJuOnNlcnZpY2U6aW1hZ2Uub3BlcmF0aW9ucyJdfQ.TFgJL79Vt-pd5Pxnvyvvsc3bzHyT4N5BTS5FBj3ZflM"
"2024-06-30T12:17:35-0700","Dorm","https://images-wixmp-ed30a86b8c4ca887773594c2.wixmp.com/f/71021563-ba05-41f2-bcc4-169e0bbacaee/dhor49q-bb8d6cf7-551d-4013-87ba-f2bf648c54f5.png/v1/fill/w_1280,h_720,q_80,strp/dorm_by_jaxaaronson_dhor49q-fullview.jpg?token=eyJ0eXAiOiJKV1QiLCJhbGciOiJIUzI1NiJ9.eyJzdWIiOiJ1cm46YXBwOjdlMGQxODg5ODIyNjQzNzNhNWYwZDQxNWVhMGQyNmUwIiwiaXNzIjoidXJuOmFwcDo3ZTBkMTg4OTgyMjY0MzczYTVmMGQ0MTVlYTBkMjZlMCIsIm9iaiI6W1t7ImhlaWdodCI6Ijw9NzIwIiwicGF0aCI6Ii9mLzcxMDIxNTYzLWJhMDUtNDFmMi1iY2M0LTE2OWUwYmJhY2FlZS9kaG9yNDlxLWJiOGQ2Y2Y3LTU1MWQtNDAxMy04N2JhLWYyYmY2NDhjNTRmNS5wbmciLCJ3aWR0aCI6Ijw9MTI4MCJ9XV0sImF1ZCI6WyJ1cm46c2VydmljZTppbWFnZS5vcGVyYXRpb25zIl19.QSMaRwM9fRXuiiqYg4uI2XPi2BDiaG6xAhBexPo8AHk"
"2024-06-30T17:36:26-0700","Bath","https://images-wixmp-ed30a86b8c4ca887773594c2.wixmp.com/f/71021563-ba05-41f2-bcc4-169e0bbacaee/dhotdd6-32096cf7-458a-453d-a08b-fe86e66dd8b8.png/v1/fill/w_1280,h_569,q_80,strp/bath_by_jaxaaronson_dhotdd6-fullview.jpg?token=eyJ0eXAiOiJKV1QiLCJhbGciOiJIUzI1NiJ9.eyJzdWIiOiJ1cm46YXBwOjdlMGQxODg5ODIyNjQzNzNhNWYwZDQxNWVhMGQyNmUwIiwiaXNzIjoidXJuOmFwcDo3ZTBkMTg4OTgyMjY0MzczYTVmMGQ0MTVlYTBkMjZlMCIsIm9iaiI6W1t7ImhlaWdodCI6Ijw9NTY5IiwicGF0aCI6Ii9mLzcxMDIxNTYzLWJhMDUtNDFmMi1iY2M0LTE2OWUwYmJhY2FlZS9kaG90ZGQ2LTMyMDk2Y2Y3LTQ1OGEtNDUzZC1hMDhiLWZlODZlNjZkZDhiOC5wbmciLCJ3aWR0aCI6Ijw9MTI4MCJ9XV0sImF1ZCI6WyJ1cm46c2VydmljZTppbWFnZS5vcGVyYXRpb25zIl19.qQfyVAN4RCQ4PmeY1zFCfoHmq-MaDgXb94hLFSEl2ss"
"2024-06-30T20:39:36-0700","Tent","https://images-wixmp-ed30a86b8c4ca887773594c2.wixmp.com/f/71021563-ba05-41f2-bcc4-169e0bbacaee/dhoufxq-9a72f85f-5aa2-4eab-a942-befb9c67a992.png/v1/fill/w_1280,h_1280,q_80,strp/tent_by_jaxaaronson_dhoufxq-fullview.jpg?token=eyJ0eXAiOiJKV1QiLCJhbGciOiJIUzI1NiJ9.eyJzdWIiOiJ1cm46YXBwOjdlMGQxODg5ODIyNjQzNzNhNWYwZDQxNWVhMGQyNmUwIiwiaXNzIjoidXJuOmFwcDo3ZTBkMTg4OTgyMjY0MzczYTVmMGQ0MTVlYTBkMjZlMCIsIm9iaiI6W1t7ImhlaWdodCI6Ijw9MTI4MCIsInBhdGgiOiIvZi83MTAyMTU2My1iYTA1LTQxZjItYmNjNC0xNjllMGJiYWNhZWUvZGhvdWZ4cS05YTcyZjg1Zi01YWEyLTRlYWItYTk0Mi1iZWZiOWM2N2E5OTIucG5nIiwid2lkdGgiOiI8PTEyODAifV1dLCJhdWQiOlsidXJuOnNlcnZpY2U6aW1hZ2Uub3BlcmF0aW9ucyJdfQ.lX5cIqPfGkZvoip3m9wzaUHXItzTjp0bQnIvNTCEhNM"
"2024-07-01T08:25:03-0700","Plane","https://images-wixmp-ed30a86b8c4ca887773594c2.wixmp.com/f/71021563-ba05-41f2-bcc4-169e0bbacaee/dhoylds-7b6c49d9-adce-4c67-8834-3bdcbf3e8dac.png/v1/fill/w_1280,h_1707,q_80,strp/plane_by_jaxaaronson_dhoylds-fullview.jpg?token=eyJ0eXAiOiJKV1QiLCJhbGciOiJIUzI1NiJ9.eyJzdWIiOiJ1cm46YXBwOjdlMGQxODg5ODIyNjQzNzNhNWYwZDQxNWVhMGQyNmUwIiwiaXNzIjoidXJuOmFwcDo3ZTBkMTg4OTgyMjY0MzczYTVmMGQ0MTVlYTBkMjZlMCIsIm9iaiI6W1t7ImhlaWdodCI6Ijw9MTcwNyIsInBhdGgiOiIvZi83MTAyMTU2My1iYTA1LTQxZjItYmNjNC0xNjllMGJiYWNhZWUvZGhveWxkcy03YjZjNDlkOS1hZGNlLTRjNjctODgzNC0zYmRjYmYzZThkYWMucG5nIiwid2lkdGgiOiI8PTEyODAifV1dLCJhdWQiOlsidXJuOnNlcnZpY2U6aW1hZ2Uub3BlcmF0aW9ucyJdfQ.JVeNokZliBHmxotDAilZ6jHufvCwEyhGxItGVA5jp34"
"2024-07-01T09:04:50-0700","Penitentiary","https://images-wixmp-ed30a86b8c4ca887773594c2.wixmp.com/f/71021563-ba05-41f2-bcc4-169e0bbacaee/dhoywzz-94231d50-4849-4d0a-8fcf-45166dc0b696.png/v1/fill/w_1920,h_1680,q_80,strp/penitentiary_by_jaxaaronson_dhoywzz-fullview.jpg?token=eyJ0eXAiOiJKV1QiLCJhbGciOiJIUzI1NiJ9.eyJzdWIiOiJ1cm46YXBwOjdlMGQxODg5ODIyNjQzNzNhNWYwZDQxNWVhMGQyNmUwIiwiaXNzIjoidXJuOmFwcDo3ZTBkMTg4OTgyMjY0MzczYTVmMGQ0MTVlYTBkMjZlMCIsIm9iaiI6W1t7ImhlaWdodCI6Ijw9MTY4MCIsInBhdGgiOiIvZi83MTAyMTU2My1iYTA1LTQxZjItYmNjNC0xNjllMGJiYWNhZWUvZGhveXd6ei05NDIzMWQ1MC00ODQ5LTRkMGEtOGZjZi00NTE2NmRjMGI2OTYucG5nIiwid2lkdGgiOiI8PTE5MjAifV1dLCJhdWQiOlsidXJuOnNlcnZpY2U6aW1hZ2Uub3BlcmF0aW9ucyJdfQ.DSZtyuIE4kHsI_kZmVQhYRN_HR4I7tXEO72kIChcWMk"
"2024-07-01T11:45:34-0700","Campus","https://images-wixmp-ed30a86b8c4ca887773594c2.wixmp.com/f/71021563-ba05-41f2-bcc4-169e0bbacaee/dhp05tp-88820da6-4a4d-4e24-8bf0-0f0d879dfb88.png/v1/fill/w_1280,h_732,q_80,strp/campus_by_jaxaaronson_dhp05tp-fullview.jpg?token=eyJ0eXAiOiJKV1QiLCJhbGciOiJIUzI1NiJ9.eyJzdWIiOiJ1cm46YXBwOjdlMGQxODg5ODIyNjQzNzNhNWYwZDQxNWVhMGQyNmUwIiwiaXNzIjoidXJuOmFwcDo3ZTBkMTg4OTgyMjY0MzczYTVmMGQ0MTVlYTBkMjZlMCIsIm9iaiI6W1t7ImhlaWdodCI6Ijw9NzMyIiwicGF0aCI6Ii9mLzcxMDIxNTYzLWJhMDUtNDFmMi1iY2M0LTE2OWUwYmJhY2FlZS9kaHAwNXRwLTg4ODIwZGE2LTRhNGQtNGUyNC04YmYwLTBmMGQ4NzlkZmI4OC5wbmciLCJ3aWR0aCI6Ijw9MTI4MCJ9XV0sImF1ZCI6WyJ1cm46c2VydmljZTppbWFnZS5vcGVyYXRpb25zIl19.-egI_WBxotE0GPJAA2ZW8hiqmqqUQEEQj5uf1-76_bg"
"2024-07-01T12:23:14-0700","Chalkboard","https://images-wixmp-ed30a86b8c4ca887773594c2.wixmp.com/f/71021563-ba05-41f2-bcc4-169e0bbacaee/dhp0gvj-4163182b-4df4-49f4-986b-19b101f6b8e2.png/v1/fill/w_1280,h_640,q_80,strp/chalkboard_by_jaxaaronson_dhp0gvj-fullview.jpg?token=eyJ0eXAiOiJKV1QiLCJhbGciOiJIUzI1NiJ9.eyJzdWIiOiJ1cm46YXBwOjdlMGQxODg5ODIyNjQzNzNhNWYwZDQxNWVhMGQyNmUwIiwiaXNzIjoidXJuOmFwcDo3ZTBkMTg4OTgyMjY0MzczYTVmMGQ0MTVlYTBkMjZlMCIsIm9iaiI6W1t7ImhlaWdodCI6Ijw9NjQwIiwicGF0aCI6Ii9mLzcxMDIxNTYzLWJhMDUtNDFmMi1iY2M0LTE2OWUwYmJhY2FlZS9kaHAwZ3ZqLTQxNjMxODJiLTRkZjQtNDlmNC05ODZiLTE5YjEwMWY2YjhlMi5wbmciLCJ3aWR0aCI6Ijw9MTI4MCJ9XV0sImF1ZCI6WyJ1cm46c2VydmljZTppbWFnZS5vcGVyYXRpb25zIl19.aPdP1zA1tNljxIuhVbTYeDYdgFWuMJU2pD3wIqPBcMs"
"2024-07-04T09:43:30-0700","Runway","https://images-wixmp-ed30a86b8c4ca887773594c2.wixmp.com/f/71021563-ba05-41f2-bcc4-169e0bbacaee/dhppi68-59b1df1e-1d76-43df-8510-65557f281b54.png/v1/fill/w_1920,h_873,q_80,strp/runway_by_jaxaaronson_dhppi68-fullview.jpg?token=eyJ0eXAiOiJKV1QiLCJhbGciOiJIUzI1NiJ9.eyJzdWIiOiJ1cm46YXBwOjdlMGQxODg5ODIyNjQzNzNhNWYwZDQxNWVhMGQyNmUwIiwiaXNzIjoidXJuOmFwcDo3ZTBkMTg4OTgyMjY0MzczYTVmMGQ0MTVlYTBkMjZlMCIsIm9iaiI6W1t7ImhlaWdodCI6Ijw9ODczIiwicGF0aCI6Ii9mLzcxMDIxNTYzLWJhMDUtNDFmMi1iY2M0LTE2OWUwYmJhY2FlZS9kaHBwaTY4LTU5YjFkZjFlLTFkNzYtNDNkZi04NTEwLTY1NTU3ZjI4MWI1NC5wbmciLCJ3aWR0aCI6Ijw9MTkyMCJ9XV0sImF1ZCI6WyJ1cm46c2VydmljZTppbWFnZS5vcGVyYXRpb25zIl19.i5waUI8HWfCWYJM5NCrOlGBZqLxOwsW6O-tydxrVnaE"
"2024-07-04T10:26:04-0700","Postage","https://images-wixmp-ed30a86b8c4ca887773594c2.wixmp.com/f/71021563-ba05-41f2-bcc4-169e0bbacaee/dhppsua-96042c86-660d-4e79-b0cc-8374a595e186.png/v1/fill/w_1920,h_1200,q_80,strp/postage_by_jaxaaronson_dhppsua-fullview.jpg?token=eyJ0eXAiOiJKV1QiLCJhbGciOiJIUzI1NiJ9.eyJzdWIiOiJ1cm46YXBwOjdlMGQxODg5ODIyNjQzNzNhNWYwZDQxNWVhMGQyNmUwIiwiaXNzIjoidXJuOmFwcDo3ZTBkMTg4OTgyMjY0MzczYTVmMGQ0MTVlYTBkMjZlMCIsIm9iaiI6W1t7ImhlaWdodCI6Ijw9MTIwMCIsInBhdGgiOiIvZi83MTAyMTU2My1iYTA1LTQxZjItYmNjNC0xNjllMGJiYWNhZWUvZGhwcHN1YS05NjA0MmM4Ni02NjBkLTRlNzktYjBjYy04Mzc0YTU5NWUxODYucG5nIiwid2lkdGgiOiI8PTE5MjAifV1dLCJhdWQiOlsidXJuOnNlcnZpY2U6aW1hZ2Uub3BlcmF0aW9ucyJdfQ.ioIoYO2kCsRcpAX_9FXS30LEnKng8dsvpsAGQtODYQA"
"2024-07-05T12:03:21-0700","Fog","https://images-wixmp-ed30a86b8c4ca887773594c2.wixmp.com/f/71021563-ba05-41f2-bcc4-169e0bbacaee/dhpynpc-2e767748-2302-479b-a39c-f5952ca76eb8.png/v1/fill/w_1920,h_960,q_80,strp/fog_by_jaxaaronson_dhpynpc-fullview.jpg?token=eyJ0eXAiOiJKV1QiLCJhbGciOiJIUzI1NiJ9.eyJzdWIiOiJ1cm46YXBwOjdlMGQxODg5ODIyNjQzNzNhNWYwZDQxNWVhMGQyNmUwIiwiaXNzIjoidXJuOmFwcDo3ZTBkMTg4OTgyMjY0MzczYTVmMGQ0MTVlYTBkMjZlMCIsIm9iaiI6W1t7ImhlaWdodCI6Ijw9OTYwIiwicGF0aCI6Ii9mLzcxMDIxNTYzLWJhMDUtNDFmMi1iY2M0LTE2OWUwYmJhY2FlZS9kaHB5bnBjLTJlNzY3NzQ4LTIzMDItNDc5Yi1hMzljLWY1OTUyY2E3NmViOC5wbmciLCJ3aWR0aCI6Ijw9MTkyMCJ9XV0sImF1ZCI6WyJ1cm46c2VydmljZTppbWFnZS5vcGVyYXRpb25zIl19.4QmDUkn_PIH11iasPxU8rhUAKSG3yFboORgUJQYVL8M"
"2024-07-05T13:31:51-0700","Forest","https://images-wixmp-ed30a86b8c4ca887773594c2.wixmp.com/f/71021563-ba05-41f2-bcc4-169e0bbacaee/dhpzawr-44d13516-89f5-490f-82ff-3889a2306853.png/v1/fill/w_1920,h_720,q_80,strp/forest_by_jaxaaronson_dhpzawr-fullview.jpg?token=eyJ0eXAiOiJKV1QiLCJhbGciOiJIUzI1NiJ9.eyJzdWIiOiJ1cm46YXBwOjdlMGQxODg5ODIyNjQzNzNhNWYwZDQxNWVhMGQyNmUwIiwiaXNzIjoidXJuOmFwcDo3ZTBkMTg4OTgyMjY0MzczYTVmMGQ0MTVlYTBkMjZlMCIsIm9iaiI6W1t7ImhlaWdodCI6Ijw9NzIwIiwicGF0aCI6Ii9mLzcxMDIxNTYzLWJhMDUtNDFmMi1iY2M0LTE2OWUwYmJhY2FlZS9kaHB6YXdyLTQ0ZDEzNTE2LTg5ZjUtNDkwZi04MmZmLTM4ODlhMjMwNjg1My5wbmciLCJ3aWR0aCI6Ijw9MTkyMCJ9XV0sImF1ZCI6WyJ1cm46c2VydmljZTppbWFnZS5vcGVyYXRpb25zIl19.WR2aY2SPw-7ASRebrW9SMs2EYVRXmzK60qUbxu3wQbA"
"2024-07-05T14:33:48-0700","Phone Booth","https://images-wixmp-ed30a86b8c4ca887773594c2.wixmp.com/f/71021563-ba05-41f2-bcc4-169e0bbacaee/dhpzq7i-ebfd7dd1-57ef-4495-878b-643b3d041474.png/v1/fill/w_1920,h_1200,q_80,strp/phone_booth_by_jaxaaronson_dhpzq7i-fullview.jpg?token=eyJ0eXAiOiJKV1QiLCJhbGciOiJIUzI1NiJ9.eyJzdWIiOiJ1cm46YXBwOjdlMGQxODg5ODIyNjQzNzNhNWYwZDQxNWVhMGQyNmUwIiwiaXNzIjoidXJuOmFwcDo3ZTBkMTg4OTgyMjY0MzczYTVmMGQ0MTVlYTBkMjZlMCIsIm9iaiI6W1t7ImhlaWdodCI6Ijw9MTIwMCIsInBhdGgiOiIvZi83MTAyMTU2My1iYTA1LTQxZjItYmNjNC0xNjllMGJiYWNhZWUvZGhwenE3aS1lYmZkN2RkMS01N2VmLTQ0OTUtODc4Yi02NDNiM2QwNDE0NzQucG5nIiwid2lkdGgiOiI8PTE5MjAifV1dLCJhdWQiOlsidXJuOnNlcnZpY2U6aW1hZ2Uub3BlcmF0aW9ucyJdfQ.x8cXMpOL_6-ytr5OkfU_NnbQ6VyZVy9yzQ5KUibyx2Y"
"2024-07-05T15:12:13-0700","Gold","https://images-wixmp-ed30a86b8c4ca887773594c2.wixmp.com/f/71021563-ba05-41f2-bcc4-169e0bbacaee/dhpzzk8-12781f3b-85cc-4fc4-82ba-9277996046fc.png/v1/fill/w_1920,h_1600,q_80,strp/gold_by_jaxaaronson_dhpzzk8-fullview.jpg?token=eyJ0eXAiOiJKV1QiLCJhbGciOiJIUzI1NiJ9.eyJzdWIiOiJ1cm46YXBwOjdlMGQxODg5ODIyNjQzNzNhNWYwZDQxNWVhMGQyNmUwIiwiaXNzIjoidXJuOmFwcDo3ZTBkMTg4OTgyMjY0MzczYTVmMGQ0MTVlYTBkMjZlMCIsIm9iaiI6W1t7ImhlaWdodCI6Ijw9MTYwMCIsInBhdGgiOiIvZi83MTAyMTU2My1iYTA1LTQxZjItYmNjNC0xNjllMGJiYWNhZWUvZGhwenprOC0xMjc4MWYzYi04NWNjLTRmYzQtODJiYS05Mjc3OTk2MDQ2ZmMucG5nIiwid2lkdGgiOiI8PTE5MjAifV1dLCJhdWQiOlsidXJuOnNlcnZpY2U6aW1hZ2Uub3BlcmF0aW9ucyJdfQ.6h8pdWT_f1M8Ibd_GRRsJSfG9T8Vabm5KkaBQjvT3yw"
"2024-07-05T17:00:53-0700","Ballet","https://images-wixmp-ed30a86b8c4ca887773594c2.wixmp.com/f/71021563-ba05-41f2-bcc4-169e0bbacaee/dhq0mf0-34b2621f-d87d-4f2c-8188-66574d5768b8.png/v1/fill/w_1920,h_1048,q_80,strp/ballet_by_jaxaaronson_dhq0mf0-fullview.jpg?token=eyJ0eXAiOiJKV1QiLCJhbGciOiJIUzI1NiJ9.eyJzdWIiOiJ1cm46YXBwOjdlMGQxODg5ODIyNjQzNzNhNWYwZDQxNWVhMGQyNmUwIiwiaXNzIjoidXJuOmFwcDo3ZTBkMTg4OTgyMjY0MzczYTVmMGQ0MTVlYTBkMjZlMCIsIm9iaiI6W1t7ImhlaWdodCI6Ijw9MTA0OCIsInBhdGgiOiIvZi83MTAyMTU2My1iYTA1LTQxZjItYmNjNC0xNjllMGJiYWNhZWUvZGhxMG1mMC0zNGIyNjIxZi1kODdkLTRmMmMtODE4OC02NjU3NGQ1NzY4YjgucG5nIiwid2lkdGgiOiI8PTE5MjAifV1dLCJhdWQiOlsidXJuOnNlcnZpY2U6aW1hZ2Uub3BlcmF0aW9ucyJdfQ.AdTqQ5BafyWhG6Oo0fmKTnxjKJR7Zb5mIPMXAS3NxEM"
"2024-07-05T18:26:46-0700","Pool Table","https://images-wixmp-ed30a86b8c4ca887773594c2.wixmp.com/f/71021563-ba05-41f2-bcc4-169e0bbacaee/dhq12hw-675f060c-dd56-465f-8edb-205ae7d04119.png/v1/fill/w_1920,h_1280,q_80,strp/pool_table_by_jaxaaronson_dhq12hw-fullview.jpg?token=eyJ0eXAiOiJKV1QiLCJhbGciOiJIUzI1NiJ9.eyJzdWIiOiJ1cm46YXBwOjdlMGQxODg5ODIyNjQzNzNhNWYwZDQxNWVhMGQyNmUwIiwiaXNzIjoidXJuOmFwcDo3ZTBkMTg4OTgyMjY0MzczYTVmMGQ0MTVlYTBkMjZlMCIsIm9iaiI6W1t7ImhlaWdodCI6Ijw9MTI4MCIsInBhdGgiOiIvZi83MTAyMTU2My1iYTA1LTQxZjItYmNjNC0xNjllMGJiYWNhZWUvZGhxMTJody02NzVmMDYwYy1kZDU2LTQ2NWYtOGVkYi0yMDVhZTdkMDQxMTkucG5nIiwid2lkdGgiOiI8PTE5MjAifV1dLCJhdWQiOlsidXJuOnNlcnZpY2U6aW1hZ2Uub3BlcmF0aW9ucyJdfQ.yYdgr4siCaMCIEGw-5lWhiK6FusSwM_jsby1dO_7mSM"
"2024-07-05T19:16:48-0700","Scrapbook","https://images-wixmp-ed30a86b8c4ca887773594c2.wixmp.com/f/71021563-ba05-41f2-bcc4-169e0bbacaee/dhq1buz-ca887893-4810-4f6d-bca1-726ffb740151.png/v1/fill/w_1920,h_1000,q_80,strp/scrapbook_by_jaxaaronson_dhq1buz-fullview.jpg?token=eyJ0eXAiOiJKV1QiLCJhbGciOiJIUzI1NiJ9.eyJzdWIiOiJ1cm46YXBwOjdlMGQxODg5ODIyNjQzNzNhNWYwZDQxNWVhMGQyNmUwIiwiaXNzIjoidXJuOmFwcDo3ZTBkMTg4OTgyMjY0MzczYTVmMGQ0MTVlYTBkMjZlMCIsIm9iaiI6W1t7ImhlaWdodCI6Ijw9MTAwMCIsInBhdGgiOiIvZi83MTAyMTU2My1iYTA1LTQxZjItYmNjNC0xNjllMGJiYWNhZWUvZGhxMWJ1ei1jYTg4Nzg5My00ODEwLTRmNmQtYmNhMS03MjZmZmI3NDAxNTEucG5nIiwid2lkdGgiOiI8PTE5MjAifV1dLCJhdWQiOlsidXJuOnNlcnZpY2U6aW1hZ2Uub3BlcmF0aW9ucyJdfQ.mCEtMjog3HiSCqzWH-RAqRYp-gFgKTJpGcKF5c3nrcE"
"2024-07-05T21:08:06-0700","Mardi Gras","https://images-wixmp-ed30a86b8c4ca887773594c2.wixmp.com/f/71021563-ba05-41f2-bcc4-169e0bbacaee/dhq1vog-ff542458-be4e-4de8-9542-eee4e4e13653.png/v1/fill/w_1920,h_960,q_80,strp/mardi_gras_by_jaxaaronson_dhq1vog-fullview.jpg?token=eyJ0eXAiOiJKV1QiLCJhbGciOiJIUzI1NiJ9.eyJzdWIiOiJ1cm46YXBwOjdlMGQxODg5ODIyNjQzNzNhNWYwZDQxNWVhMGQyNmUwIiwiaXNzIjoidXJuOmFwcDo3ZTBkMTg4OTgyMjY0MzczYTVmMGQ0MTVlYTBkMjZlMCIsIm9iaiI6W1t7ImhlaWdodCI6Ijw9OTYwIiwicGF0aCI6Ii9mLzcxMDIxNTYzLWJhMDUtNDFmMi1iY2M0LTE2OWUwYmJhY2FlZS9kaHExdm9nLWZmNTQyNDU4LWJlNGUtNGRlOC05NTQyLWVlZTRlNGUxMzY1My5wbmciLCJ3aWR0aCI6Ijw9MTkyMCJ9XV0sImF1ZCI6WyJ1cm46c2VydmljZTppbWFnZS5vcGVyYXRpb25zIl19.piQG-6XqGCp-tkzavBgzMjO3EQSrS8lXnQExk_kbfYQ"
"2024-07-05T22:39:29-0700","Hedge Maze","https://images-wixmp-ed30a86b8c4ca887773594c2.wixmp.com/f/71021563-ba05-41f2-bcc4-169e0bbacaee/dhq2c3t-3ac8a274-fb2d-48cb-95d4-fa4f67223909.png/v1/fill/w_1920,h_554,q_80,strp/hedge_maze_by_jaxaaronson_dhq2c3t-fullview.jpg?token=eyJ0eXAiOiJKV1QiLCJhbGciOiJIUzI1NiJ9.eyJzdWIiOiJ1cm46YXBwOjdlMGQxODg5ODIyNjQzNzNhNWYwZDQxNWVhMGQyNmUwIiwiaXNzIjoidXJuOmFwcDo3ZTBkMTg4OTgyMjY0MzczYTVmMGQ0MTVlYTBkMjZlMCIsIm9iaiI6W1t7ImhlaWdodCI6Ijw9NTU0IiwicGF0aCI6Ii9mLzcxMDIxNTYzLWJhMDUtNDFmMi1iY2M0LTE2OWUwYmJhY2FlZS9kaHEyYzN0LTNhYzhhMjc0LWZiMmQtNDhjYi05NWQ0LWZhNGY2NzIyMzkwOS5wbmciLCJ3aWR0aCI6Ijw9MTkyMCJ9XV0sImF1ZCI6WyJ1cm46c2VydmljZTppbWFnZS5vcGVyYXRpb25zIl19.VxPP0VgZzRQQdfmq5i3jSWdUhEHivG4WFPI5GJwSNI8"
"2024-07-05T23:23:29-0700","Bowling","https://images-wixmp-ed30a86b8c4ca887773594c2.wixmp.com/f/71021563-ba05-41f2-bcc4-169e0bbacaee/dhq2jiu-b10f7640-dd9c-4122-af65-39168cf3aebf.png/v1/fill/w_1280,h_712,q_80,strp/bowling_by_jaxaaronson_dhq2jiu-fullview.jpg?token=eyJ0eXAiOiJKV1QiLCJhbGciOiJIUzI1NiJ9.eyJzdWIiOiJ1cm46YXBwOjdlMGQxODg5ODIyNjQzNzNhNWYwZDQxNWVhMGQyNmUwIiwiaXNzIjoidXJuOmFwcDo3ZTBkMTg4OTgyMjY0MzczYTVmMGQ0MTVlYTBkMjZlMCIsIm9iaiI6W1t7ImhlaWdodCI6Ijw9NzEyIiwicGF0aCI6Ii9mLzcxMDIxNTYzLWJhMDUtNDFmMi1iY2M0LTE2OWUwYmJhY2FlZS9kaHEyaml1LWIxMGY3NjQwLWRkOWMtNDEyMi1hZjY1LTM5MTY4Y2YzYWViZi5wbmciLCJ3aWR0aCI6Ijw9MTI4MCJ9XV0sImF1ZCI6WyJ1cm46c2VydmljZTppbWFnZS5vcGVyYXRpb25zIl19.hd632KdpTOdwGCQWE8_DGfD_u9o3JdhP4qrNKFrCmvI"
"2024-07-06T08:37:44-0700","Sketch","https://images-wixmp-ed30a86b8c4ca887773594c2.wixmp.com/f/71021563-ba05-41f2-bcc4-169e0bbacaee/dhq5apv-4ac36de4-cfff-4442-8898-517be1c07c52.png/v1/fill/w_1920,h_1280,q_80,strp/sketch_by_jaxaaronson_dhq5apv-fullview.jpg?token=eyJ0eXAiOiJKV1QiLCJhbGciOiJIUzI1NiJ9.eyJzdWIiOiJ1cm46YXBwOjdlMGQxODg5ODIyNjQzNzNhNWYwZDQxNWVhMGQyNmUwIiwiaXNzIjoidXJuOmFwcDo3ZTBkMTg4OTgyMjY0MzczYTVmMGQ0MTVlYTBkMjZlMCIsIm9iaiI6W1t7ImhlaWdodCI6Ijw9MTI4MCIsInBhdGgiOiIvZi83MTAyMTU2My1iYTA1LTQxZjItYmNjNC0xNjllMGJiYWNhZWUvZGhxNWFwdi00YWMzNmRlNC1jZmZmLTQ0NDItODg5OC01MTdiZTFjMDdjNTIucG5nIiwid2lkdGgiOiI8PTE5MjAifV1dLCJhdWQiOlsidXJuOnNlcnZpY2U6aW1hZ2Uub3BlcmF0aW9ucyJdfQ.Ihq2fPWeD9fKNv8mKydRCVLir9ZanM6WheuaJccl20E"
"2024-07-06T09:16:07-0700","Student Athlete","https://images-wixmp-ed30a86b8c4ca887773594c2.wixmp.com/f/71021563-ba05-41f2-bcc4-169e0bbacaee/dhq5k53-bf6c6607-3708-4651-8343-caeb2a65ccfa.png/v1/fill/w_1280,h_1000,q_80,strp/student_athlete_by_jaxaaronson_dhq5k53-fullview.jpg?token=eyJ0eXAiOiJKV1QiLCJhbGciOiJIUzI1NiJ9.eyJzdWIiOiJ1cm46YXBwOjdlMGQxODg5ODIyNjQzNzNhNWYwZDQxNWVhMGQyNmUwIiwiaXNzIjoidXJuOmFwcDo3ZTBkMTg4OTgyMjY0MzczYTVmMGQ0MTVlYTBkMjZlMCIsIm9iaiI6W1t7ImhlaWdodCI6Ijw9MTAwMCIsInBhdGgiOiIvZi83MTAyMTU2My1iYTA1LTQxZjItYmNjNC0xNjllMGJiYWNhZWUvZGhxNWs1My1iZjZjNjYwNy0zNzA4LTQ2NTEtODM0My1jYWViMmE2NWNjZmEucG5nIiwid2lkdGgiOiI8PTEyODAifV1dLCJhdWQiOlsidXJuOnNlcnZpY2U6aW1hZ2Uub3BlcmF0aW9ucyJdfQ.XvzkgZnKTjpkjXVmKd6GxAaA2d73TWsvv6gr-FEMwAM"
"2024-07-06T09:52:42-0700","Spaceship","https://images-wixmp-ed30a86b8c4ca887773594c2.wixmp.com/f/71021563-ba05-41f2-bcc4-169e0bbacaee/dhq5sl9-3341e910-a583-441c-822f-51da77c9cee4.png/v1/fill/w_1280,h_712,q_80,strp/spaceship_by_jaxaaronson_dhq5sl9-fullview.jpg?token=eyJ0eXAiOiJKV1QiLCJhbGciOiJIUzI1NiJ9.eyJzdWIiOiJ1cm46YXBwOjdlMGQxODg5ODIyNjQzNzNhNWYwZDQxNWVhMGQyNmUwIiwiaXNzIjoidXJuOmFwcDo3ZTBkMTg4OTgyMjY0MzczYTVmMGQ0MTVlYTBkMjZlMCIsIm9iaiI6W1t7ImhlaWdodCI6Ijw9NzEyIiwicGF0aCI6Ii9mLzcxMDIxNTYzLWJhMDUtNDFmMi1iY2M0LTE2OWUwYmJhY2FlZS9kaHE1c2w5LTMzNDFlOTEwLWE1ODMtNDQxYy04MjJmLTUxZGE3N2M5Y2VlNC5wbmciLCJ3aWR0aCI6Ijw9MTI4MCJ9XV0sImF1ZCI6WyJ1cm46c2VydmljZTppbWFnZS5vcGVyYXRpb25zIl19.Dl4YWFc35PPRV9uZDANmLjfIvSu2alxOPBBIOK85-O8"
"2024-07-06T11:03:14-0700","Breakfast","https://images-wixmp-ed30a86b8c4ca887773594c2.wixmp.com/f/71021563-ba05-41f2-bcc4-169e0bbacaee/dhq6bht-bfa68f62-1331-4eb3-a6c6-22b7fd747d40.png/v1/fill/w_1280,h_800,q_80,strp/breakfast_by_jaxaaronson_dhq6bht-fullview.jpg?token=eyJ0eXAiOiJKV1QiLCJhbGciOiJIUzI1NiJ9.eyJzdWIiOiJ1cm46YXBwOjdlMGQxODg5ODIyNjQzNzNhNWYwZDQxNWVhMGQyNmUwIiwiaXNzIjoidXJuOmFwcDo3ZTBkMTg4OTgyMjY0MzczYTVmMGQ0MTVlYTBkMjZlMCIsIm9iaiI6W1t7ImhlaWdodCI6Ijw9ODAwIiwicGF0aCI6Ii9mLzcxMDIxNTYzLWJhMDUtNDFmMi1iY2M0LTE2OWUwYmJhY2FlZS9kaHE2Ymh0LWJmYTY4ZjYyLTEzMzEtNGViMy1hNmM2LTIyYjdmZDc0N2Q0MC5wbmciLCJ3aWR0aCI6Ijw9MTI4MCJ9XV0sImF1ZCI6WyJ1cm46c2VydmljZTppbWFnZS5vcGVyYXRpb25zIl19.IEPzOZxT0tPAycM0Dg7Z-D1GlPDCjFuZYsSPDvS4JXQ"
"2024-07-06T11:51:43-0700","Glitter","https://images-wixmp-ed30a86b8c4ca887773594c2.wixmp.com/f/71021563-ba05-41f2-bcc4-169e0bbacaee/dhq6mzx-c25b92a1-a121-4095-89f4-0fa1f7d38e69.png/v1/fill/w_1280,h_768,q_80,strp/glitter_by_jaxaaronson_dhq6mzx-fullview.jpg?token=eyJ0eXAiOiJKV1QiLCJhbGciOiJIUzI1NiJ9.eyJzdWIiOiJ1cm46YXBwOjdlMGQxODg5ODIyNjQzNzNhNWYwZDQxNWVhMGQyNmUwIiwiaXNzIjoidXJuOmFwcDo3ZTBkMTg4OTgyMjY0MzczYTVmMGQ0MTVlYTBkMjZlMCIsIm9iaiI6W1t7ImhlaWdodCI6Ijw9NzY4IiwicGF0aCI6Ii9mLzcxMDIxNTYzLWJhMDUtNDFmMi1iY2M0LTE2OWUwYmJhY2FlZS9kaHE2bXp4LWMyNWI5MmExLWExMjEtNDA5NS04OWY0LTBmYTFmN2QzOGU2OS5wbmciLCJ3aWR0aCI6Ijw9MTI4MCJ9XV0sImF1ZCI6WyJ1cm46c2VydmljZTppbWFnZS5vcGVyYXRpb25zIl19.ZT3F0-Uxi5rfO-naJq9syY9cpdRFC7nJ0EIzjccQH_g"
"2024-07-06T13:06:50-0700","Museum","https://images-wixmp-ed30a86b8c4ca887773594c2.wixmp.com/f/71021563-ba05-41f2-bcc4-169e0bbacaee/dhq73ki-33ab0aa5-2ff9-4ac5-a9f5-bed40ebae59e.png/v1/fill/w_1280,h_854,q_80,strp/museum_by_jaxaaronson_dhq73ki-fullview.jpg?token=eyJ0eXAiOiJKV1QiLCJhbGciOiJIUzI1NiJ9.eyJzdWIiOiJ1cm46YXBwOjdlMGQxODg5ODIyNjQzNzNhNWYwZDQxNWVhMGQyNmUwIiwiaXNzIjoidXJuOmFwcDo3ZTBkMTg4OTgyMjY0MzczYTVmMGQ0MTVlYTBkMjZlMCIsIm9iaiI6W1t7ImhlaWdodCI6Ijw9ODU0IiwicGF0aCI6Ii9mLzcxMDIxNTYzLWJhMDUtNDFmMi1iY2M0LTE2OWUwYmJhY2FlZS9kaHE3M2tpLTMzYWIwYWE1LTJmZjktNGFjNS1hOWY1LWJlZDQwZWJhZTU5ZS5wbmciLCJ3aWR0aCI6Ijw9MTI4MCJ9XV0sImF1ZCI6WyJ1cm46c2VydmljZTppbWFnZS5vcGVyYXRpb25zIl19.rtOiMoSsxD5AQ2fLypf7R49Lnz_UX5_FvXqN4pwLsuY"
"2024-07-06T13:57:27-0700","Hotel","https://images-wixmp-ed30a86b8c4ca887773594c2.wixmp.com/f/71021563-ba05-41f2-bcc4-169e0bbacaee/dhq7gmd-e4208da4-d977-4d16-9abe-d362e3d8409f.png/v1/fill/w_1280,h_732,q_80,strp/hotel_by_jaxaaronson_dhq7gmd-fullview.jpg?token=eyJ0eXAiOiJKV1QiLCJhbGciOiJIUzI1NiJ9.eyJzdWIiOiJ1cm46YXBwOjdlMGQxODg5ODIyNjQzNzNhNWYwZDQxNWVhMGQyNmUwIiwiaXNzIjoidXJuOmFwcDo3ZTBkMTg4OTgyMjY0MzczYTVmMGQ0MTVlYTBkMjZlMCIsIm9iaiI6W1t7ImhlaWdodCI6Ijw9NzMyIiwicGF0aCI6Ii9mLzcxMDIxNTYzLWJhMDUtNDFmMi1iY2M0LTE2OWUwYmJhY2FlZS9kaHE3Z21kLWU0MjA4ZGE0LWQ5NzctNGQxNi05YWJlLWQzNjJlM2Q4NDA5Zi5wbmciLCJ3aWR0aCI6Ijw9MTI4MCJ9XV0sImF1ZCI6WyJ1cm46c2VydmljZTppbWFnZS5vcGVyYXRpb25zIl19.RbKTo0g_CYiFlg_a556ZXXcZXM3BBMBNf4dZXuBw5FQ"
"2024-07-06T16:03:29-0700","Ireland","https://images-wixmp-ed30a86b8c4ca887773594c2.wixmp.com/f/71021563-ba05-41f2-bcc4-169e0bbacaee/dhq8dc9-42dff3b6-1ddc-4225-8554-e2b0eaa3310d.png/v1/fill/w_1920,h_800,q_80,strp/ireland_by_jaxaaronson_dhq8dc9-fullview.jpg?token=eyJ0eXAiOiJKV1QiLCJhbGciOiJIUzI1NiJ9.eyJzdWIiOiJ1cm46YXBwOjdlMGQxODg5ODIyNjQzNzNhNWYwZDQxNWVhMGQyNmUwIiwiaXNzIjoidXJuOmFwcDo3ZTBkMTg4OTgyMjY0MzczYTVmMGQ0MTVlYTBkMjZlMCIsIm9iaiI6W1t7ImhlaWdodCI6Ijw9ODAwIiwicGF0aCI6Ii9mLzcxMDIxNTYzLWJhMDUtNDFmMi1iY2M0LTE2OWUwYmJhY2FlZS9kaHE4ZGM5LTQyZGZmM2I2LTFkZGMtNDIyNS04NTU0LWUyYjBlYWEzMzEwZC5wbmciLCJ3aWR0aCI6Ijw9MTkyMCJ9XV0sImF1ZCI6WyJ1cm46c2VydmljZTppbWFnZS5vcGVyYXRpb25zIl19.UDQ2JNTWWPjPwMcqHkJsTX7MfP1ZlE9x2lbv-A2UljE"
"2024-07-06T17:16:19-0700","Reflect","https://images-wixmp-ed30a86b8c4ca887773594c2.wixmp.com/f/71021563-ba05-41f2-bcc4-169e0bbacaee/dhq8t91-12db5054-2e40-4e7d-bf43-48d2d721fc4f.png/v1/fill/w_1280,h_640,q_80,strp/reflect_by_jaxaaronson_dhq8t91-fullview.jpg?token=eyJ0eXAiOiJKV1QiLCJhbGciOiJIUzI1NiJ9.eyJzdWIiOiJ1cm46YXBwOjdlMGQxODg5ODIyNjQzNzNhNWYwZDQxNWVhMGQyNmUwIiwiaXNzIjoidXJuOmFwcDo3ZTBkMTg4OTgyMjY0MzczYTVmMGQ0MTVlYTBkMjZlMCIsIm9iaiI6W1t7ImhlaWdodCI6Ijw9NjQwIiwicGF0aCI6Ii9mLzcxMDIxNTYzLWJhMDUtNDFmMi1iY2M0LTE2OWUwYmJhY2FlZS9kaHE4dDkxLTEyZGI1MDU0LTJlNDAtNGU3ZC1iZjQzLTQ4ZDJkNzIxZmM0Zi5wbmciLCJ3aWR0aCI6Ijw9MTI4MCJ9XV0sImF1ZCI6WyJ1cm46c2VydmljZTppbWFnZS5vcGVyYXRpb25zIl19.DmZvS6UyUjcVEqnyR2PEAKT4UYfPIMjpBW9ZrrZVBYE"
"2024-07-06T18:08:53-0700","Stickers","https://images-wixmp-ed30a86b8c4ca887773594c2.wixmp.com/f/71021563-ba05-41f2-bcc4-169e0bbacaee/dhq9283-03aab1bd-1c5c-4b71-ab53-26a9edc8ddd2.png/v1/fill/w_1920,h_1048,q_80,strp/stickers_by_jaxaaronson_dhq9283-fullview.jpg?token=eyJ0eXAiOiJKV1QiLCJhbGciOiJIUzI1NiJ9.eyJzdWIiOiJ1cm46YXBwOjdlMGQxODg5ODIyNjQzNzNhNWYwZDQxNWVhMGQyNmUwIiwiaXNzIjoidXJuOmFwcDo3ZTBkMTg4OTgyMjY0MzczYTVmMGQ0MTVlYTBkMjZlMCIsIm9iaiI6W1t7ImhlaWdodCI6Ijw9MTA0OCIsInBhdGgiOiIvZi83MTAyMTU2My1iYTA1LTQxZjItYmNjNC0xNjllMGJiYWNhZWUvZGhxOTI4My0wM2FhYjFiZC0xYzVjLTRiNzEtYWI1My0yNmE5ZWRjOGRkZDIucG5nIiwid2lkdGgiOiI8PTE5MjAifV1dLCJhdWQiOlsidXJuOnNlcnZpY2U6aW1hZ2Uub3BlcmF0aW9ucyJdfQ.P53Rb5aozfsLlyOImLZqR_Y5n8myPfCektNFyRmypfU"
"2024-07-06T20:21:46-0700","Boxcar","https://images-wixmp-ed30a86b8c4ca887773594c2.wixmp.com/f/71021563-ba05-41f2-bcc4-169e0bbacaee/dhq9pc0-a207aef0-e606-4edb-b6dd-07e98c56b5ad.png/v1/fill/w_1280,h_1098,q_80,strp/boxcar_by_jaxaaronson_dhq9pc0-fullview.jpg?token=eyJ0eXAiOiJKV1QiLCJhbGciOiJIUzI1NiJ9.eyJzdWIiOiJ1cm46YXBwOjdlMGQxODg5ODIyNjQzNzNhNWYwZDQxNWVhMGQyNmUwIiwiaXNzIjoidXJuOmFwcDo3ZTBkMTg4OTgyMjY0MzczYTVmMGQ0MTVlYTBkMjZlMCIsIm9iaiI6W1t7ImhlaWdodCI6Ijw9MTA5OCIsInBhdGgiOiIvZi83MTAyMTU2My1iYTA1LTQxZjItYmNjNC0xNjllMGJiYWNhZWUvZGhxOXBjMC1hMjA3YWVmMC1lNjA2LTRlZGItYjZkZC0wN2U5OGM1NmI1YWQucG5nIiwid2lkdGgiOiI8PTEyODAifV1dLCJhdWQiOlsidXJuOnNlcnZpY2U6aW1hZ2Uub3BlcmF0aW9ucyJdfQ.3k9ey36OV5_GcSCULhsTulhlYWVy96nHnPrZfvXjH_4"
"2024-07-06T21:19:33-0700","Fireplace","https://images-wixmp-ed30a86b8c4ca887773594c2.wixmp.com/f/71021563-ba05-41f2-bcc4-169e0bbacaee/dhqa0m3-18e8e62e-2bca-4b0c-ae05-11a89a84de75.png/v1/fill/w_1280,h_960,q_80,strp/fireplace_by_jaxaaronson_dhqa0m3-fullview.jpg?token=eyJ0eXAiOiJKV1QiLCJhbGciOiJIUzI1NiJ9.eyJzdWIiOiJ1cm46YXBwOjdlMGQxODg5ODIyNjQzNzNhNWYwZDQxNWVhMGQyNmUwIiwiaXNzIjoidXJuOmFwcDo3ZTBkMTg4OTgyMjY0MzczYTVmMGQ0MTVlYTBkMjZlMCIsIm9iaiI6W1t7ImhlaWdodCI6Ijw9OTYwIiwicGF0aCI6Ii9mLzcxMDIxNTYzLWJhMDUtNDFmMi1iY2M0LTE2OWUwYmJhY2FlZS9kaHFhMG0zLTE4ZThlNjJlLTJiY2EtNGIwYy1hZTA1LTExYTg5YTg0ZGU3NS5wbmciLCJ3aWR0aCI6Ijw9MTI4MCJ9XV0sImF1ZCI6WyJ1cm46c2VydmljZTppbWFnZS5vcGVyYXRpb25zIl19.pDXA_J7ovffgagPIRMu-Xf2Sw6cLZBTsoZQ3nV1KqC4"
"2024-07-06T22:57:28-0700","Victorian","https://images-wixmp-ed30a86b8c4ca887773594c2.wixmp.com/f/71021563-ba05-41f2-bcc4-169e0bbacaee/dhqai8k-6cb43b85-ee72-43b4-b0c4-aac3dc905ccd.png/v1/fill/w_1920,h_1108,q_80,strp/victorian_by_jaxaaronson_dhqai8k-fullview.jpg?token=eyJ0eXAiOiJKV1QiLCJhbGciOiJIUzI1NiJ9.eyJzdWIiOiJ1cm46YXBwOjdlMGQxODg5ODIyNjQzNzNhNWYwZDQxNWVhMGQyNmUwIiwiaXNzIjoidXJuOmFwcDo3ZTBkMTg4OTgyMjY0MzczYTVmMGQ0MTVlYTBkMjZlMCIsIm9iaiI6W1t7ImhlaWdodCI6Ijw9MTEwOCIsInBhdGgiOiIvZi83MTAyMTU2My1iYTA1LTQxZjItYmNjNC0xNjllMGJiYWNhZWUvZGhxYWk4ay02Y2I0M2I4NS1lZTcyLTQzYjQtYjBjNC1hYWMzZGM5MDVjY2QucG5nIiwid2lkdGgiOiI8PTE5MjAifV1dLCJhdWQiOlsidXJuOnNlcnZpY2U6aW1hZ2Uub3BlcmF0aW9ucyJdfQ.yjGl5XXoagOuTc55cfJiG3n0lyENhs5_qgzJpP0Gha4"
"2024-07-07T07:18:35-0700","Headdress","https://images-wixmp-ed30a86b8c4ca887773594c2.wixmp.com/f/71021563-ba05-41f2-bcc4-169e0bbacaee/dhqdbml-b0ab423d-db3c-479a-bbc2-6997281eb235.png/v1/fill/w_1920,h_924,q_80,strp/headdress_by_jaxaaronson_dhqdbml-fullview.jpg?token=eyJ0eXAiOiJKV1QiLCJhbGciOiJIUzI1NiJ9.eyJzdWIiOiJ1cm46YXBwOjdlMGQxODg5ODIyNjQzNzNhNWYwZDQxNWVhMGQyNmUwIiwiaXNzIjoidXJuOmFwcDo3ZTBkMTg4OTgyMjY0MzczYTVmMGQ0MTVlYTBkMjZlMCIsIm9iaiI6W1t7ImhlaWdodCI6Ijw9OTI0IiwicGF0aCI6Ii9mLzcxMDIxNTYzLWJhMDUtNDFmMi1iY2M0LTE2OWUwYmJhY2FlZS9kaHFkYm1sLWIwYWI0MjNkLWRiM2MtNDc5YS1iYmMyLTY5OTcyODFlYjIzNS5wbmciLCJ3aWR0aCI6Ijw9MTkyMCJ9XV0sImF1ZCI6WyJ1cm46c2VydmljZTppbWFnZS5vcGVyYXRpb25zIl19.fsU4ltO0UE1oBMZPc-SYFNFPUd2ZkXLqhcVzqkJdJys"
"2024-07-07T09:28:25-0700","Hardwood","https://images-wixmp-ed30a86b8c4ca887773594c2.wixmp.com/f/71021563-ba05-41f2-bcc4-169e0bbacaee/dhqed1z-c5d6e30e-9629-48a2-84bf-c2bfca226c80.png/v1/fill/w_1920,h_960,q_80,strp/hardwood_by_jaxaaronson_dhqed1z-fullview.jpg?token=eyJ0eXAiOiJKV1QiLCJhbGciOiJIUzI1NiJ9.eyJzdWIiOiJ1cm46YXBwOjdlMGQxODg5ODIyNjQzNzNhNWYwZDQxNWVhMGQyNmUwIiwiaXNzIjoidXJuOmFwcDo3ZTBkMTg4OTgyMjY0MzczYTVmMGQ0MTVlYTBkMjZlMCIsIm9iaiI6W1t7ImhlaWdodCI6Ijw9OTYwIiwicGF0aCI6Ii9mLzcxMDIxNTYzLWJhMDUtNDFmMi1iY2M0LTE2OWUwYmJhY2FlZS9kaHFlZDF6LWM1ZDZlMzBlLTk2MjktNDhhMi04NGJmLWMyYmZjYTIyNmM4MC5wbmciLCJ3aWR0aCI6Ijw9MTkyMCJ9XV0sImF1ZCI6WyJ1cm46c2VydmljZTppbWFnZS5vcGVyYXRpb25zIl19.xwgYGvZsYhdY2jgUGeWytxXssrPVJAMaB6EaPj2Of74"
"2024-07-07T12:54:28-0700","Lines","https://images-wixmp-ed30a86b8c4ca887773594c2.wixmp.com/f/71021563-ba05-41f2-bcc4-169e0bbacaee/dhqfx1p-41ebdb4d-c881-4f5c-aa31-11d50bdf53f1.png/v1/fill/w_1920,h_924,q_80,strp/lines_by_jaxaaronson_dhqfx1p-fullview.jpg?token=eyJ0eXAiOiJKV1QiLCJhbGciOiJIUzI1NiJ9.eyJzdWIiOiJ1cm46YXBwOjdlMGQxODg5ODIyNjQzNzNhNWYwZDQxNWVhMGQyNmUwIiwiaXNzIjoidXJuOmFwcDo3ZTBkMTg4OTgyMjY0MzczYTVmMGQ0MTVlYTBkMjZlMCIsIm9iaiI6W1t7ImhlaWdodCI6Ijw9OTI0IiwicGF0aCI6Ii9mLzcxMDIxNTYzLWJhMDUtNDFmMi1iY2M0LTE2OWUwYmJhY2FlZS9kaHFmeDFwLTQxZWJkYjRkLWM4ODEtNGY1Yy1hYTMxLTExZDUwYmRmNTNmMS5wbmciLCJ3aWR0aCI6Ijw9MTkyMCJ9XV0sImF1ZCI6WyJ1cm46c2VydmljZTppbWFnZS5vcGVyYXRpb25zIl19.Yc-YK_upD9gWhQF5PP7BtFEWO96GFyqusEbcUaHhItw"
"2024-07-07T18:32:11-0700","Dog Walker","https://images-wixmp-ed30a86b8c4ca887773594c2.wixmp.com/f/71021563-ba05-41f2-bcc4-169e0bbacaee/dhqi314-bc45c169-9958-400b-97f0-676367b20dbb.png/v1/fill/w_1280,h_960,q_80,strp/dog_walker_by_jaxaaronson_dhqi314-fullview.jpg?token=eyJ0eXAiOiJKV1QiLCJhbGciOiJIUzI1NiJ9.eyJzdWIiOiJ1cm46YXBwOjdlMGQxODg5ODIyNjQzNzNhNWYwZDQxNWVhMGQyNmUwIiwiaXNzIjoidXJuOmFwcDo3ZTBkMTg4OTgyMjY0MzczYTVmMGQ0MTVlYTBkMjZlMCIsIm9iaiI6W1t7ImhlaWdodCI6Ijw9OTYwIiwicGF0aCI6Ii9mLzcxMDIxNTYzLWJhMDUtNDFmMi1iY2M0LTE2OWUwYmJhY2FlZS9kaHFpMzE0LWJjNDVjMTY5LTk5NTgtNDAwYi05N2YwLTY3NjM2N2IyMGRiYi5wbmciLCJ3aWR0aCI6Ijw9MTI4MCJ9XV0sImF1ZCI6WyJ1cm46c2VydmljZTppbWFnZS5vcGVyYXRpb25zIl19.XMqBThpoFN7XfmhPM_AKKeV0NyaKEwsjXd66g6Zd6G4"
"2024-07-08T06:16:44-0700","Grocery","https://images-wixmp-ed30a86b8c4ca887773594c2.wixmp.com/f/71021563-ba05-41f2-bcc4-169e0bbacaee/dhqluip-1615207a-b4c6-43dd-955e-52b6d89b28d0.png/v1/fill/w_1920,h_1600,q_80,strp/grocery_by_jaxaaronson_dhqluip-fullview.jpg?token=eyJ0eXAiOiJKV1QiLCJhbGciOiJIUzI1NiJ9.eyJzdWIiOiJ1cm46YXBwOjdlMGQxODg5ODIyNjQzNzNhNWYwZDQxNWVhMGQyNmUwIiwiaXNzIjoidXJuOmFwcDo3ZTBkMTg4OTgyMjY0MzczYTVmMGQ0MTVlYTBkMjZlMCIsIm9iaiI6W1t7ImhlaWdodCI6Ijw9MTYwMCIsInBhdGgiOiIvZi83MTAyMTU2My1iYTA1LTQxZjItYmNjNC0xNjllMGJiYWNhZWUvZGhxbHVpcC0xNjE1MjA3YS1iNGM2LTQzZGQtOTU1ZS01MmI2ZDg5YjI4ZDAucG5nIiwid2lkdGgiOiI8PTE5MjAifV1dLCJhdWQiOlsidXJuOnNlcnZpY2U6aW1hZ2Uub3BlcmF0aW9ucyJdfQ.divrIAJlnU4I14Go6VQBMGy6E5VMIfId7vQdZPr8D0s"
"2024-07-08T08:05:36-0700","Auditorium","https://images-wixmp-ed30a86b8c4ca887773594c2.wixmp.com/f/71021563-ba05-41f2-bcc4-169e0bbacaee/dhqmlib-ad4b6c88-13a5-48b8-94b2-276d84a1d874.png/v1/fill/w_1280,h_732,q_80,strp/auditorium_by_jaxaaronson_dhqmlib-fullview.jpg?token=eyJ0eXAiOiJKV1QiLCJhbGciOiJIUzI1NiJ9.eyJzdWIiOiJ1cm46YXBwOjdlMGQxODg5ODIyNjQzNzNhNWYwZDQxNWVhMGQyNmUwIiwiaXNzIjoidXJuOmFwcDo3ZTBkMTg4OTgyMjY0MzczYTVmMGQ0MTVlYTBkMjZlMCIsIm9iaiI6W1t7ImhlaWdodCI6Ijw9NzMyIiwicGF0aCI6Ii9mLzcxMDIxNTYzLWJhMDUtNDFmMi1iY2M0LTE2OWUwYmJhY2FlZS9kaHFtbGliLWFkNGI2Yzg4LTEzYTUtNDhiOC05NGIyLTI3NmQ4NGExZDg3NC5wbmciLCJ3aWR0aCI6Ijw9MTI4MCJ9XV0sImF1ZCI6WyJ1cm46c2VydmljZTppbWFnZS5vcGVyYXRpb25zIl19.lZf1lzqNbGjkYRQ9Hiv0oAijGtgxRvn1XZhfAARs8Og"
"2024-07-08T13:35:34-0700","Overalls","https://images-wixmp-ed30a86b8c4ca887773594c2.wixmp.com/f/71021563-ba05-41f2-bcc4-169e0bbacaee/dhqoy4q-72f85ff7-83cc-4bc1-a123-dd057f037c1a.png/v1/fill/w_1280,h_889,q_80,strp/overalls_by_jaxaaronson_dhqoy4q-fullview.jpg?token=eyJ0eXAiOiJKV1QiLCJhbGciOiJIUzI1NiJ9.eyJzdWIiOiJ1cm46YXBwOjdlMGQxODg5ODIyNjQzNzNhNWYwZDQxNWVhMGQyNmUwIiwiaXNzIjoidXJuOmFwcDo3ZTBkMTg4OTgyMjY0MzczYTVmMGQ0MTVlYTBkMjZlMCIsIm9iaiI6W1t7ImhlaWdodCI6Ijw9ODg5IiwicGF0aCI6Ii9mLzcxMDIxNTYzLWJhMDUtNDFmMi1iY2M0LTE2OWUwYmJhY2FlZS9kaHFveTRxLTcyZjg1ZmY3LTgzY2MtNGJjMS1hMTIzLWRkMDU3ZjAzN2MxYS5wbmciLCJ3aWR0aCI6Ijw9MTI4MCJ9XV0sImF1ZCI6WyJ1cm46c2VydmljZTppbWFnZS5vcGVyYXRpb25zIl19.obKvgeMuzSVBOEUy2MuuJ7lGrO9j-HKJm2XXiDWZSDQ"
"2024-07-08T14:25:22-0700","Soapy","https://images-wixmp-ed30a86b8c4ca887773594c2.wixmp.com/f/71021563-ba05-41f2-bcc4-169e0bbacaee/dhqpajz-3c5d46bd-8a80-490f-bab7-22c7f1cf244a.png/v1/fill/w_1920,h_655,q_80,strp/soapy_by_jaxaaronson_dhqpajz-fullview.jpg?token=eyJ0eXAiOiJKV1QiLCJhbGciOiJIUzI1NiJ9.eyJzdWIiOiJ1cm46YXBwOjdlMGQxODg5ODIyNjQzNzNhNWYwZDQxNWVhMGQyNmUwIiwiaXNzIjoidXJuOmFwcDo3ZTBkMTg4OTgyMjY0MzczYTVmMGQ0MTVlYTBkMjZlMCIsIm9iaiI6W1t7ImhlaWdodCI6Ijw9NjU1IiwicGF0aCI6Ii9mLzcxMDIxNTYzLWJhMDUtNDFmMi1iY2M0LTE2OWUwYmJhY2FlZS9kaHFwYWp6LTNjNWQ0NmJkLThhODAtNDkwZi1iYWI3LTIyYzdmMWNmMjQ0YS5wbmciLCJ3aWR0aCI6Ijw9MTkyMCJ9XV0sImF1ZCI6WyJ1cm46c2VydmljZTppbWFnZS5vcGVyYXRpb25zIl19.fJfF91Db9D7whfII4Kop_qE0bkcDty_eAnSVMPVMgPk"
"2024-07-08T15:29:58-0700","Blinds","https://images-wixmp-ed30a86b8c4ca887773594c2.wixmp.com/f/71021563-ba05-41f2-bcc4-169e0bbacaee/dhqpqyg-3a8309b4-a4db-4f3f-a007-06841f74f5f7.png/v1/fill/w_1280,h_915,q_80,strp/blinds_by_jaxaaronson_dhqpqyg-fullview.jpg?token=eyJ0eXAiOiJKV1QiLCJhbGciOiJIUzI1NiJ9.eyJzdWIiOiJ1cm46YXBwOjdlMGQxODg5ODIyNjQzNzNhNWYwZDQxNWVhMGQyNmUwIiwiaXNzIjoidXJuOmFwcDo3ZTBkMTg4OTgyMjY0MzczYTVmMGQ0MTVlYTBkMjZlMCIsIm9iaiI6W1t7ImhlaWdodCI6Ijw9OTE1IiwicGF0aCI6Ii9mLzcxMDIxNTYzLWJhMDUtNDFmMi1iY2M0LTE2OWUwYmJhY2FlZS9kaHFwcXlnLTNhODMwOWI0LWE0ZGItNGYzZi1hMDA3LTA2ODQxZjc0ZjVmNy5wbmciLCJ3aWR0aCI6Ijw9MTI4MCJ9XV0sImF1ZCI6WyJ1cm46c2VydmljZTppbWFnZS5vcGVyYXRpb25zIl19.V4L0blDsmtNY25evLKkxhwD-3tGRpGtYCS8ZKQ00Bok"
"2024-07-08T17:11:19-0700","Hospital","https://images-wixmp-ed30a86b8c4ca887773594c2.wixmp.com/f/71021563-ba05-41f2-bcc4-169e0bbacaee/dhqqdz7-8984c93f-04cb-41c1-b362-6b4f8cbfabae.png/v1/fill/w_1920,h_800,q_80,strp/hospital_by_jaxaaronson_dhqqdz7-fullview.jpg?token=eyJ0eXAiOiJKV1QiLCJhbGciOiJIUzI1NiJ9.eyJzdWIiOiJ1cm46YXBwOjdlMGQxODg5ODIyNjQzNzNhNWYwZDQxNWVhMGQyNmUwIiwiaXNzIjoidXJuOmFwcDo3ZTBkMTg4OTgyMjY0MzczYTVmMGQ0MTVlYTBkMjZlMCIsIm9iaiI6W1t7ImhlaWdodCI6Ijw9ODAwIiwicGF0aCI6Ii9mLzcxMDIxNTYzLWJhMDUtNDFmMi1iY2M0LTE2OWUwYmJhY2FlZS9kaHFxZHo3LTg5ODRjOTNmLTA0Y2ItNDFjMS1iMzYyLTZiNGY4Y2JmYWJhZS5wbmciLCJ3aWR0aCI6Ijw9MTkyMCJ9XV0sImF1ZCI6WyJ1cm46c2VydmljZTppbWFnZS5vcGVyYXRpb25zIl19.fZk2A45j_uDhiRWjswfvcI6NxPXYd_DmwwmM7BuJjT8"
"2024-07-08T17:59:44-0700","Sushi","https://images-wixmp-ed30a86b8c4ca887773594c2.wixmp.com/f/71021563-ba05-41f2-bcc4-169e0bbacaee/dhqqn13-a4ff9085-9ae4-45dd-b1b0-1801fec5dd92.png/v1/fill/w_1920,h_854,q_80,strp/sushi_by_jaxaaronson_dhqqn13-fullview.jpg?token=eyJ0eXAiOiJKV1QiLCJhbGciOiJIUzI1NiJ9.eyJzdWIiOiJ1cm46YXBwOjdlMGQxODg5ODIyNjQzNzNhNWYwZDQxNWVhMGQyNmUwIiwiaXNzIjoidXJuOmFwcDo3ZTBkMTg4OTgyMjY0MzczYTVmMGQ0MTVlYTBkMjZlMCIsIm9iaiI6W1t7ImhlaWdodCI6Ijw9ODU0IiwicGF0aCI6Ii9mLzcxMDIxNTYzLWJhMDUtNDFmMi1iY2M0LTE2OWUwYmJhY2FlZS9kaHFxbjEzLWE0ZmY5MDg1LTlhZTQtNDVkZC1iMWIwLTE4MDFmZWM1ZGQ5Mi5wbmciLCJ3aWR0aCI6Ijw9MTkyMCJ9XV0sImF1ZCI6WyJ1cm46c2VydmljZTppbWFnZS5vcGVyYXRpb25zIl19.G-iwqHwJKGYU53VP6AQeQAJ-UM2SRStI84qLFr3DNsQ"
"2024-07-08T18:50:32-0700","Winter","https://images-wixmp-ed30a86b8c4ca887773594c2.wixmp.com/f/71021563-ba05-41f2-bcc4-169e0bbacaee/dhqqvnd-ac5ec210-e29d-4d8f-9d7d-24f60bf4a728.png/v1/fill/w_1280,h_712,q_80,strp/winter_by_jaxaaronson_dhqqvnd-fullview.jpg?token=eyJ0eXAiOiJKV1QiLCJhbGciOiJIUzI1NiJ9.eyJzdWIiOiJ1cm46YXBwOjdlMGQxODg5ODIyNjQzNzNhNWYwZDQxNWVhMGQyNmUwIiwiaXNzIjoidXJuOmFwcDo3ZTBkMTg4OTgyMjY0MzczYTVmMGQ0MTVlYTBkMjZlMCIsIm9iaiI6W1t7ImhlaWdodCI6Ijw9NzEyIiwicGF0aCI6Ii9mLzcxMDIxNTYzLWJhMDUtNDFmMi1iY2M0LTE2OWUwYmJhY2FlZS9kaHFxdm5kLWFjNWVjMjEwLWUyOWQtNGQ4Zi05ZDdkLTI0ZjYwYmY0YTcyOC5wbmciLCJ3aWR0aCI6Ijw9MTI4MCJ9XV0sImF1ZCI6WyJ1cm46c2VydmljZTppbWFnZS5vcGVyYXRpb25zIl19.f59l4KXmCaG0Lvl-W4auDgXaeOv1mR7jhvZ7Xc9sEt0"
"2024-07-08T19:45:55-0700","Hay","https://images-wixmp-ed30a86b8c4ca887773594c2.wixmp.com/f/71021563-ba05-41f2-bcc4-169e0bbacaee/dhqr5m9-21b5bb16-a85a-4bb9-be63-70093352b312.png/v1/fill/w_1280,h_915,q_80,strp/hay_by_jaxaaronson_dhqr5m9-fullview.jpg?token=eyJ0eXAiOiJKV1QiLCJhbGciOiJIUzI1NiJ9.eyJzdWIiOiJ1cm46YXBwOjdlMGQxODg5ODIyNjQzNzNhNWYwZDQxNWVhMGQyNmUwIiwiaXNzIjoidXJuOmFwcDo3ZTBkMTg4OTgyMjY0MzczYTVmMGQ0MTVlYTBkMjZlMCIsIm9iaiI6W1t7ImhlaWdodCI6Ijw9OTE1IiwicGF0aCI6Ii9mLzcxMDIxNTYzLWJhMDUtNDFmMi1iY2M0LTE2OWUwYmJhY2FlZS9kaHFyNW05LTIxYjViYjE2LWE4NWEtNGJiOS1iZTYzLTcwMDkzMzUyYjMxMi5wbmciLCJ3aWR0aCI6Ijw9MTI4MCJ9XV0sImF1ZCI6WyJ1cm46c2VydmljZTppbWFnZS5vcGVyYXRpb25zIl19.UVW8k0_jgL3SWvSnG1bHulyatt2uDvlOzp4bQtqnS18"
"2024-07-08T20:31:56-0700","Porch","https://images-wixmp-ed30a86b8c4ca887773594c2.wixmp.com/f/71021563-ba05-41f2-bcc4-169e0bbacaee/dhqrfcr-a420c286-d7e2-454a-875e-c05c9697f414.png/v1/fill/w_1920,h_720,q_80,strp/porch_by_jaxaaronson_dhqrfcr-fullview.jpg?token=eyJ0eXAiOiJKV1QiLCJhbGciOiJIUzI1NiJ9.eyJzdWIiOiJ1cm46YXBwOjdlMGQxODg5ODIyNjQzNzNhNWYwZDQxNWVhMGQyNmUwIiwiaXNzIjoidXJuOmFwcDo3ZTBkMTg4OTgyMjY0MzczYTVmMGQ0MTVlYTBkMjZlMCIsIm9iaiI6W1t7ImhlaWdodCI6Ijw9NzIwIiwicGF0aCI6Ii9mLzcxMDIxNTYzLWJhMDUtNDFmMi1iY2M0LTE2OWUwYmJhY2FlZS9kaHFyZmNyLWE0MjBjMjg2LWQ3ZTItNDU0YS04NzVlLWMwNWM5Njk3ZjQxNC5wbmciLCJ3aWR0aCI6Ijw9MTkyMCJ9XV0sImF1ZCI6WyJ1cm46c2VydmljZTppbWFnZS5vcGVyYXRpb25zIl19.IqIXbEMP8gYzS-XwJxsMuOpa7oHOZr777Lr4T-yBIYQ"
"2024-07-09T06:40:28-0700","Lawyer","https://images-wixmp-ed30a86b8c4ca887773594c2.wixmp.com/f/71021563-ba05-41f2-bcc4-169e0bbacaee/dhqucty-3a32aecb-0ee0-4fb2-9733-4dddca8b5a2b.png/v1/fill/w_1280,h_699,q_80,strp/lawyer_by_jaxaaronson_dhqucty-fullview.jpg?token=eyJ0eXAiOiJKV1QiLCJhbGciOiJIUzI1NiJ9.eyJzdWIiOiJ1cm46YXBwOjdlMGQxODg5ODIyNjQzNzNhNWYwZDQxNWVhMGQyNmUwIiwiaXNzIjoidXJuOmFwcDo3ZTBkMTg4OTgyMjY0MzczYTVmMGQ0MTVlYTBkMjZlMCIsIm9iaiI6W1t7ImhlaWdodCI6Ijw9Njk5IiwicGF0aCI6Ii9mLzcxMDIxNTYzLWJhMDUtNDFmMi1iY2M0LTE2OWUwYmJhY2FlZS9kaHF1Y3R5LTNhMzJhZWNiLTBlZTAtNGZiMi05NzMzLTRkZGRjYThiNWEyYi5wbmciLCJ3aWR0aCI6Ijw9MTI4MCJ9XV0sImF1ZCI6WyJ1cm46c2VydmljZTppbWFnZS5vcGVyYXRpb25zIl19.M1AW_Zv0HdDk4El4yPHWinuavmBWOlTJH25PJ9YdSFI"
"2024-07-09T08:51:10-0700","Hippie","https://images-wixmp-ed30a86b8c4ca887773594c2.wixmp.com/f/71021563-ba05-41f2-bcc4-169e0bbacaee/dhqv6fu-157d2266-d060-4b2d-a006-0b25594cf247.png/v1/fill/w_1920,h_720,q_80,strp/hippie_by_jaxaaronson_dhqv6fu-fullview.jpg?token=eyJ0eXAiOiJKV1QiLCJhbGciOiJIUzI1NiJ9.eyJzdWIiOiJ1cm46YXBwOjdlMGQxODg5ODIyNjQzNzNhNWYwZDQxNWVhMGQyNmUwIiwiaXNzIjoidXJuOmFwcDo3ZTBkMTg4OTgyMjY0MzczYTVmMGQ0MTVlYTBkMjZlMCIsIm9iaiI6W1t7ImhlaWdodCI6Ijw9NzIwIiwicGF0aCI6Ii9mLzcxMDIxNTYzLWJhMDUtNDFmMi1iY2M0LTE2OWUwYmJhY2FlZS9kaHF2NmZ1LTE1N2QyMjY2LWQwNjAtNGIyZC1hMDA2LTBiMjU1OTRjZjI0Ny5wbmciLCJ3aWR0aCI6Ijw9MTkyMCJ9XV0sImF1ZCI6WyJ1cm46c2VydmljZTppbWFnZS5vcGVyYXRpb25zIl19.htMxAw35HeWNiOC9DuXqqMMpRHGxUEfED3rzs3le5FE"
"2024-07-09T09:44:06-0700","Rooftop","https://images-wixmp-ed30a86b8c4ca887773594c2.wixmp.com/f/71021563-ba05-41f2-bcc4-169e0bbacaee/dhqvj90-6a23add8-ca7d-46db-8025-b9d629fdefb9.png/v1/fill/w_1920,h_1067,q_80,strp/rooftop_by_jaxaaronson_dhqvj90-fullview.jpg?token=eyJ0eXAiOiJKV1QiLCJhbGciOiJIUzI1NiJ9.eyJzdWIiOiJ1cm46YXBwOjdlMGQxODg5ODIyNjQzNzNhNWYwZDQxNWVhMGQyNmUwIiwiaXNzIjoidXJuOmFwcDo3ZTBkMTg4OTgyMjY0MzczYTVmMGQ0MTVlYTBkMjZlMCIsIm9iaiI6W1t7ImhlaWdodCI6Ijw9MTA2NyIsInBhdGgiOiIvZi83MTAyMTU2My1iYTA1LTQxZjItYmNjNC0xNjllMGJiYWNhZWUvZGhxdmo5MC02YTIzYWRkOC1jYTdkLTQ2ZGItODAyNS1iOWQ2MjlmZGVmYjkucG5nIiwid2lkdGgiOiI8PTE5MjAifV1dLCJhdWQiOlsidXJuOnNlcnZpY2U6aW1hZ2Uub3BlcmF0aW9ucyJdfQ.kZcgLWzI5sbozulCXsaxAqW0yTIG2xBJ8HgoiXW6VUY"
"2024-07-09T10:59:14-0700","Wind","https://images-wixmp-ed30a86b8c4ca887773594c2.wixmp.com/f/71021563-ba05-41f2-bcc4-169e0bbacaee/dhqw0g3-f8079097-724f-4aff-86c5-2007c301719b.png/v1/fill/w_1280,h_699,q_80,strp/wind_by_jaxaaronson_dhqw0g3-fullview.jpg?token=eyJ0eXAiOiJKV1QiLCJhbGciOiJIUzI1NiJ9.eyJzdWIiOiJ1cm46YXBwOjdlMGQxODg5ODIyNjQzNzNhNWYwZDQxNWVhMGQyNmUwIiwiaXNzIjoidXJuOmFwcDo3ZTBkMTg4OTgyMjY0MzczYTVmMGQ0MTVlYTBkMjZlMCIsIm9iaiI6W1t7ImhlaWdodCI6Ijw9Njk5IiwicGF0aCI6Ii9mLzcxMDIxNTYzLWJhMDUtNDFmMi1iY2M0LTE2OWUwYmJhY2FlZS9kaHF3MGczLWY4MDc5MDk3LTcyNGYtNGFmZi04NmM1LTIwMDdjMzAxNzE5Yi5wbmciLCJ3aWR0aCI6Ijw9MTI4MCJ9XV0sImF1ZCI6WyJ1cm46c2VydmljZTppbWFnZS5vcGVyYXRpb25zIl19.yjg3KOFMBpfQ9oZFyHrJMOTx5rKtAvxZQmR0v_-zF2s"
"2024-07-15T17:05:12-0700","Billboard","https://images-wixmp-ed30a86b8c4ca887773594c2.wixmp.com/f/71021563-ba05-41f2-bcc4-169e0bbacaee/dhs9t69-6241e366-9818-4d15-8960-8a4f0c97aa5d.png/v1/fill/w_1920,h_1280,q_80,strp/billboard_by_jaxaaronson_dhs9t69-fullview.jpg?token=eyJ0eXAiOiJKV1QiLCJhbGciOiJIUzI1NiJ9.eyJzdWIiOiJ1cm46YXBwOjdlMGQxODg5ODIyNjQzNzNhNWYwZDQxNWVhMGQyNmUwIiwiaXNzIjoidXJuOmFwcDo3ZTBkMTg4OTgyMjY0MzczYTVmMGQ0MTVlYTBkMjZlMCIsIm9iaiI6W1t7ImhlaWdodCI6Ijw9MTI4MCIsInBhdGgiOiIvZi83MTAyMTU2My1iYTA1LTQxZjItYmNjNC0xNjllMGJiYWNhZWUvZGhzOXQ2OS02MjQxZTM2Ni05ODE4LTRkMTUtODk2MC04YTRmMGM5N2FhNWQucG5nIiwid2lkdGgiOiI8PTE5MjAifV1dLCJhdWQiOlsidXJuOnNlcnZpY2U6aW1hZ2Uub3BlcmF0aW9ucyJdfQ.UFNInAPc9A8r6QPcjKNbQZpUJP3BCxNjo59czzforWU"
"2024-07-15T17:06:12-0700","Pool","https://images-wixmp-ed30a86b8c4ca887773594c2.wixmp.com/f/71021563-ba05-41f2-bcc4-169e0bbacaee/dhs9teo-cfb8cb43-adb3-4f9e-8678-1df64ec3d495.png/v1/fill/w_1920,h_665,q_80,strp/pool_by_jaxaaronson_dhs9teo-fullview.jpg?token=eyJ0eXAiOiJKV1QiLCJhbGciOiJIUzI1NiJ9.eyJzdWIiOiJ1cm46YXBwOjdlMGQxODg5ODIyNjQzNzNhNWYwZDQxNWVhMGQyNmUwIiwiaXNzIjoidXJuOmFwcDo3ZTBkMTg4OTgyMjY0MzczYTVmMGQ0MTVlYTBkMjZlMCIsIm9iaiI6W1t7ImhlaWdodCI6Ijw9NjY1IiwicGF0aCI6Ii9mLzcxMDIxNTYzLWJhMDUtNDFmMi1iY2M0LTE2OWUwYmJhY2FlZS9kaHM5dGVvLWNmYjhjYjQzLWFkYjMtNGY5ZS04Njc4LTFkZjY0ZWMzZDQ5NS5wbmciLCJ3aWR0aCI6Ijw9MTkyMCJ9XV0sImF1ZCI6WyJ1cm46c2VydmljZTppbWFnZS5vcGVyYXRpb25zIl19.17QpbjI0c9SYkpSgDR_4OF2qOsynNX9ZvIhOWpGJ3pE"
"2024-07-15T18:05:30-0700","Yoga","https://images-wixmp-ed30a86b8c4ca887773594c2.wixmp.com/f/71021563-ba05-41f2-bcc4-169e0bbacaee/dhsa5uz-2718f936-e236-49c0-8f92-5b1416d54e63.png/v1/fill/w_1920,h_1280,q_80,strp/yoga_by_jaxaaronson_dhsa5uz-fullview.jpg?token=eyJ0eXAiOiJKV1QiLCJhbGciOiJIUzI1NiJ9.eyJzdWIiOiJ1cm46YXBwOjdlMGQxODg5ODIyNjQzNzNhNWYwZDQxNWVhMGQyNmUwIiwiaXNzIjoidXJuOmFwcDo3ZTBkMTg4OTgyMjY0MzczYTVmMGQ0MTVlYTBkMjZlMCIsIm9iaiI6W1t7ImhlaWdodCI6Ijw9MTI4MCIsInBhdGgiOiIvZi83MTAyMTU2My1iYTA1LTQxZjItYmNjNC0xNjllMGJiYWNhZWUvZGhzYTV1ei0yNzE4ZjkzNi1lMjM2LTQ5YzAtOGY5Mi01YjE0MTZkNTRlNjMucG5nIiwid2lkdGgiOiI8PTE5MjAifV1dLCJhdWQiOlsidXJuOnNlcnZpY2U6aW1hZ2Uub3BlcmF0aW9ucyJdfQ._Vg_rWfBxHgcXvK15fC43tGNLbQdO3MMCtIEe6xzCfs"
"2024-07-15T20:44:47-0700","Candlelight","https://images-wixmp-ed30a86b8c4ca887773594c2.wixmp.com/f/71021563-ba05-41f2-bcc4-169e0bbacaee/dhsazjb-5ad3887e-5435-42fd-9646-d580d99e6913.png/v1/fill/w_1280,h_889,q_80,strp/candlelight_by_jaxaaronson_dhsazjb-fullview.jpg?token=eyJ0eXAiOiJKV1QiLCJhbGciOiJIUzI1NiJ9.eyJzdWIiOiJ1cm46YXBwOjdlMGQxODg5ODIyNjQzNzNhNWYwZDQxNWVhMGQyNmUwIiwiaXNzIjoidXJuOmFwcDo3ZTBkMTg4OTgyMjY0MzczYTVmMGQ0MTVlYTBkMjZlMCIsIm9iaiI6W1t7ImhlaWdodCI6Ijw9ODg5IiwicGF0aCI6Ii9mLzcxMDIxNTYzLWJhMDUtNDFmMi1iY2M0LTE2OWUwYmJhY2FlZS9kaHNhempiLTVhZDM4ODdlLTU0MzUtNDJmZC05NjQ2LWQ1ODBkOTllNjkxMy5wbmciLCJ3aWR0aCI6Ijw9MTI4MCJ9XV0sImF1ZCI6WyJ1cm46c2VydmljZTppbWFnZS5vcGVyYXRpb25zIl19.HHn_LFUzQxGZSRVmWxS7TJW8nAna7pLcqTNYMl5z-xk"
"2024-07-15T21:39:48-0700","Open Road","https://images-wixmp-ed30a86b8c4ca887773594c2.wixmp.com/f/71021563-ba05-41f2-bcc4-169e0bbacaee/dhsb92a-44f078cb-5db6-4d21-8294-0b855f088e0f.png/v1/fill/w_1280,h_1600,q_80,strp/open_road_by_jaxaaronson_dhsb92a-fullview.jpg?token=eyJ0eXAiOiJKV1QiLCJhbGciOiJIUzI1NiJ9.eyJzdWIiOiJ1cm46YXBwOjdlMGQxODg5ODIyNjQzNzNhNWYwZDQxNWVhMGQyNmUwIiwiaXNzIjoidXJuOmFwcDo3ZTBkMTg4OTgyMjY0MzczYTVmMGQ0MTVlYTBkMjZlMCIsIm9iaiI6W1t7ImhlaWdodCI6Ijw9MTYwMCIsInBhdGgiOiIvZi83MTAyMTU2My1iYTA1LTQxZjItYmNjNC0xNjllMGJiYWNhZWUvZGhzYjkyYS00NGYwNzhjYi01ZGI2LTRkMjEtODI5NC0wYjg1NWYwODhlMGYucG5nIiwid2lkdGgiOiI8PTEyODAifV1dLCJhdWQiOlsidXJuOnNlcnZpY2U6aW1hZ2Uub3BlcmF0aW9ucyJdfQ.lh1f6y1Oh8PUH5qwOmhFox4OIaMdusWgko4e_23axME"
"2024-07-16T07:51:58-0700","Fanta","https://images-wixmp-ed30a86b8c4ca887773594c2.wixmp.com/f/71021563-ba05-41f2-bcc4-169e0bbacaee/dhse53i-e0ff5c4e-41e8-4d02-a6a4-5b4d01e9ffe3.png/v1/fill/w_1280,h_712,q_80,strp/fanta_by_jaxaaronson_dhse53i-fullview.jpg?token=eyJ0eXAiOiJKV1QiLCJhbGciOiJIUzI1NiJ9.eyJzdWIiOiJ1cm46YXBwOjdlMGQxODg5ODIyNjQzNzNhNWYwZDQxNWVhMGQyNmUwIiwiaXNzIjoidXJuOmFwcDo3ZTBkMTg4OTgyMjY0MzczYTVmMGQ0MTVlYTBkMjZlMCIsIm9iaiI6W1t7ImhlaWdodCI6Ijw9NzEyIiwicGF0aCI6Ii9mLzcxMDIxNTYzLWJhMDUtNDFmMi1iY2M0LTE2OWUwYmJhY2FlZS9kaHNlNTNpLWUwZmY1YzRlLTQxZTgtNGQwMi1hNmE0LTViNGQwMWU5ZmZlMy5wbmciLCJ3aWR0aCI6Ijw9MTI4MCJ9XV0sImF1ZCI6WyJ1cm46c2VydmljZTppbWFnZS5vcGVyYXRpb25zIl19.PRG8A6lLZkBYRLWO4RnY1t7ugdPIRFKCJG7f-Et0K7Y"
"2024-07-16T10:11:18-0700","Pajamas","https://images-wixmp-ed30a86b8c4ca887773594c2.wixmp.com/f/71021563-ba05-41f2-bcc4-169e0bbacaee/dhsezpl-f757fcf0-2795-472e-9557-edb1c6dd5998.png/v1/fill/w_1920,h_960,q_80,strp/pajamas_by_jaxaaronson_dhsezpl-fullview.jpg?token=eyJ0eXAiOiJKV1QiLCJhbGciOiJIUzI1NiJ9.eyJzdWIiOiJ1cm46YXBwOjdlMGQxODg5ODIyNjQzNzNhNWYwZDQxNWVhMGQyNmUwIiwiaXNzIjoidXJuOmFwcDo3ZTBkMTg4OTgyMjY0MzczYTVmMGQ0MTVlYTBkMjZlMCIsIm9iaiI6W1t7ImhlaWdodCI6Ijw9OTYwIiwicGF0aCI6Ii9mLzcxMDIxNTYzLWJhMDUtNDFmMi1iY2M0LTE2OWUwYmJhY2FlZS9kaHNlenBsLWY3NTdmY2YwLTI3OTUtNDcyZS05NTU3LWVkYjFjNmRkNTk5OC5wbmciLCJ3aWR0aCI6Ijw9MTkyMCJ9XV0sImF1ZCI6WyJ1cm46c2VydmljZTppbWFnZS5vcGVyYXRpb25zIl19.RwKOKoNkF9PgrDZVtD9xoe0PeHBT_-5i9sEeQ-nx9c8"
"2024-07-16T12:46:39-0700","Soundbooth","https://images-wixmp-ed30a86b8c4ca887773594c2.wixmp.com/f/71021563-ba05-41f2-bcc4-169e0bbacaee/dhsg10r-2bc41b3e-8474-4324-8874-e0a7a9c3419f.png/v1/fill/w_1920,h_1067,q_80,strp/soundbooth_by_jaxaaronson_dhsg10r-fullview.jpg?token=eyJ0eXAiOiJKV1QiLCJhbGciOiJIUzI1NiJ9.eyJzdWIiOiJ1cm46YXBwOjdlMGQxODg5ODIyNjQzNzNhNWYwZDQxNWVhMGQyNmUwIiwiaXNzIjoidXJuOmFwcDo3ZTBkMTg4OTgyMjY0MzczYTVmMGQ0MTVlYTBkMjZlMCIsIm9iaiI6W1t7ImhlaWdodCI6Ijw9MTA2NyIsInBhdGgiOiIvZi83MTAyMTU2My1iYTA1LTQxZjItYmNjNC0xNjllMGJiYWNhZWUvZGhzZzEwci0yYmM0MWIzZS04NDc0LTQzMjQtODg3NC1lMGE3YTljMzQxOWYucG5nIiwid2lkdGgiOiI8PTE5MjAifV1dLCJhdWQiOlsidXJuOnNlcnZpY2U6aW1hZ2Uub3BlcmF0aW9ucyJdfQ.CAY95zXiosprtkpuTWu4wE_1sXd_kKgD2C3iDGUljI4"
"2024-07-16T13:22:49-0700","Bakery","https://images-wixmp-ed30a86b8c4ca887773594c2.wixmp.com/f/71021563-ba05-41f2-bcc4-169e0bbacaee/dhsg9sz-cbc90683-e0cc-4e49-8846-c55e2be5b015.png/v1/fill/w_1280,h_800,q_80,strp/bakery_by_jaxaaronson_dhsg9sz-fullview.jpg?token=eyJ0eXAiOiJKV1QiLCJhbGciOiJIUzI1NiJ9.eyJzdWIiOiJ1cm46YXBwOjdlMGQxODg5ODIyNjQzNzNhNWYwZDQxNWVhMGQyNmUwIiwiaXNzIjoidXJuOmFwcDo3ZTBkMTg4OTgyMjY0MzczYTVmMGQ0MTVlYTBkMjZlMCIsIm9iaiI6W1t7ImhlaWdodCI6Ijw9ODAwIiwicGF0aCI6Ii9mLzcxMDIxNTYzLWJhMDUtNDFmMi1iY2M0LTE2OWUwYmJhY2FlZS9kaHNnOXN6LWNiYzkwNjgzLWUwY2MtNGU0OS04ODQ2LWM1NWUyYmU1YjAxNS5wbmciLCJ3aWR0aCI6Ijw9MTI4MCJ9XV0sImF1ZCI6WyJ1cm46c2VydmljZTppbWFnZS5vcGVyYXRpb25zIl19.--HCHujmda4xY1Au7Slii9RiLBOG3bkzHZ2p7Z59zjE"
"2024-07-16T14:43:12-0700","Beach","https://images-wixmp-ed30a86b8c4ca887773594c2.wixmp.com/f/71021563-ba05-41f2-bcc4-169e0bbacaee/dhsguo2-44e4b720-a90c-4b01-af5c-f55b76d56b1e.png/v1/fill/w_1920,h_1152,q_80,strp/beach_by_jaxaaronson_dhsguo2-fullview.jpg?token=eyJ0eXAiOiJKV1QiLCJhbGciOiJIUzI1NiJ9.eyJzdWIiOiJ1cm46YXBwOjdlMGQxODg5ODIyNjQzNzNhNWYwZDQxNWVhMGQyNmUwIiwiaXNzIjoidXJuOmFwcDo3ZTBkMTg4OTgyMjY0MzczYTVmMGQ0MTVlYTBkMjZlMCIsIm9iaiI6W1t7ImhlaWdodCI6Ijw9MTE1MiIsInBhdGgiOiIvZi83MTAyMTU2My1iYTA1LTQxZjItYmNjNC0xNjllMGJiYWNhZWUvZGhzZ3VvMi00NGU0YjcyMC1hOTBjLTRiMDEtYWY1Yy1mNTViNzZkNTZiMWUucG5nIiwid2lkdGgiOiI8PTE5MjAifV1dLCJhdWQiOlsidXJuOnNlcnZpY2U6aW1hZ2Uub3BlcmF0aW9ucyJdfQ.291vE_2An3lrcDshEJHcoeVvfkjA0MXnW54oOX9gKps"
"2024-07-16T18:57:24-0700","Oktoberfest","https://images-wixmp-ed30a86b8c4ca887773594c2.wixmp.com/f/71021563-ba05-41f2-bcc4-169e0bbacaee/dhsi8c4-2899d2c5-567c-4549-910b-dedf1e320da4.png/v1/fill/w_1920,h_1280,q_80,strp/oktoberfest_by_jaxaaronson_dhsi8c4-fullview.jpg?token=eyJ0eXAiOiJKV1QiLCJhbGciOiJIUzI1NiJ9.eyJzdWIiOiJ1cm46YXBwOjdlMGQxODg5ODIyNjQzNzNhNWYwZDQxNWVhMGQyNmUwIiwiaXNzIjoidXJuOmFwcDo3ZTBkMTg4OTgyMjY0MzczYTVmMGQ0MTVlYTBkMjZlMCIsIm9iaiI6W1t7ImhlaWdodCI6Ijw9MTI4MCIsInBhdGgiOiIvZi83MTAyMTU2My1iYTA1LTQxZjItYmNjNC0xNjllMGJiYWNhZWUvZGhzaThjNC0yODk5ZDJjNS01NjdjLTQ1NDktOTEwYi1kZWRmMWUzMjBkYTQucG5nIiwid2lkdGgiOiI8PTE5MjAifV1dLCJhdWQiOlsidXJuOnNlcnZpY2U6aW1hZ2Uub3BlcmF0aW9ucyJdfQ.QZjiFM71ExKae16RmTVGrhMCvoSlG3lQskTXrhl49Eo"
"2024-07-16T20:43:52-0700","Golf","https://images-wixmp-ed30a86b8c4ca887773594c2.wixmp.com/f/71021563-ba05-41f2-bcc4-169e0bbacaee/dhsiquj-75c3853e-e30f-465e-9376-f3654a16dbf4.png/v1/fill/w_1920,h_1500,q_80,strp/golf_by_jaxaaronson_dhsiquj-fullview.jpg?token=eyJ0eXAiOiJKV1QiLCJhbGciOiJIUzI1NiJ9.eyJzdWIiOiJ1cm46YXBwOjdlMGQxODg5ODIyNjQzNzNhNWYwZDQxNWVhMGQyNmUwIiwiaXNzIjoidXJuOmFwcDo3ZTBkMTg4OTgyMjY0MzczYTVmMGQ0MTVlYTBkMjZlMCIsIm9iaiI6W1t7ImhlaWdodCI6Ijw9MTUwMCIsInBhdGgiOiIvZi83MTAyMTU2My1iYTA1LTQxZjItYmNjNC0xNjllMGJiYWNhZWUvZGhzaXF1ai03NWMzODUzZS1lMzBmLTQ2NWUtOTM3Ni1mMzY1NGExNmRiZjQucG5nIiwid2lkdGgiOiI8PTE5MjAifV1dLCJhdWQiOlsidXJuOnNlcnZpY2U6aW1hZ2Uub3BlcmF0aW9ucyJdfQ.DXdZJEqx80x2qJJ2-mTqzneykoM-fjo5aoRe2i9fUlw"
"2024-07-16T21:04:33-0700","Treehouse","https://images-wixmp-ed30a86b8c4ca887773594c2.wixmp.com/f/71021563-ba05-41f2-bcc4-169e0bbacaee/dhsiulz-aaed11d5-1325-4c7e-b477-de99a577b766.png/v1/fill/w_1920,h_854,q_80,strp/treehouse_by_jaxaaronson_dhsiulz-fullview.jpg?token=eyJ0eXAiOiJKV1QiLCJhbGciOiJIUzI1NiJ9.eyJzdWIiOiJ1cm46YXBwOjdlMGQxODg5ODIyNjQzNzNhNWYwZDQxNWVhMGQyNmUwIiwiaXNzIjoidXJuOmFwcDo3ZTBkMTg4OTgyMjY0MzczYTVmMGQ0MTVlYTBkMjZlMCIsIm9iaiI6W1t7ImhlaWdodCI6Ijw9ODU0IiwicGF0aCI6Ii9mLzcxMDIxNTYzLWJhMDUtNDFmMi1iY2M0LTE2OWUwYmJhY2FlZS9kaHNpdWx6LWFhZWQxMWQ1LTEzMjUtNGM3ZS1iNDc3LWRlOTlhNTc3Yjc2Ni5wbmciLCJ3aWR0aCI6Ijw9MTkyMCJ9XV0sImF1ZCI6WyJ1cm46c2VydmljZTppbWFnZS5vcGVyYXRpb25zIl19.J7TbVjQBRp3BmQub9LBNHJ8f8BxcwFZPtDoFs9NYaDQ"
"2024-07-17T08:00:15-0700","Ribbons","https://images-wixmp-ed30a86b8c4ca887773594c2.wixmp.com/f/71021563-ba05-41f2-bcc4-169e0bbacaee/dhsm2lu-d1d7d7bf-88d5-4611-95e3-31b1f9ca8850.png/v1/fill/w_1920,h_1310,q_80,strp/ribbons_by_jaxaaronson_dhsm2lu-fullview.jpg?token=eyJ0eXAiOiJKV1QiLCJhbGciOiJIUzI1NiJ9.eyJzdWIiOiJ1cm46YXBwOjdlMGQxODg5ODIyNjQzNzNhNWYwZDQxNWVhMGQyNmUwIiwiaXNzIjoidXJuOmFwcDo3ZTBkMTg4OTgyMjY0MzczYTVmMGQ0MTVlYTBkMjZlMCIsIm9iaiI6W1t7ImhlaWdodCI6Ijw9MTMxMCIsInBhdGgiOiIvZi83MTAyMTU2My1iYTA1LTQxZjItYmNjNC0xNjllMGJiYWNhZWUvZGhzbTJsdS1kMWQ3ZDdiZi04OGQ1LTQ2MTEtOTVlMy0zMWIxZjljYTg4NTAucG5nIiwid2lkdGgiOiI8PTE5MjAifV1dLCJhdWQiOlsidXJuOnNlcnZpY2U6aW1hZ2Uub3BlcmF0aW9ucyJdfQ.zL9OQDZ9RX_eYPKu6EobJii_cnZU8s75F9IT-ZaeshY"
"2024-07-17T09:43:50-0700","Squat","https://images-wixmp-ed30a86b8c4ca887773594c2.wixmp.com/f/71021563-ba05-41f2-bcc4-169e0bbacaee/dhsmtfv-7371c327-777d-4244-b20c-03bf90260e84.png/v1/fill/w_1280,h_1000,q_80,strp/squat_by_jaxaaronson_dhsmtfv-fullview.jpg?token=eyJ0eXAiOiJKV1QiLCJhbGciOiJIUzI1NiJ9.eyJzdWIiOiJ1cm46YXBwOjdlMGQxODg5ODIyNjQzNzNhNWYwZDQxNWVhMGQyNmUwIiwiaXNzIjoidXJuOmFwcDo3ZTBkMTg4OTgyMjY0MzczYTVmMGQ0MTVlYTBkMjZlMCIsIm9iaiI6W1t7ImhlaWdodCI6Ijw9MTAwMCIsInBhdGgiOiIvZi83MTAyMTU2My1iYTA1LTQxZjItYmNjNC0xNjllMGJiYWNhZWUvZGhzbXRmdi03MzcxYzMyNy03NzdkLTQyNDQtYjIwYy0wM2JmOTAyNjBlODQucG5nIiwid2lkdGgiOiI8PTEyODAifV1dLCJhdWQiOlsidXJuOnNlcnZpY2U6aW1hZ2Uub3BlcmF0aW9ucyJdfQ.yJyEf3krgtyxlPWA9SqC51wDP5GJGMzHOUrI--e9A9E"
"2024-07-17T14:30:03-0700","Vineyard","https://images-wixmp-ed30a86b8c4ca887773594c2.wixmp.com/f/71021563-ba05-41f2-bcc4-169e0bbacaee/dhsomlh-ee0a3808-f75d-4bda-b143-48e90b80cb84.png/v1/fill/w_1920,h_1048,q_80,strp/vineyard_by_jaxaaronson_dhsomlh-fullview.jpg?token=eyJ0eXAiOiJKV1QiLCJhbGciOiJIUzI1NiJ9.eyJzdWIiOiJ1cm46YXBwOjdlMGQxODg5ODIyNjQzNzNhNWYwZDQxNWVhMGQyNmUwIiwiaXNzIjoidXJuOmFwcDo3ZTBkMTg4OTgyMjY0MzczYTVmMGQ0MTVlYTBkMjZlMCIsIm9iaiI6W1t7ImhlaWdodCI6Ijw9MTA0OCIsInBhdGgiOiIvZi83MTAyMTU2My1iYTA1LTQxZjItYmNjNC0xNjllMGJiYWNhZWUvZGhzb21saC1lZTBhMzgwOC1mNzVkLTRiZGEtYjE0My00OGU5MGI4MGNiODQucG5nIiwid2lkdGgiOiI8PTE5MjAifV1dLCJhdWQiOlsidXJuOnNlcnZpY2U6aW1hZ2Uub3BlcmF0aW9ucyJdfQ.H2L3_EH8xxmujxbJABEW3umWmMx9ynBqP-wqxhbOfYQ"
"2024-07-17T18:20:59-0700","Newspaper","https://images-wixmp-ed30a86b8c4ca887773594c2.wixmp.com/f/71021563-ba05-41f2-bcc4-169e0bbacaee/dhspx9f-27cfa89d-0d58-45bd-86e5-685baa065559.png/v1/fill/w_1920,h_2058,q_80,strp/newspaper_by_jaxaaronson_dhspx9f-fullview.jpg?token=eyJ0eXAiOiJKV1QiLCJhbGciOiJIUzI1NiJ9.eyJzdWIiOiJ1cm46YXBwOjdlMGQxODg5ODIyNjQzNzNhNWYwZDQxNWVhMGQyNmUwIiwiaXNzIjoidXJuOmFwcDo3ZTBkMTg4OTgyMjY0MzczYTVmMGQ0MTVlYTBkMjZlMCIsIm9iaiI6W1t7ImhlaWdodCI6Ijw9MjA1OCIsInBhdGgiOiIvZi83MTAyMTU2My1iYTA1LTQxZjItYmNjNC0xNjllMGJiYWNhZWUvZGhzcHg5Zi0yN2NmYTg5ZC0wZDU4LTQ1YmQtODZlNS02ODViYWEwNjU1NTkucG5nIiwid2lkdGgiOiI8PTE5MjAifV1dLCJhdWQiOlsidXJuOnNlcnZpY2U6aW1hZ2Uub3BlcmF0aW9ucyJdfQ.XYVcEUwJmdLZ5KuKaRHPC9T5LxLvpDVKNTXdSid3dmY"
"2024-07-17T19:11:44-0700","Raincoat","https://images-wixmp-ed30a86b8c4ca887773594c2.wixmp.com/f/71021563-ba05-41f2-bcc4-169e0bbacaee/dhsq59f-5f2371dc-c45c-43c2-a975-09520b87f80f.png/v1/fill/w_1280,h_1067,q_80,strp/raincoat_by_jaxaaronson_dhsq59f-fullview.jpg?token=eyJ0eXAiOiJKV1QiLCJhbGciOiJIUzI1NiJ9.eyJzdWIiOiJ1cm46YXBwOjdlMGQxODg5ODIyNjQzNzNhNWYwZDQxNWVhMGQyNmUwIiwiaXNzIjoidXJuOmFwcDo3ZTBkMTg4OTgyMjY0MzczYTVmMGQ0MTVlYTBkMjZlMCIsIm9iaiI6W1t7ImhlaWdodCI6Ijw9MTA2NyIsInBhdGgiOiIvZi83MTAyMTU2My1iYTA1LTQxZjItYmNjNC0xNjllMGJiYWNhZWUvZGhzcTU5Zi01ZjIzNzFkYy1jNDVjLTQzYzItYTk3NS0wOTUyMGI4N2Y4MGYucG5nIiwid2lkdGgiOiI8PTEyODAifV1dLCJhdWQiOlsidXJuOnNlcnZpY2U6aW1hZ2Uub3BlcmF0aW9ucyJdfQ.ZnNHsasQ4HIGT23u0VR6kVK3Y5x-97D7d4wHjtE7JUM"
"2024-07-17T19:35:34-0700","Piano","https://images-wixmp-ed30a86b8c4ca887773594c2.wixmp.com/f/71021563-ba05-41f2-bcc4-169e0bbacaee/dhsq941-641a613d-5bbd-420c-8c20-dc41e6eb38c1.png/v1/fill/w_1920,h_960,q_80,strp/piano_by_jaxaaronson_dhsq941-fullview.jpg?token=eyJ0eXAiOiJKV1QiLCJhbGciOiJIUzI1NiJ9.eyJzdWIiOiJ1cm46YXBwOjdlMGQxODg5ODIyNjQzNzNhNWYwZDQxNWVhMGQyNmUwIiwiaXNzIjoidXJuOmFwcDo3ZTBkMTg4OTgyMjY0MzczYTVmMGQ0MTVlYTBkMjZlMCIsIm9iaiI6W1t7ImhlaWdodCI6Ijw9OTYwIiwicGF0aCI6Ii9mLzcxMDIxNTYzLWJhMDUtNDFmMi1iY2M0LTE2OWUwYmJhY2FlZS9kaHNxOTQxLTY0MWE2MTNkLTViYmQtNDIwYy04YzIwLWRjNDFlNmViMzhjMS5wbmciLCJ3aWR0aCI6Ijw9MTkyMCJ9XV0sImF1ZCI6WyJ1cm46c2VydmljZTppbWFnZS5vcGVyYXRpb25zIl19.62UYZledDjqCo8euCy6zKd59h1iF4yVwUCCEOcbfdQI"
"2024-07-17T20:37:54-0700","Roller Coaster","https://images-wixmp-ed30a86b8c4ca887773594c2.wixmp.com/f/71021563-ba05-41f2-bcc4-169e0bbacaee/dhsqjme-d58de029-2865-4dfc-9757-b8b705f7b571.png/v1/fill/w_1920,h_1098,q_80,strp/roller_coaster_by_jaxaaronson_dhsqjme-fullview.jpg?token=eyJ0eXAiOiJKV1QiLCJhbGciOiJIUzI1NiJ9.eyJzdWIiOiJ1cm46YXBwOjdlMGQxODg5ODIyNjQzNzNhNWYwZDQxNWVhMGQyNmUwIiwiaXNzIjoidXJuOmFwcDo3ZTBkMTg4OTgyMjY0MzczYTVmMGQ0MTVlYTBkMjZlMCIsIm9iaiI6W1t7ImhlaWdodCI6Ijw9MTA5OCIsInBhdGgiOiIvZi83MTAyMTU2My1iYTA1LTQxZjItYmNjNC0xNjllMGJiYWNhZWUvZGhzcWptZS1kNThkZTAyOS0yODY1LTRkZmMtOTc1Ny1iOGI3MDVmN2I1NzEucG5nIiwid2lkdGgiOiI8PTE5MjAifV1dLCJhdWQiOlsidXJuOnNlcnZpY2U6aW1hZ2Uub3BlcmF0aW9ucyJdfQ.vTOaHKBgx97pOOy07sUmj_F2rC_MHLc0f35GrWnks30"
"2024-07-17T22:06:48-0700","Carousel","https://images-wixmp-ed30a86b8c4ca887773594c2.wixmp.com/f/71021563-ba05-41f2-bcc4-169e0bbacaee/dhsqyz3-a6bb508d-d2f7-41fd-bd29-47fb1a47eaa4.png/v1/fill/w_1920,h_1317,q_80,strp/carousel_by_jaxaaronson_dhsqyz3-fullview.jpg?token=eyJ0eXAiOiJKV1QiLCJhbGciOiJIUzI1NiJ9.eyJzdWIiOiJ1cm46YXBwOjdlMGQxODg5ODIyNjQzNzNhNWYwZDQxNWVhMGQyNmUwIiwiaXNzIjoidXJuOmFwcDo3ZTBkMTg4OTgyMjY0MzczYTVmMGQ0MTVlYTBkMjZlMCIsIm9iaiI6W1t7ImhlaWdodCI6Ijw9MTMxNyIsInBhdGgiOiIvZi83MTAyMTU2My1iYTA1LTQxZjItYmNjNC0xNjllMGJiYWNhZWUvZGhzcXl6My1hNmJiNTA4ZC1kMmY3LTQxZmQtYmQyOS00N2ZiMWE0N2VhYTQucG5nIiwid2lkdGgiOiI8PTE5MjAifV1dLCJhdWQiOlsidXJuOnNlcnZpY2U6aW1hZ2Uub3BlcmF0aW9ucyJdfQ.J9I87BuMXx7rNFxEjqJkXEl_X_KMqaKDLPHNwFAy2Cg"
"2024-07-18T21:02:27-0700","Backpack","https://images-wixmp-ed30a86b8c4ca887773594c2.wixmp.com/f/71021563-ba05-41f2-bcc4-169e0bbacaee/dhsy1q8-353ccfba-dd1d-4c92-948d-9c8b0c48e198.png/v1/fill/w_1280,h_889,q_80,strp/backpack_by_jaxaaronson_dhsy1q8-fullview.jpg?token=eyJ0eXAiOiJKV1QiLCJhbGciOiJIUzI1NiJ9.eyJzdWIiOiJ1cm46YXBwOjdlMGQxODg5ODIyNjQzNzNhNWYwZDQxNWVhMGQyNmUwIiwiaXNzIjoidXJuOmFwcDo3ZTBkMTg4OTgyMjY0MzczYTVmMGQ0MTVlYTBkMjZlMCIsIm9iaiI6W1t7ImhlaWdodCI6Ijw9ODg5IiwicGF0aCI6Ii9mLzcxMDIxNTYzLWJhMDUtNDFmMi1iY2M0LTE2OWUwYmJhY2FlZS9kaHN5MXE4LTM1M2NjZmJhLWRkMWQtNGM5Mi05NDhkLTljOGIwYzQ4ZTE5OC5wbmciLCJ3aWR0aCI6Ijw9MTI4MCJ9XV0sImF1ZCI6WyJ1cm46c2VydmljZTppbWFnZS5vcGVyYXRpb25zIl19.F8mLMuEmv4GWOXFNIYuZlqXh7O5fR6Qq8Tg9NFh4hNs"
"2024-07-19T08:54:45-0700","Shower Drain","https://images-wixmp-ed30a86b8c4ca887773594c2.wixmp.com/f/71021563-ba05-41f2-bcc4-169e0bbacaee/dht1cos-d32d9bc9-2f31-475c-9bea-d45dee310722.png/v1/fill/w_1280,h_960,q_80,strp/shower_drain_by_jaxaaronson_dht1cos-fullview.jpg?token=eyJ0eXAiOiJKV1QiLCJhbGciOiJIUzI1NiJ9.eyJzdWIiOiJ1cm46YXBwOjdlMGQxODg5ODIyNjQzNzNhNWYwZDQxNWVhMGQyNmUwIiwiaXNzIjoidXJuOmFwcDo3ZTBkMTg4OTgyMjY0MzczYTVmMGQ0MTVlYTBkMjZlMCIsIm9iaiI6W1t7ImhlaWdodCI6Ijw9OTYwIiwicGF0aCI6Ii9mLzcxMDIxNTYzLWJhMDUtNDFmMi1iY2M0LTE2OWUwYmJhY2FlZS9kaHQxY29zLWQzMmQ5YmM5LTJmMzEtNDc1Yy05YmVhLWQ0NWRlZTMxMDcyMi5wbmciLCJ3aWR0aCI6Ijw9MTI4MCJ9XV0sImF1ZCI6WyJ1cm46c2VydmljZTppbWFnZS5vcGVyYXRpb25zIl19.QEw2AO_ak71K9fiP7XZTD11kmCVpSIUlBxrisGdYEL0"
"2024-07-19T10:31:17-0700","National Mall","https://images-wixmp-ed30a86b8c4ca887773594c2.wixmp.com/f/71021563-ba05-41f2-bcc4-169e0bbacaee/dht1xid-36b726cc-a36d-4068-9e05-714ff5020b8b.png/v1/fill/w_1280,h_960,q_80,strp/national_mall_by_jaxaaronson_dht1xid-fullview.jpg?token=eyJ0eXAiOiJKV1QiLCJhbGciOiJIUzI1NiJ9.eyJzdWIiOiJ1cm46YXBwOjdlMGQxODg5ODIyNjQzNzNhNWYwZDQxNWVhMGQyNmUwIiwiaXNzIjoidXJuOmFwcDo3ZTBkMTg4OTgyMjY0MzczYTVmMGQ0MTVlYTBkMjZlMCIsIm9iaiI6W1t7ImhlaWdodCI6Ijw9OTYwIiwicGF0aCI6Ii9mLzcxMDIxNTYzLWJhMDUtNDFmMi1iY2M0LTE2OWUwYmJhY2FlZS9kaHQxeGlkLTM2YjcyNmNjLWEzNmQtNDA2OC05ZTA1LTcxNGZmNTAyMGI4Yi5wbmciLCJ3aWR0aCI6Ijw9MTI4MCJ9XV0sImF1ZCI6WyJ1cm46c2VydmljZTppbWFnZS5vcGVyYXRpb25zIl19.MXYocRHO_Ch4mU4ZvTMuwZZHGlUxDWTWJWBMxVxC02Y"
"2024-07-19T11:55:04-0700","Dock","https://images-wixmp-ed30a86b8c4ca887773594c2.wixmp.com/f/71021563-ba05-41f2-bcc4-169e0bbacaee/dht2fcs-a3d00adc-a79b-4043-b820-e6477220c237.png/v1/fill/w_1920,h_1091,q_80,strp/dock_by_jaxaaronson_dht2fcs-fullview.jpg?token=eyJ0eXAiOiJKV1QiLCJhbGciOiJIUzI1NiJ9.eyJzdWIiOiJ1cm46YXBwOjdlMGQxODg5ODIyNjQzNzNhNWYwZDQxNWVhMGQyNmUwIiwiaXNzIjoidXJuOmFwcDo3ZTBkMTg4OTgyMjY0MzczYTVmMGQ0MTVlYTBkMjZlMCIsIm9iaiI6W1t7ImhlaWdodCI6Ijw9MTA5MSIsInBhdGgiOiIvZi83MTAyMTU2My1iYTA1LTQxZjItYmNjNC0xNjllMGJiYWNhZWUvZGh0MmZjcy1hM2QwMGFkYy1hNzliLTQwNDMtYjgyMC1lNjQ3NzIyMGMyMzcucG5nIiwid2lkdGgiOiI8PTE5MjAifV1dLCJhdWQiOlsidXJuOnNlcnZpY2U6aW1hZ2Uub3BlcmF0aW9ucyJdfQ.m7_AvsNJ2dtQ5OC0pTfjAmx_N99WccnIHOJBiTTcHhs"
"2024-07-19T12:30:43-0700","Banking","https://images-wixmp-ed30a86b8c4ca887773594c2.wixmp.com/f/71021563-ba05-41f2-bcc4-169e0bbacaee/dht2mkx-7e64b945-6391-44a8-9f25-597667e83fd3.png/v1/fill/w_1280,h_889,q_80,strp/banking_by_jaxaaronson_dht2mkx-fullview.jpg?token=eyJ0eXAiOiJKV1QiLCJhbGciOiJIUzI1NiJ9.eyJzdWIiOiJ1cm46YXBwOjdlMGQxODg5ODIyNjQzNzNhNWYwZDQxNWVhMGQyNmUwIiwiaXNzIjoidXJuOmFwcDo3ZTBkMTg4OTgyMjY0MzczYTVmMGQ0MTVlYTBkMjZlMCIsIm9iaiI6W1t7ImhlaWdodCI6Ijw9ODg5IiwicGF0aCI6Ii9mLzcxMDIxNTYzLWJhMDUtNDFmMi1iY2M0LTE2OWUwYmJhY2FlZS9kaHQybWt4LTdlNjRiOTQ1LTYzOTEtNDRhOC05ZjI1LTU5NzY2N2U4M2ZkMy5wbmciLCJ3aWR0aCI6Ijw9MTI4MCJ9XV0sImF1ZCI6WyJ1cm46c2VydmljZTppbWFnZS5vcGVyYXRpb25zIl19.bW1LXhwjz9QEjGyuL7YSxNBO_4bYMSlMJGB_xbtaUvk"
"2024-07-19T14:33:30-0700","Glass Ceiling","https://images-wixmp-ed30a86b8c4ca887773594c2.wixmp.com/f/71021563-ba05-41f2-bcc4-169e0bbacaee/dht3f1l-65c0660e-e6bb-45b1-92e0-808517c57c8f.png/v1/fill/w_1280,h_732,q_80,strp/glass_ceiling_by_jaxaaronson_dht3f1l-fullview.jpg?token=eyJ0eXAiOiJKV1QiLCJhbGciOiJIUzI1NiJ9.eyJzdWIiOiJ1cm46YXBwOjdlMGQxODg5ODIyNjQzNzNhNWYwZDQxNWVhMGQyNmUwIiwiaXNzIjoidXJuOmFwcDo3ZTBkMTg4OTgyMjY0MzczYTVmMGQ0MTVlYTBkMjZlMCIsIm9iaiI6W1t7ImhlaWdodCI6Ijw9NzMyIiwicGF0aCI6Ii9mLzcxMDIxNTYzLWJhMDUtNDFmMi1iY2M0LTE2OWUwYmJhY2FlZS9kaHQzZjFsLTY1YzA2NjBlLWU2YmItNDViMS05MmUwLTgwODUxN2M1N2M4Zi5wbmciLCJ3aWR0aCI6Ijw9MTI4MCJ9XV0sImF1ZCI6WyJ1cm46c2VydmljZTppbWFnZS5vcGVyYXRpb25zIl19.Lh0qvzcnm1nOTfsv9HeI8PfnYITRArnweRgMq5YvkDQ"
"2024-07-19T18:12:52-0700","Ancient Structure","https://images-wixmp-ed30a86b8c4ca887773594c2.wixmp.com/f/71021563-ba05-41f2-bcc4-169e0bbacaee/dht4mkk-49cccce5-ba55-4c8a-bcfd-294a8cbf636f.png/v1/fill/w_1920,h_1344,q_80,strp/ancient_structure_by_jaxaaronson_dht4mkk-fullview.jpg?token=eyJ0eXAiOiJKV1QiLCJhbGciOiJIUzI1NiJ9.eyJzdWIiOiJ1cm46YXBwOjdlMGQxODg5ODIyNjQzNzNhNWYwZDQxNWVhMGQyNmUwIiwiaXNzIjoidXJuOmFwcDo3ZTBkMTg4OTgyMjY0MzczYTVmMGQ0MTVlYTBkMjZlMCIsIm9iaiI6W1t7ImhlaWdodCI6Ijw9MTM0NCIsInBhdGgiOiIvZi83MTAyMTU2My1iYTA1LTQxZjItYmNjNC0xNjllMGJiYWNhZWUvZGh0NG1ray00OWNjY2NlNS1iYTU1LTRjOGEtYmNmZC0yOTRhOGNiZjYzNmYucG5nIiwid2lkdGgiOiI8PTE5MjAifV1dLCJhdWQiOlsidXJuOnNlcnZpY2U6aW1hZ2Uub3BlcmF0aW9ucyJdfQ.o7P2xblNsFzbCOubSm7PHik8HX7ZiS-yGHPQnvncPvw"
"2024-07-19T20:53:34-0700","Vanity","https://images-wixmp-ed30a86b8c4ca887773594c2.wixmp.com/f/71021563-ba05-41f2-bcc4-169e0bbacaee/dht5dpw-3b87bfd1-ccbd-4e95-a743-99442f538f76.png/v1/fill/w_1920,h_1344,q_80,strp/vanity_by_jaxaaronson_dht5dpw-fullview.jpg?token=eyJ0eXAiOiJKV1QiLCJhbGciOiJIUzI1NiJ9.eyJzdWIiOiJ1cm46YXBwOjdlMGQxODg5ODIyNjQzNzNhNWYwZDQxNWVhMGQyNmUwIiwiaXNzIjoidXJuOmFwcDo3ZTBkMTg4OTgyMjY0MzczYTVmMGQ0MTVlYTBkMjZlMCIsIm9iaiI6W1t7ImhlaWdodCI6Ijw9MTM0NCIsInBhdGgiOiIvZi83MTAyMTU2My1iYTA1LTQxZjItYmNjNC0xNjllMGJiYWNhZWUvZGh0NWRwdy0zYjg3YmZkMS1jY2JkLTRlOTUtYTc0My05OTQ0MmY1MzhmNzYucG5nIiwid2lkdGgiOiI8PTE5MjAifV1dLCJhdWQiOlsidXJuOnNlcnZpY2U6aW1hZ2Uub3BlcmF0aW9ucyJdfQ.G2_hndebiZajErUl3b8_SSQfUzrzQRYFV5WyTH57R5k"
"2024-07-20T10:51:31-0700","Campfire","https://images-wixmp-ed30a86b8c4ca887773594c2.wixmp.com/f/71021563-ba05-41f2-bcc4-169e0bbacaee/dht9lbl-eafec4ef-0b1e-4783-9088-464a03703795.png/v1/fill/w_1920,h_960,q_80,strp/campfire_by_jaxaaronson_dht9lbl-fullview.jpg?token=eyJ0eXAiOiJKV1QiLCJhbGciOiJIUzI1NiJ9.eyJzdWIiOiJ1cm46YXBwOjdlMGQxODg5ODIyNjQzNzNhNWYwZDQxNWVhMGQyNmUwIiwiaXNzIjoidXJuOmFwcDo3ZTBkMTg4OTgyMjY0MzczYTVmMGQ0MTVlYTBkMjZlMCIsIm9iaiI6W1t7ImhlaWdodCI6Ijw9OTYwIiwicGF0aCI6Ii9mLzcxMDIxNTYzLWJhMDUtNDFmMi1iY2M0LTE2OWUwYmJhY2FlZS9kaHQ5bGJsLWVhZmVjNGVmLTBiMWUtNDc4My05MDg4LTQ2NGEwMzcwMzc5NS5wbmciLCJ3aWR0aCI6Ijw9MTkyMCJ9XV0sImF1ZCI6WyJ1cm46c2VydmljZTppbWFnZS5vcGVyYXRpb25zIl19.M7bZr_3pj3NXnoawgM-wjkfhRiwOAyO5D5D2uoI44ck"
"2024-07-20T11:40:44-0700","Bleachers","https://images-wixmp-ed30a86b8c4ca887773594c2.wixmp.com/f/71021563-ba05-41f2-bcc4-169e0bbacaee/dht9w8k-b66304aa-6bc4-44ba-aab7-e60476105c98.png/v1/fill/w_1920,h_1334,q_80,strp/bleachers_by_jaxaaronson_dht9w8k-fullview.jpg?token=eyJ0eXAiOiJKV1QiLCJhbGciOiJIUzI1NiJ9.eyJzdWIiOiJ1cm46YXBwOjdlMGQxODg5ODIyNjQzNzNhNWYwZDQxNWVhMGQyNmUwIiwiaXNzIjoidXJuOmFwcDo3ZTBkMTg4OTgyMjY0MzczYTVmMGQ0MTVlYTBkMjZlMCIsIm9iaiI6W1t7ImhlaWdodCI6Ijw9MTMzNCIsInBhdGgiOiIvZi83MTAyMTU2My1iYTA1LTQxZjItYmNjNC0xNjllMGJiYWNhZWUvZGh0OXc4ay1iNjYzMDRhYS02YmM0LTQ0YmEtYWFiNy1lNjA0NzYxMDVjOTgucG5nIiwid2lkdGgiOiI8PTE5MjAifV1dLCJhdWQiOlsidXJuOnNlcnZpY2U6aW1hZ2Uub3BlcmF0aW9ucyJdfQ.iqqQGTKRT0JysuGRGyHFW5t4M3Mn0T0HdFKwW8u6Sjo"
"2024-07-20T13:05:05-0700","Sheets","https://images-wixmp-ed30a86b8c4ca887773594c2.wixmp.com/f/71021563-ba05-41f2-bcc4-169e0bbacaee/dhtaep7-a499889b-0c19-43d2-9bbe-86d607b0969f.png/v1/fill/w_1920,h_1989,q_80,strp/sheets_by_jaxaaronson_dhtaep7-fullview.jpg?token=eyJ0eXAiOiJKV1QiLCJhbGciOiJIUzI1NiJ9.eyJzdWIiOiJ1cm46YXBwOjdlMGQxODg5ODIyNjQzNzNhNWYwZDQxNWVhMGQyNmUwIiwiaXNzIjoidXJuOmFwcDo3ZTBkMTg4OTgyMjY0MzczYTVmMGQ0MTVlYTBkMjZlMCIsIm9iaiI6W1t7ImhlaWdodCI6Ijw9MTk4OSIsInBhdGgiOiIvZi83MTAyMTU2My1iYTA1LTQxZjItYmNjNC0xNjllMGJiYWNhZWUvZGh0YWVwNy1hNDk5ODg5Yi0wYzE5LTQzZDItOWJiZS04NmQ2MDdiMDk2OWYucG5nIiwid2lkdGgiOiI8PTE5MjAifV1dLCJhdWQiOlsidXJuOnNlcnZpY2U6aW1hZ2Uub3BlcmF0aW9ucyJdfQ.42KgIvfLnhvprOJrgW-rkM5Ir0UCUZCu4bzWHElp46Q"
"2024-07-20T19:50:21-0700","Punk","https://images-wixmp-ed30a86b8c4ca887773594c2.wixmp.com/f/71021563-ba05-41f2-bcc4-169e0bbacaee/dhtcikc-367fb08b-9c16-4681-9e18-41223c0408d8.png/v1/fill/w_1280,h_887,q_80,strp/punk_by_jaxaaronson_dhtcikc-fullview.jpg?token=eyJ0eXAiOiJKV1QiLCJhbGciOiJIUzI1NiJ9.eyJzdWIiOiJ1cm46YXBwOjdlMGQxODg5ODIyNjQzNzNhNWYwZDQxNWVhMGQyNmUwIiwiaXNzIjoidXJuOmFwcDo3ZTBkMTg4OTgyMjY0MzczYTVmMGQ0MTVlYTBkMjZlMCIsIm9iaiI6W1t7ImhlaWdodCI6Ijw9ODg3IiwicGF0aCI6Ii9mLzcxMDIxNTYzLWJhMDUtNDFmMi1iY2M0LTE2OWUwYmJhY2FlZS9kaHRjaWtjLTM2N2ZiMDhiLTljMTYtNDY4MS05ZTE4LTQxMjIzYzA0MDhkOC5wbmciLCJ3aWR0aCI6Ijw9MTI4MCJ9XV0sImF1ZCI6WyJ1cm46c2VydmljZTppbWFnZS5vcGVyYXRpb25zIl19.427Z4jXGnY2bZU17AVdg53Ap7EKZ2lu6kszyggVGYcA"
"2024-07-20T20:04:32-0700","Bbq","https://images-wixmp-ed30a86b8c4ca887773594c2.wixmp.com/f/71021563-ba05-41f2-bcc4-169e0bbacaee/dhtcl1e-85ec35c7-33ef-42a2-a8c9-1355a4640dc5.png/v1/fill/w_1920,h_1440,q_80,strp/bbq_by_jaxaaronson_dhtcl1e-fullview.jpg?token=eyJ0eXAiOiJKV1QiLCJhbGciOiJIUzI1NiJ9.eyJzdWIiOiJ1cm46YXBwOjdlMGQxODg5ODIyNjQzNzNhNWYwZDQxNWVhMGQyNmUwIiwiaXNzIjoidXJuOmFwcDo3ZTBkMTg4OTgyMjY0MzczYTVmMGQ0MTVlYTBkMjZlMCIsIm9iaiI6W1t7ImhlaWdodCI6Ijw9MTQ0MCIsInBhdGgiOiIvZi83MTAyMTU2My1iYTA1LTQxZjItYmNjNC0xNjllMGJiYWNhZWUvZGh0Y2wxZS04NWVjMzVjNy0zM2VmLTQyYTItYThjOS0xMzU1YTQ2NDBkYzUucG5nIiwid2lkdGgiOiI8PTE5MjAifV1dLCJhdWQiOlsidXJuOnNlcnZpY2U6aW1hZ2Uub3BlcmF0aW9ucyJdfQ.q4_hc0h-cpmKBUZwc1xUPF_9hzLczCqDZwnglqo5qn8"
"2024-07-21T08:24:19-0700","San Francisco","https://images-wixmp-ed30a86b8c4ca887773594c2.wixmp.com/f/71021563-ba05-41f2-bcc4-169e0bbacaee/dhtgmp3-db861308-6e80-40bc-8195-9c29d5cd9748.png/v1/fill/w_1920,h_1200,q_80,strp/san_francisco_by_jaxaaronson_dhtgmp3-fullview.jpg?token=eyJ0eXAiOiJKV1QiLCJhbGciOiJIUzI1NiJ9.eyJzdWIiOiJ1cm46YXBwOjdlMGQxODg5ODIyNjQzNzNhNWYwZDQxNWVhMGQyNmUwIiwiaXNzIjoidXJuOmFwcDo3ZTBkMTg4OTgyMjY0MzczYTVmMGQ0MTVlYTBkMjZlMCIsIm9iaiI6W1t7ImhlaWdodCI6Ijw9MTIwMCIsInBhdGgiOiIvZi83MTAyMTU2My1iYTA1LTQxZjItYmNjNC0xNjllMGJiYWNhZWUvZGh0Z21wMy1kYjg2MTMwOC02ZTgwLTQwYmMtODE5NS05YzI5ZDVjZDk3NDgucG5nIiwid2lkdGgiOiI8PTE5MjAifV1dLCJhdWQiOlsidXJuOnNlcnZpY2U6aW1hZ2Uub3BlcmF0aW9ucyJdfQ.IIdWnXxLhejx7zXh0TOITxjEfMONUEQvi-1G_wqEMZQ"
"2024-07-21T08:42:22-0700","Bus","https://images-wixmp-ed30a86b8c4ca887773594c2.wixmp.com/f/71021563-ba05-41f2-bcc4-169e0bbacaee/dhtgrnz-bf5fe1ed-d247-449d-8b23-3afd75dcf344.png/v1/fill/w_1920,h_694,q_80,strp/bus_by_jaxaaronson_dhtgrnz-fullview.jpg?token=eyJ0eXAiOiJKV1QiLCJhbGciOiJIUzI1NiJ9.eyJzdWIiOiJ1cm46YXBwOjdlMGQxODg5ODIyNjQzNzNhNWYwZDQxNWVhMGQyNmUwIiwiaXNzIjoidXJuOmFwcDo3ZTBkMTg4OTgyMjY0MzczYTVmMGQ0MTVlYTBkMjZlMCIsIm9iaiI6W1t7ImhlaWdodCI6Ijw9Njk0IiwicGF0aCI6Ii9mLzcxMDIxNTYzLWJhMDUtNDFmMi1iY2M0LTE2OWUwYmJhY2FlZS9kaHRncm56LWJmNWZlMWVkLWQyNDctNDQ5ZC04YjIzLTNhZmQ3NWRjZjM0NC5wbmciLCJ3aWR0aCI6Ijw9MTkyMCJ9XV0sImF1ZCI6WyJ1cm46c2VydmljZTppbWFnZS5vcGVyYXRpb25zIl19.WmhEIbT03ir6UE4OQm33wcAExZ6WL_nA19ohK0JpgKk"
"2024-07-21T11:01:02-0700","Alps","https://images-wixmp-ed30a86b8c4ca887773594c2.wixmp.com/f/71021563-ba05-41f2-bcc4-169e0bbacaee/dhthurj-58cb7321-3193-46cb-a15c-5f8447c6c69b.png/v1/fill/w_1920,h_1334,q_80,strp/alps_by_jaxaaronson_dhthurj-fullview.jpg?token=eyJ0eXAiOiJKV1QiLCJhbGciOiJIUzI1NiJ9.eyJzdWIiOiJ1cm46YXBwOjdlMGQxODg5ODIyNjQzNzNhNWYwZDQxNWVhMGQyNmUwIiwiaXNzIjoidXJuOmFwcDo3ZTBkMTg4OTgyMjY0MzczYTVmMGQ0MTVlYTBkMjZlMCIsIm9iaiI6W1t7ImhlaWdodCI6Ijw9MTMzNCIsInBhdGgiOiIvZi83MTAyMTU2My1iYTA1LTQxZjItYmNjNC0xNjllMGJiYWNhZWUvZGh0aHVyai01OGNiNzMyMS0zMTkzLTQ2Y2ItYTE1Yy01Zjg0NDdjNmM2OWIucG5nIiwid2lkdGgiOiI8PTE5MjAifV1dLCJhdWQiOlsidXJuOnNlcnZpY2U6aW1hZ2Uub3BlcmF0aW9ucyJdfQ.QFMtmomq73HgUd0Dm_ZNT4DEkmn_oHqc6-p5q-IzUgY"
"2024-07-21T11:01:49-0700","Derby","https://images-wixmp-ed30a86b8c4ca887773594c2.wixmp.com/f/71021563-ba05-41f2-bcc4-169e0bbacaee/dhthux3-3a68e26d-c319-4b65-837e-7b2cdb60fb24.png/v1/fill/w_1920,h_1372,q_80,strp/derby_by_jaxaaronson_dhthux3-fullview.jpg?token=eyJ0eXAiOiJKV1QiLCJhbGciOiJIUzI1NiJ9.eyJzdWIiOiJ1cm46YXBwOjdlMGQxODg5ODIyNjQzNzNhNWYwZDQxNWVhMGQyNmUwIiwiaXNzIjoidXJuOmFwcDo3ZTBkMTg4OTgyMjY0MzczYTVmMGQ0MTVlYTBkMjZlMCIsIm9iaiI6W1t7ImhlaWdodCI6Ijw9MTM3MiIsInBhdGgiOiIvZi83MTAyMTU2My1iYTA1LTQxZjItYmNjNC0xNjllMGJiYWNhZWUvZGh0aHV4My0zYTY4ZTI2ZC1jMzE5LTRiNjUtODM3ZS03YjJjZGI2MGZiMjQucG5nIiwid2lkdGgiOiI8PTE5MjAifV1dLCJhdWQiOlsidXJuOnNlcnZpY2U6aW1hZ2Uub3BlcmF0aW9ucyJdfQ.Yl9RwPyjljg_DEmAni-wcL7kXsJyhJ0DfKwcIyAjuJE"
"2024-07-21T11:02:35-0700","Spear","https://images-wixmp-ed30a86b8c4ca887773594c2.wixmp.com/f/71021563-ba05-41f2-bcc4-169e0bbacaee/dhthv3s-486acbc2-763b-408d-bfb7-ee4a47572412.png/v1/fill/w_1920,h_1067,q_80,strp/spear_by_jaxaaronson_dhthv3s-fullview.jpg?token=eyJ0eXAiOiJKV1QiLCJhbGciOiJIUzI1NiJ9.eyJzdWIiOiJ1cm46YXBwOjdlMGQxODg5ODIyNjQzNzNhNWYwZDQxNWVhMGQyNmUwIiwiaXNzIjoidXJuOmFwcDo3ZTBkMTg4OTgyMjY0MzczYTVmMGQ0MTVlYTBkMjZlMCIsIm9iaiI6W1t7ImhlaWdodCI6Ijw9MTA2NyIsInBhdGgiOiIvZi83MTAyMTU2My1iYTA1LTQxZjItYmNjNC0xNjllMGJiYWNhZWUvZGh0aHYzcy00ODZhY2JjMi03NjNiLTQwOGQtYmZiNy1lZTRhNDc1NzI0MTIucG5nIiwid2lkdGgiOiI8PTE5MjAifV1dLCJhdWQiOlsidXJuOnNlcnZpY2U6aW1hZ2Uub3BlcmF0aW9ucyJdfQ.wqxbCj7PMzRKjF9qMgZW3A6XMOquYxbvszWe7Jfpn28"
"2024-07-21T12:31:03-0700","Bean Bag","https://images-wixmp-ed30a86b8c4ca887773594c2.wixmp.com/f/71021563-ba05-41f2-bcc4-169e0bbacaee/dhtikju-083f1029-1b62-42b0-b68e-337e7e36f42b.png/v1/fill/w_1280,h_822,q_80,strp/bean_bag_by_jaxaaronson_dhtikju-fullview.jpg?token=eyJ0eXAiOiJKV1QiLCJhbGciOiJIUzI1NiJ9.eyJzdWIiOiJ1cm46YXBwOjdlMGQxODg5ODIyNjQzNzNhNWYwZDQxNWVhMGQyNmUwIiwiaXNzIjoidXJuOmFwcDo3ZTBkMTg4OTgyMjY0MzczYTVmMGQ0MTVlYTBkMjZlMCIsIm9iaiI6W1t7ImhlaWdodCI6Ijw9ODIyIiwicGF0aCI6Ii9mLzcxMDIxNTYzLWJhMDUtNDFmMi1iY2M0LTE2OWUwYmJhY2FlZS9kaHRpa2p1LTA4M2YxMDI5LTFiNjItNDJiMC1iNjhlLTMzN2U3ZTM2ZjQyYi5wbmciLCJ3aWR0aCI6Ijw9MTI4MCJ9XV0sImF1ZCI6WyJ1cm46c2VydmljZTppbWFnZS5vcGVyYXRpb25zIl19.wwiNDOhyGFheYB7KGUKblVZLF1WtwSJ2NJvQGBNqHSY"
"2024-07-21T16:07:45-0700","Cruise","https://images-wixmp-ed30a86b8c4ca887773594c2.wixmp.com/f/71021563-ba05-41f2-bcc4-169e0bbacaee/dhtjzan-fe8d257b-3074-41a9-a418-f6de8883e016.png/v1/fill/w_1920,h_1440,q_80,strp/cruise_by_jaxaaronson_dhtjzan-fullview.jpg?token=eyJ0eXAiOiJKV1QiLCJhbGciOiJIUzI1NiJ9.eyJzdWIiOiJ1cm46YXBwOjdlMGQxODg5ODIyNjQzNzNhNWYwZDQxNWVhMGQyNmUwIiwiaXNzIjoidXJuOmFwcDo3ZTBkMTg4OTgyMjY0MzczYTVmMGQ0MTVlYTBkMjZlMCIsIm9iaiI6W1t7ImhlaWdodCI6Ijw9MTQ0MCIsInBhdGgiOiIvZi83MTAyMTU2My1iYTA1LTQxZjItYmNjNC0xNjllMGJiYWNhZWUvZGh0anphbi1mZThkMjU3Yi0zMDc0LTQxYTktYTQxOC1mNmRlODg4M2UwMTYucG5nIiwid2lkdGgiOiI8PTE5MjAifV1dLCJhdWQiOlsidXJuOnNlcnZpY2U6aW1hZ2Uub3BlcmF0aW9ucyJdfQ.CfykUcTXjEOWmw33Lo7BfLZq7RLRJ9DUpUZLc2K21Gk"
"2024-07-21T16:08:32-0700","Lightning","https://images-wixmp-ed30a86b8c4ca887773594c2.wixmp.com/f/71021563-ba05-41f2-bcc4-169e0bbacaee/dhtjzhb-2ec51753-3efc-40cc-aa37-5f447cdc95f3.png/v1/fill/w_1280,h_1372,q_80,strp/lightning_by_jaxaaronson_dhtjzhb-fullview.jpg?token=eyJ0eXAiOiJKV1QiLCJhbGciOiJIUzI1NiJ9.eyJzdWIiOiJ1cm46YXBwOjdlMGQxODg5ODIyNjQzNzNhNWYwZDQxNWVhMGQyNmUwIiwiaXNzIjoidXJuOmFwcDo3ZTBkMTg4OTgyMjY0MzczYTVmMGQ0MTVlYTBkMjZlMCIsIm9iaiI6W1t7ImhlaWdodCI6Ijw9MTM3MiIsInBhdGgiOiIvZi83MTAyMTU2My1iYTA1LTQxZjItYmNjNC0xNjllMGJiYWNhZWUvZGh0anpoYi0yZWM1MTc1My0zZWZjLTQwY2MtYWEzNy01ZjQ0N2NkYzk1ZjMucG5nIiwid2lkdGgiOiI8PTEyODAifV1dLCJhdWQiOlsidXJuOnNlcnZpY2U6aW1hZ2Uub3BlcmF0aW9ucyJdfQ.HsDmIhEICObXQjA-t2lJVBp1FX3t_fkqiK330jSbHY8"
"2024-07-21T16:09:20-0700","Altar","https://images-wixmp-ed30a86b8c4ca887773594c2.wixmp.com/f/71021563-ba05-41f2-bcc4-169e0bbacaee/dhtjznr-7b09e707-9153-4999-8bdb-b72714483079.png/v1/fill/w_1920,h_1200,q_80,strp/altar_by_jaxaaronson_dhtjznr-fullview.jpg?token=eyJ0eXAiOiJKV1QiLCJhbGciOiJIUzI1NiJ9.eyJzdWIiOiJ1cm46YXBwOjdlMGQxODg5ODIyNjQzNzNhNWYwZDQxNWVhMGQyNmUwIiwiaXNzIjoidXJuOmFwcDo3ZTBkMTg4OTgyMjY0MzczYTVmMGQ0MTVlYTBkMjZlMCIsIm9iaiI6W1t7ImhlaWdodCI6Ijw9MTIwMCIsInBhdGgiOiIvZi83MTAyMTU2My1iYTA1LTQxZjItYmNjNC0xNjllMGJiYWNhZWUvZGh0anpuci03YjA5ZTcwNy05MTUzLTQ5OTktOGJkYi1iNzI3MTQ0ODMwNzkucG5nIiwid2lkdGgiOiI8PTE5MjAifV1dLCJhdWQiOlsidXJuOnNlcnZpY2U6aW1hZ2Uub3BlcmF0aW9ucyJdfQ.uPTQhMF66bL3f2mxj13vmMr_CYCy4h-t1H8zQ0NMK7M"
"2024-07-21T17:29:27-0700","Cafe","https://images-wixmp-ed30a86b8c4ca887773594c2.wixmp.com/f/71021563-ba05-41f2-bcc4-169e0bbacaee/dhtkg0e-86fcd453-f1e8-46d7-af2b-269148d1c165.png/v1/fill/w_1280,h_1200,q_80,strp/cafe_by_jaxaaronson_dhtkg0e-fullview.jpg?token=eyJ0eXAiOiJKV1QiLCJhbGciOiJIUzI1NiJ9.eyJzdWIiOiJ1cm46YXBwOjdlMGQxODg5ODIyNjQzNzNhNWYwZDQxNWVhMGQyNmUwIiwiaXNzIjoidXJuOmFwcDo3ZTBkMTg4OTgyMjY0MzczYTVmMGQ0MTVlYTBkMjZlMCIsIm9iaiI6W1t7ImhlaWdodCI6Ijw9MTIwMCIsInBhdGgiOiIvZi83MTAyMTU2My1iYTA1LTQxZjItYmNjNC0xNjllMGJiYWNhZWUvZGh0a2cwZS04NmZjZDQ1My1mMWU4LTQ2ZDctYWYyYi0yNjkxNDhkMWMxNjUucG5nIiwid2lkdGgiOiI8PTEyODAifV1dLCJhdWQiOlsidXJuOnNlcnZpY2U6aW1hZ2Uub3BlcmF0aW9ucyJdfQ.p6hdDXbGO4U_7U5PJlh42hKQeY0lAmjttXaxNMUaDZk"
"2024-07-21T17:30:01-0700","Refrigerator","https://images-wixmp-ed30a86b8c4ca887773594c2.wixmp.com/f/71021563-ba05-41f2-bcc4-169e0bbacaee/dhtkg4y-4c412c94-54d8-46f6-a9d3-168d18db8350.png/v1/fill/w_1920,h_1123,q_80,strp/refrigerator_by_jaxaaronson_dhtkg4y-fullview.jpg?token=eyJ0eXAiOiJKV1QiLCJhbGciOiJIUzI1NiJ9.eyJzdWIiOiJ1cm46YXBwOjdlMGQxODg5ODIyNjQzNzNhNWYwZDQxNWVhMGQyNmUwIiwiaXNzIjoidXJuOmFwcDo3ZTBkMTg4OTgyMjY0MzczYTVmMGQ0MTVlYTBkMjZlMCIsIm9iaiI6W1t7ImhlaWdodCI6Ijw9MTEyMyIsInBhdGgiOiIvZi83MTAyMTU2My1iYTA1LTQxZjItYmNjNC0xNjllMGJiYWNhZWUvZGh0a2c0eS00YzQxMmM5NC01NGQ4LTQ2ZjYtYTlkMy0xNjhkMThkYjgzNTAucG5nIiwid2lkdGgiOiI8PTE5MjAifV1dLCJhdWQiOlsidXJuOnNlcnZpY2U6aW1hZ2Uub3BlcmF0aW9ucyJdfQ.PTDrk1aetUMqIpg0lcmJLF4Pz0lbCmbks-z_8oHbzJg"
"2024-07-21T19:24:26-0700","Safari","https://images-wixmp-ed30a86b8c4ca887773594c2.wixmp.com/f/71021563-ba05-41f2-bcc4-169e0bbacaee/dhtl59z-eecdb546-e896-42cb-9eba-73f7c17861f6.png/v1/fill/w_1280,h_800,q_80,strp/safari_by_jaxaaronson_dhtl59z-fullview.jpg?token=eyJ0eXAiOiJKV1QiLCJhbGciOiJIUzI1NiJ9.eyJzdWIiOiJ1cm46YXBwOjdlMGQxODg5ODIyNjQzNzNhNWYwZDQxNWVhMGQyNmUwIiwiaXNzIjoidXJuOmFwcDo3ZTBkMTg4OTgyMjY0MzczYTVmMGQ0MTVlYTBkMjZlMCIsIm9iaiI6W1t7ImhlaWdodCI6Ijw9ODAwIiwicGF0aCI6Ii9mLzcxMDIxNTYzLWJhMDUtNDFmMi1iY2M0LTE2OWUwYmJhY2FlZS9kaHRsNTl6LWVlY2RiNTQ2LWU4OTYtNDJjYi05ZWJhLTczZjdjMTc4NjFmNi5wbmciLCJ3aWR0aCI6Ijw9MTI4MCJ9XV0sImF1ZCI6WyJ1cm46c2VydmljZTppbWFnZS5vcGVyYXRpb25zIl19.hbe4e1EzqGjo6uiRQFK_0uiEvWXoeNprrpoyDZQLBnw"
"2024-07-21T19:42:36-0700","Argyle","https://images-wixmp-ed30a86b8c4ca887773594c2.wixmp.com/f/71021563-ba05-41f2-bcc4-169e0bbacaee/dhtl90m-64bed336-6ea8-4216-97a6-0b1e3e808312.png/v1/fill/w_1280,h_832,q_80,strp/argyle_by_jaxaaronson_dhtl90m-fullview.jpg?token=eyJ0eXAiOiJKV1QiLCJhbGciOiJIUzI1NiJ9.eyJzdWIiOiJ1cm46YXBwOjdlMGQxODg5ODIyNjQzNzNhNWYwZDQxNWVhMGQyNmUwIiwiaXNzIjoidXJuOmFwcDo3ZTBkMTg4OTgyMjY0MzczYTVmMGQ0MTVlYTBkMjZlMCIsIm9iaiI6W1t7ImhlaWdodCI6Ijw9ODMyIiwicGF0aCI6Ii9mLzcxMDIxNTYzLWJhMDUtNDFmMi1iY2M0LTE2OWUwYmJhY2FlZS9kaHRsOTBtLTY0YmVkMzM2LTZlYTgtNDIxNi05N2E2LTBiMWUzZTgwODMxMi5wbmciLCJ3aWR0aCI6Ijw9MTI4MCJ9XV0sImF1ZCI6WyJ1cm46c2VydmljZTppbWFnZS5vcGVyYXRpb25zIl19.ilvhosC7MiXTZVWlQzUW5Xl6NDsjZCl22mgZr-wHj_E"
"2024-07-22T11:36:50-0700","Polka","https://images-wixmp-ed30a86b8c4ca887773594c2.wixmp.com/f/71021563-ba05-41f2-bcc4-169e0bbacaee/dhtqwjq-3d287e10-e4a5-4ef1-8097-294eb401f1e7.png/v1/fill/w_1920,h_1048,q_80,strp/polka_by_jaxaaronson_dhtqwjq-fullview.jpg?token=eyJ0eXAiOiJKV1QiLCJhbGciOiJIUzI1NiJ9.eyJzdWIiOiJ1cm46YXBwOjdlMGQxODg5ODIyNjQzNzNhNWYwZDQxNWVhMGQyNmUwIiwiaXNzIjoidXJuOmFwcDo3ZTBkMTg4OTgyMjY0MzczYTVmMGQ0MTVlYTBkMjZlMCIsIm9iaiI6W1t7ImhlaWdodCI6Ijw9MTA0OCIsInBhdGgiOiIvZi83MTAyMTU2My1iYTA1LTQxZjItYmNjNC0xNjllMGJiYWNhZWUvZGh0cXdqcS0zZDI4N2UxMC1lNGE1LTRlZjEtODA5Ny0yOTRlYjQwMWYxZTcucG5nIiwid2lkdGgiOiI8PTE5MjAifV1dLCJhdWQiOlsidXJuOnNlcnZpY2U6aW1hZ2Uub3BlcmF0aW9ucyJdfQ.8QQOIrml6gnGBQnSecUQanSzRCtT3Os8LX6xlY0xxw0"
"2024-07-22T12:22:06-0700","Cave","https://images-wixmp-ed30a86b8c4ca887773594c2.wixmp.com/f/71021563-ba05-41f2-bcc4-169e0bbacaee/dhtr98x-141e7cb7-45ee-408f-b41b-3cd8ef3a839d.png/v1/fill/w_1280,h_1200,q_80,strp/cave_by_jaxaaronson_dhtr98x-fullview.jpg?token=eyJ0eXAiOiJKV1QiLCJhbGciOiJIUzI1NiJ9.eyJzdWIiOiJ1cm46YXBwOjdlMGQxODg5ODIyNjQzNzNhNWYwZDQxNWVhMGQyNmUwIiwiaXNzIjoidXJuOmFwcDo3ZTBkMTg4OTgyMjY0MzczYTVmMGQ0MTVlYTBkMjZlMCIsIm9iaiI6W1t7ImhlaWdodCI6Ijw9MTIwMCIsInBhdGgiOiIvZi83MTAyMTU2My1iYTA1LTQxZjItYmNjNC0xNjllMGJiYWNhZWUvZGh0cjk4eC0xNDFlN2NiNy00NWVlLTQwOGYtYjQxYi0zY2Q4ZWYzYTgzOWQucG5nIiwid2lkdGgiOiI8PTEyODAifV1dLCJhdWQiOlsidXJuOnNlcnZpY2U6aW1hZ2Uub3BlcmF0aW9ucyJdfQ.EaVwJ5FF9S5Wp4Hh53YZ53j35KqhpX_9kQs7uUPUQIU"
"2024-07-22T16:50:39-0700","Gazebo","https://images-wixmp-ed30a86b8c4ca887773594c2.wixmp.com/f/71021563-ba05-41f2-bcc4-169e0bbacaee/dhtt0ue-0c890750-1994-48a5-be28-a1654646c342.png/v1/fill/w_1920,h_1152,q_80,strp/gazebo_by_jaxaaronson_dhtt0ue-fullview.jpg?token=eyJ0eXAiOiJKV1QiLCJhbGciOiJIUzI1NiJ9.eyJzdWIiOiJ1cm46YXBwOjdlMGQxODg5ODIyNjQzNzNhNWYwZDQxNWVhMGQyNmUwIiwiaXNzIjoidXJuOmFwcDo3ZTBkMTg4OTgyMjY0MzczYTVmMGQ0MTVlYTBkMjZlMCIsIm9iaiI6W1t7ImhlaWdodCI6Ijw9MTE1MiIsInBhdGgiOiIvZi83MTAyMTU2My1iYTA1LTQxZjItYmNjNC0xNjllMGJiYWNhZWUvZGh0dDB1ZS0wYzg5MDc1MC0xOTk0LTQ4YTUtYmUyOC1hMTY1NDY0NmMzNDIucG5nIiwid2lkdGgiOiI8PTE5MjAifV1dLCJhdWQiOlsidXJuOnNlcnZpY2U6aW1hZ2Uub3BlcmF0aW9ucyJdfQ.PJAFfBl9jOgp2oZ8XGkWuJsS2s-gZL3vfK1GgYXI3iw"
"2024-07-22T17:35:12-0700","Intern","https://images-wixmp-ed30a86b8c4ca887773594c2.wixmp.com/f/71021563-ba05-41f2-bcc4-169e0bbacaee/dhtt9lu-4014bf80-5266-4e16-9727-700e95e1f025.png/v1/fill/w_1920,h_917,q_80,strp/intern_by_jaxaaronson_dhtt9lu-fullview.jpg?token=eyJ0eXAiOiJKV1QiLCJhbGciOiJIUzI1NiJ9.eyJzdWIiOiJ1cm46YXBwOjdlMGQxODg5ODIyNjQzNzNhNWYwZDQxNWVhMGQyNmUwIiwiaXNzIjoidXJuOmFwcDo3ZTBkMTg4OTgyMjY0MzczYTVmMGQ0MTVlYTBkMjZlMCIsIm9iaiI6W1t7ImhlaWdodCI6Ijw9OTE3IiwicGF0aCI6Ii9mLzcxMDIxNTYzLWJhMDUtNDFmMi1iY2M0LTE2OWUwYmJhY2FlZS9kaHR0OWx1LTQwMTRiZjgwLTUyNjYtNGUxNi05NzI3LTcwMGU5NWUxZjAyNS5wbmciLCJ3aWR0aCI6Ijw9MTkyMCJ9XV0sImF1ZCI6WyJ1cm46c2VydmljZTppbWFnZS5vcGVyYXRpb25zIl19.42g9VA9dgjGy5HdmPghdLSKFhsL1V0FsA3JAH2un-e4"
"2024-07-22T18:33:20-0700","Buccaneer","https://images-wixmp-ed30a86b8c4ca887773594c2.wixmp.com/f/71021563-ba05-41f2-bcc4-169e0bbacaee/dhttjuv-bdb60878-708f-4489-9e0b-58ff9597d585.png/v1/fill/w_1920,h_1182,q_80,strp/buccaneer_by_jaxaaronson_dhttjuv-fullview.jpg?token=eyJ0eXAiOiJKV1QiLCJhbGciOiJIUzI1NiJ9.eyJzdWIiOiJ1cm46YXBwOjdlMGQxODg5ODIyNjQzNzNhNWYwZDQxNWVhMGQyNmUwIiwiaXNzIjoidXJuOmFwcDo3ZTBkMTg4OTgyMjY0MzczYTVmMGQ0MTVlYTBkMjZlMCIsIm9iaiI6W1t7ImhlaWdodCI6Ijw9MTE4MiIsInBhdGgiOiIvZi83MTAyMTU2My1iYTA1LTQxZjItYmNjNC0xNjllMGJiYWNhZWUvZGh0dGp1di1iZGI2MDg3OC03MDhmLTQ0ODktOWUwYi01OGZmOTU5N2Q1ODUucG5nIiwid2lkdGgiOiI8PTE5MjAifV1dLCJhdWQiOlsidXJuOnNlcnZpY2U6aW1hZ2Uub3BlcmF0aW9ucyJdfQ._HvBUsWXp4SvSG78QayWMDYRbsdKFgs3h6hUlGjPdpY"
"2024-07-22T21:39:23-0700","Board Game","https://images-wixmp-ed30a86b8c4ca887773594c2.wixmp.com/f/71021563-ba05-41f2-bcc4-169e0bbacaee/dhtuhpz-33fbcbb7-9526-4beb-8d3a-f41b4f109997.png/v1/fill/w_1280,h_640,q_80,strp/board_game_by_jaxaaronson_dhtuhpz-fullview.jpg?token=eyJ0eXAiOiJKV1QiLCJhbGciOiJIUzI1NiJ9.eyJzdWIiOiJ1cm46YXBwOjdlMGQxODg5ODIyNjQzNzNhNWYwZDQxNWVhMGQyNmUwIiwiaXNzIjoidXJuOmFwcDo3ZTBkMTg4OTgyMjY0MzczYTVmMGQ0MTVlYTBkMjZlMCIsIm9iaiI6W1t7ImhlaWdodCI6Ijw9NjQwIiwicGF0aCI6Ii9mLzcxMDIxNTYzLWJhMDUtNDFmMi1iY2M0LTE2OWUwYmJhY2FlZS9kaHR1aHB6LTMzZmJjYmI3LTk1MjYtNGJlYi04ZDNhLWY0MWI0ZjEwOTk5Ny5wbmciLCJ3aWR0aCI6Ijw9MTI4MCJ9XV0sImF1ZCI6WyJ1cm46c2VydmljZTppbWFnZS5vcGVyYXRpb25zIl19.pjokQnCEGO1hxaPwVV_v85cHln8anHVhnkBznAzUZsA"
"2024-07-23T10:43:40-0700","Pharaoh","https://images-wixmp-ed30a86b8c4ca887773594c2.wixmp.com/f/71021563-ba05-41f2-bcc4-169e0bbacaee/dhtyqoh-23842066-4f26-46e7-8486-534c30c91efb.png/v1/fill/w_1920,h_699,q_80,strp/pharaoh_by_jaxaaronson_dhtyqoh-fullview.jpg?token=eyJ0eXAiOiJKV1QiLCJhbGciOiJIUzI1NiJ9.eyJzdWIiOiJ1cm46YXBwOjdlMGQxODg5ODIyNjQzNzNhNWYwZDQxNWVhMGQyNmUwIiwiaXNzIjoidXJuOmFwcDo3ZTBkMTg4OTgyMjY0MzczYTVmMGQ0MTVlYTBkMjZlMCIsIm9iaiI6W1t7ImhlaWdodCI6Ijw9Njk5IiwicGF0aCI6Ii9mLzcxMDIxNTYzLWJhMDUtNDFmMi1iY2M0LTE2OWUwYmJhY2FlZS9kaHR5cW9oLTIzODQyMDY2LTRmMjYtNDZlNy04NDg2LTUzNGMzMGM5MWVmYi5wbmciLCJ3aWR0aCI6Ijw9MTkyMCJ9XV0sImF1ZCI6WyJ1cm46c2VydmljZTppbWFnZS5vcGVyYXRpb25zIl19.nvjHGm9Q5TsD4ta32bNo2irwO_fB48Lbgj65cxAND74"
"2024-07-23T19:34:44-0700","Canopy","https://images-wixmp-ed30a86b8c4ca887773594c2.wixmp.com/f/71021563-ba05-41f2-bcc4-169e0bbacaee/dhu1zoh-f0a3fdb0-4baf-42ea-bceb-d8fd8745a5fb.png/v1/fill/w_1280,h_624,q_80,strp/canopy_by_jaxaaronson_dhu1zoh-fullview.jpg?token=eyJ0eXAiOiJKV1QiLCJhbGciOiJIUzI1NiJ9.eyJzdWIiOiJ1cm46YXBwOjdlMGQxODg5ODIyNjQzNzNhNWYwZDQxNWVhMGQyNmUwIiwiaXNzIjoidXJuOmFwcDo3ZTBkMTg4OTgyMjY0MzczYTVmMGQ0MTVlYTBkMjZlMCIsIm9iaiI6W1t7ImhlaWdodCI6Ijw9NjI0IiwicGF0aCI6Ii9mLzcxMDIxNTYzLWJhMDUtNDFmMi1iY2M0LTE2OWUwYmJhY2FlZS9kaHUxem9oLWYwYTNmZGIwLTRiYWYtNDJlYS1iY2ViLWQ4ZmQ4NzQ1YTVmYi5wbmciLCJ3aWR0aCI6Ijw9MTI4MCJ9XV0sImF1ZCI6WyJ1cm46c2VydmljZTppbWFnZS5vcGVyYXRpb25zIl19.5NewaNFZgxN38uviaIpIgHz-aRhmsvulr7oTZi5xOxg"
"2024-07-24T09:45:55-0700","Mecca","https://images-wixmp-ed30a86b8c4ca887773594c2.wixmp.com/f/71021563-ba05-41f2-bcc4-169e0bbacaee/dhu6f3w-51022eb3-9251-4d9a-9d75-44c216172e61.png/v1/fill/w_1280,h_640,q_80,strp/mecca_by_jaxaaronson_dhu6f3w-fullview.jpg?token=eyJ0eXAiOiJKV1QiLCJhbGciOiJIUzI1NiJ9.eyJzdWIiOiJ1cm46YXBwOjdlMGQxODg5ODIyNjQzNzNhNWYwZDQxNWVhMGQyNmUwIiwiaXNzIjoidXJuOmFwcDo3ZTBkMTg4OTgyMjY0MzczYTVmMGQ0MTVlYTBkMjZlMCIsIm9iaiI6W1t7ImhlaWdodCI6Ijw9NjQwIiwicGF0aCI6Ii9mLzcxMDIxNTYzLWJhMDUtNDFmMi1iY2M0LTE2OWUwYmJhY2FlZS9kaHU2ZjN3LTUxMDIyZWIzLTkyNTEtNGQ5YS05ZDc1LTQ0YzIxNjE3MmU2MS5wbmciLCJ3aWR0aCI6Ijw9MTI4MCJ9XV0sImF1ZCI6WyJ1cm46c2VydmljZTppbWFnZS5vcGVyYXRpb25zIl19.GZHDC2UgYWtJSXhcOa7THwriqIYcAgfIWOjBDkXgSLE"
"2024-07-24T18:48:08-0700","Cactus","https://images-wixmp-ed30a86b8c4ca887773594c2.wixmp.com/f/71021563-ba05-41f2-bcc4-169e0bbacaee/dhu9wyi-6a74184a-004c-4e3a-b367-fd3ecc1f03a0.png/v1/fill/w_1280,h_591,q_80,strp/cactus_by_jaxaaronson_dhu9wyi-fullview.jpg?token=eyJ0eXAiOiJKV1QiLCJhbGciOiJIUzI1NiJ9.eyJzdWIiOiJ1cm46YXBwOjdlMGQxODg5ODIyNjQzNzNhNWYwZDQxNWVhMGQyNmUwIiwiaXNzIjoidXJuOmFwcDo3ZTBkMTg4OTgyMjY0MzczYTVmMGQ0MTVlYTBkMjZlMCIsIm9iaiI6W1t7ImhlaWdodCI6Ijw9NTkxIiwicGF0aCI6Ii9mLzcxMDIxNTYzLWJhMDUtNDFmMi1iY2M0LTE2OWUwYmJhY2FlZS9kaHU5d3lpLTZhNzQxODRhLTAwNGMtNGUzYS1iMzY3LWZkM2VjYzFmMDNhMC5wbmciLCJ3aWR0aCI6Ijw9MTI4MCJ9XV0sImF1ZCI6WyJ1cm46c2VydmljZTppbWFnZS5vcGVyYXRpb25zIl19.mD9fP85kOGysDeHy43TlJeacnCanrqq94u05WrKnryc"
"2024-07-27T17:44:49-0700","Mud","https://images-wixmp-ed30a86b8c4ca887773594c2.wixmp.com/f/71021563-ba05-41f2-bcc4-169e0bbacaee/dhuwki2-88b1cae2-86a9-439f-b43b-2c10000b3d03.png/v1/fill/w_1280,h_800,q_80,strp/mud_by_jaxaaronson_dhuwki2-fullview.jpg?token=eyJ0eXAiOiJKV1QiLCJhbGciOiJIUzI1NiJ9.eyJzdWIiOiJ1cm46YXBwOjdlMGQxODg5ODIyNjQzNzNhNWYwZDQxNWVhMGQyNmUwIiwiaXNzIjoidXJuOmFwcDo3ZTBkMTg4OTgyMjY0MzczYTVmMGQ0MTVlYTBkMjZlMCIsIm9iaiI6W1t7ImhlaWdodCI6Ijw9ODAwIiwicGF0aCI6Ii9mLzcxMDIxNTYzLWJhMDUtNDFmMi1iY2M0LTE2OWUwYmJhY2FlZS9kaHV3a2kyLTg4YjFjYWUyLTg2YTktNDM5Zi1iNDNiLTJjMTAwMDBiM2QwMy5wbmciLCJ3aWR0aCI6Ijw9MTI4MCJ9XV0sImF1ZCI6WyJ1cm46c2VydmljZTppbWFnZS5vcGVyYXRpb25zIl19.zktuH28OFMmbuW7zCLAyFAm3PI_RstvN_u6PGM2WlBg"
"2024-07-27T18:54:11-0700","Ballroom","https://images-wixmp-ed30a86b8c4ca887773594c2.wixmp.com/f/71021563-ba05-41f2-bcc4-169e0bbacaee/dhuwwk3-e6e8405a-ef64-421b-9211-d6ed560583c4.png/v1/fill/w_1280,h_591,q_80,strp/ballroom_by_jaxaaronson_dhuwwk3-fullview.jpg?token=eyJ0eXAiOiJKV1QiLCJhbGciOiJIUzI1NiJ9.eyJzdWIiOiJ1cm46YXBwOjdlMGQxODg5ODIyNjQzNzNhNWYwZDQxNWVhMGQyNmUwIiwiaXNzIjoidXJuOmFwcDo3ZTBkMTg4OTgyMjY0MzczYTVmMGQ0MTVlYTBkMjZlMCIsIm9iaiI6W1t7ImhlaWdodCI6Ijw9NTkxIiwicGF0aCI6Ii9mLzcxMDIxNTYzLWJhMDUtNDFmMi1iY2M0LTE2OWUwYmJhY2FlZS9kaHV3d2szLWU2ZTg0MDVhLWVmNjQtNDIxYi05MjExLWQ2ZWQ1NjA1ODNjNC5wbmciLCJ3aWR0aCI6Ijw9MTI4MCJ9XV0sImF1ZCI6WyJ1cm46c2VydmljZTppbWFnZS5vcGVyYXRpb25zIl19.BLIBFwNRvSKWAnqLO1HgmMcHBgM-wLrfb4cRufVUHaM"
"2024-07-27T20:37:55-0700","Waterfall","https://images-wixmp-ed30a86b8c4ca887773594c2.wixmp.com/f/71021563-ba05-41f2-bcc4-169e0bbacaee/dhuxdzr-a438b2df-2f55-4730-8a9c-384a1010e46d.png/v1/fill/w_1280,h_788,q_80,strp/waterfall_by_jaxaaronson_dhuxdzr-fullview.jpg?token=eyJ0eXAiOiJKV1QiLCJhbGciOiJIUzI1NiJ9.eyJzdWIiOiJ1cm46YXBwOjdlMGQxODg5ODIyNjQzNzNhNWYwZDQxNWVhMGQyNmUwIiwiaXNzIjoidXJuOmFwcDo3ZTBkMTg4OTgyMjY0MzczYTVmMGQ0MTVlYTBkMjZlMCIsIm9iaiI6W1t7ImhlaWdodCI6Ijw9Nzg4IiwicGF0aCI6Ii9mLzcxMDIxNTYzLWJhMDUtNDFmMi1iY2M0LTE2OWUwYmJhY2FlZS9kaHV4ZHpyLWE0MzhiMmRmLTJmNTUtNDczMC04YTljLTM4NGExMDEwZTQ2ZC5wbmciLCJ3aWR0aCI6Ijw9MTI4MCJ9XV0sImF1ZCI6WyJ1cm46c2VydmljZTppbWFnZS5vcGVyYXRpb25zIl19.AxlN1v8WLE5GJ9HO6LVXv4LA2PJ5_7pnV3Kr7wipols"
"2024-07-28T16:19:33-0700","Volcano","https://images-wixmp-ed30a86b8c4ca887773594c2.wixmp.com/f/71021563-ba05-41f2-bcc4-169e0bbacaee/dhv4iql-7f0d3c80-f1d6-4d89-9b6f-1cf435ea93cf.png/v1/fill/w_1280,h_1024,q_80,strp/volcano_by_jaxaaronson_dhv4iql-fullview.jpg?token=eyJ0eXAiOiJKV1QiLCJhbGciOiJIUzI1NiJ9.eyJzdWIiOiJ1cm46YXBwOjdlMGQxODg5ODIyNjQzNzNhNWYwZDQxNWVhMGQyNmUwIiwiaXNzIjoidXJuOmFwcDo3ZTBkMTg4OTgyMjY0MzczYTVmMGQ0MTVlYTBkMjZlMCIsIm9iaiI6W1t7ImhlaWdodCI6Ijw9MTAyNCIsInBhdGgiOiIvZi83MTAyMTU2My1iYTA1LTQxZjItYmNjNC0xNjllMGJiYWNhZWUvZGh2NGlxbC03ZjBkM2M4MC1mMWQ2LTRkODktOWI2Zi0xY2Y0MzVlYTkzY2YucG5nIiwid2lkdGgiOiI8PTEyODAifV1dLCJhdWQiOlsidXJuOnNlcnZpY2U6aW1hZ2Uub3BlcmF0aW9ucyJdfQ.ybKsmhd3-w_5fY1Or9NZ-zt-uF2_BWUHw8IjRwjiznU"
"2024-07-28T17:40:16-0700","Money","https://images-wixmp-ed30a86b8c4ca887773594c2.wixmp.com/f/71021563-ba05-41f2-bcc4-169e0bbacaee/dhv4yvv-7a2da08f-ba15-4e2e-a635-fe9bf6a63a5b.png/v1/fill/w_1920,h_1200,q_80,strp/money_by_jaxaaronson_dhv4yvv-fullview.jpg?token=eyJ0eXAiOiJKV1QiLCJhbGciOiJIUzI1NiJ9.eyJzdWIiOiJ1cm46YXBwOjdlMGQxODg5ODIyNjQzNzNhNWYwZDQxNWVhMGQyNmUwIiwiaXNzIjoidXJuOmFwcDo3ZTBkMTg4OTgyMjY0MzczYTVmMGQ0MTVlYTBkMjZlMCIsIm9iaiI6W1t7ImhlaWdodCI6Ijw9MTIwMCIsInBhdGgiOiIvZi83MTAyMTU2My1iYTA1LTQxZjItYmNjNC0xNjllMGJiYWNhZWUvZGh2NHl2di03YTJkYTA4Zi1iYTE1LTRlMmUtYTYzNS1mZTliZjZhNjNhNWIucG5nIiwid2lkdGgiOiI8PTE5MjAifV1dLCJhdWQiOlsidXJuOnNlcnZpY2U6aW1hZ2Uub3BlcmF0aW9ucyJdfQ.U2df67VX-dQhNe_qxe4vLsu5fIIUTiZ1xiIEqbnbf7w"
"2024-07-28T18:49:10-0700","Concert","https://images-wixmp-ed30a86b8c4ca887773594c2.wixmp.com/f/71021563-ba05-41f2-bcc4-169e0bbacaee/dhv5cfr-02458636-1502-4950-a079-e3e4888e737a.png/v1/fill/w_1920,h_960,q_80,strp/concert_by_jaxaaronson_dhv5cfr-fullview.jpg?token=eyJ0eXAiOiJKV1QiLCJhbGciOiJIUzI1NiJ9.eyJzdWIiOiJ1cm46YXBwOjdlMGQxODg5ODIyNjQzNzNhNWYwZDQxNWVhMGQyNmUwIiwiaXNzIjoidXJuOmFwcDo3ZTBkMTg4OTgyMjY0MzczYTVmMGQ0MTVlYTBkMjZlMCIsIm9iaiI6W1t7ImhlaWdodCI6Ijw9OTYwIiwicGF0aCI6Ii9mLzcxMDIxNTYzLWJhMDUtNDFmMi1iY2M0LTE2OWUwYmJhY2FlZS9kaHY1Y2ZyLTAyNDU4NjM2LTE1MDItNDk1MC1hMDc5LWUzZTQ4ODhlNzM3YS5wbmciLCJ3aWR0aCI6Ijw9MTkyMCJ9XV0sImF1ZCI6WyJ1cm46c2VydmljZTppbWFnZS5vcGVyYXRpb25zIl19.HPz4FcBNErxJx6hl78gOsS4NVHM6NmB5w_YfPXM5eTo"
"2024-07-29T05:52:54-0700","Fire Engine","https://images-wixmp-ed30a86b8c4ca887773594c2.wixmp.com/f/71021563-ba05-41f2-bcc4-169e0bbacaee/dhv8qhr-6cddbdc5-2a94-4bac-8c6f-56421a6dc083.png/v1/fill/w_1280,h_747,q_80,strp/fire_engine_by_jaxaaronson_dhv8qhr-fullview.jpg?token=eyJ0eXAiOiJKV1QiLCJhbGciOiJIUzI1NiJ9.eyJzdWIiOiJ1cm46YXBwOjdlMGQxODg5ODIyNjQzNzNhNWYwZDQxNWVhMGQyNmUwIiwiaXNzIjoidXJuOmFwcDo3ZTBkMTg4OTgyMjY0MzczYTVmMGQ0MTVlYTBkMjZlMCIsIm9iaiI6W1t7ImhlaWdodCI6Ijw9NzQ3IiwicGF0aCI6Ii9mLzcxMDIxNTYzLWJhMDUtNDFmMi1iY2M0LTE2OWUwYmJhY2FlZS9kaHY4cWhyLTZjZGRiZGM1LTJhOTQtNGJhYy04YzZmLTU2NDIxYTZkYzA4My5wbmciLCJ3aWR0aCI6Ijw9MTI4MCJ9XV0sImF1ZCI6WyJ1cm46c2VydmljZTppbWFnZS5vcGVyYXRpb25zIl19.ZhvY8pHBbEZ7LIm-I_8IwNLMlX9zmT3w2wzovv3DZrA"
"2024-07-29T07:44:15-0700","Casino","https://images-wixmp-ed30a86b8c4ca887773594c2.wixmp.com/f/71021563-ba05-41f2-bcc4-169e0bbacaee/dhv9fht-354a7f39-6f7f-4231-a4d9-46eadddfd28c.png/v1/fill/w_1280,h_1266,q_80,strp/casino_by_jaxaaronson_dhv9fht-fullview.jpg?token=eyJ0eXAiOiJKV1QiLCJhbGciOiJIUzI1NiJ9.eyJzdWIiOiJ1cm46YXBwOjdlMGQxODg5ODIyNjQzNzNhNWYwZDQxNWVhMGQyNmUwIiwiaXNzIjoidXJuOmFwcDo3ZTBkMTg4OTgyMjY0MzczYTVmMGQ0MTVlYTBkMjZlMCIsIm9iaiI6W1t7ImhlaWdodCI6Ijw9MTI2NiIsInBhdGgiOiIvZi83MTAyMTU2My1iYTA1LTQxZjItYmNjNC0xNjllMGJiYWNhZWUvZGh2OWZodC0zNTRhN2YzOS02ZjdmLTQyMzEtYTRkOS00NmVhZGRkZmQyOGMucG5nIiwid2lkdGgiOiI8PTEyODAifV1dLCJhdWQiOlsidXJuOnNlcnZpY2U6aW1hZ2Uub3BlcmF0aW9ucyJdfQ.2oobettmDqarSbPre84Pbq46MiBRWESR2wId8Rc1pxo"
"2024-07-30T18:45:38-0700","Splits","https://images-wixmp-ed30a86b8c4ca887773594c2.wixmp.com/f/71021563-ba05-41f2-bcc4-169e0bbacaee/dhvlhu5-90f0c0aa-d5cf-48fe-a7a7-62c3faa05a7d.png/v1/fill/w_1280,h_1171,q_80,strp/splits_by_jaxaaronson_dhvlhu5-fullview.jpg?token=eyJ0eXAiOiJKV1QiLCJhbGciOiJIUzI1NiJ9.eyJzdWIiOiJ1cm46YXBwOjdlMGQxODg5ODIyNjQzNzNhNWYwZDQxNWVhMGQyNmUwIiwiaXNzIjoidXJuOmFwcDo3ZTBkMTg4OTgyMjY0MzczYTVmMGQ0MTVlYTBkMjZlMCIsIm9iaiI6W1t7ImhlaWdodCI6Ijw9MTE3MSIsInBhdGgiOiIvZi83MTAyMTU2My1iYTA1LTQxZjItYmNjNC0xNjllMGJiYWNhZWUvZGh2bGh1NS05MGYwYzBhYS1kNWNmLTQ4ZmUtYTdhNy02MmMzZmFhMDVhN2QucG5nIiwid2lkdGgiOiI8PTEyODAifV1dLCJhdWQiOlsidXJuOnNlcnZpY2U6aW1hZ2Uub3BlcmF0aW9ucyJdfQ.8IrXShEAjBrq5uiipF22x-nTgP4im-DUFsEVP-QWwno"
"2024-07-31T17:41:27-0700","Wheat","https://images-wixmp-ed30a86b8c4ca887773594c2.wixmp.com/f/71021563-ba05-41f2-bcc4-169e0bbacaee/dhvt643-4479d1de-b8e5-4928-96c8-1a545ee2bace.png/v1/fill/w_1280,h_1070,q_80,strp/wheat_by_jaxaaronson_dhvt643-fullview.jpg?token=eyJ0eXAiOiJKV1QiLCJhbGciOiJIUzI1NiJ9.eyJzdWIiOiJ1cm46YXBwOjdlMGQxODg5ODIyNjQzNzNhNWYwZDQxNWVhMGQyNmUwIiwiaXNzIjoidXJuOmFwcDo3ZTBkMTg4OTgyMjY0MzczYTVmMGQ0MTVlYTBkMjZlMCIsIm9iaiI6W1t7ImhlaWdodCI6Ijw9MTA3MCIsInBhdGgiOiIvZi83MTAyMTU2My1iYTA1LTQxZjItYmNjNC0xNjllMGJiYWNhZWUvZGh2dDY0My00NDc5ZDFkZS1iOGU1LTQ5MjgtOTZjOC0xYTU0NWVlMmJhY2UucG5nIiwid2lkdGgiOiI8PTEyODAifV1dLCJhdWQiOlsidXJuOnNlcnZpY2U6aW1hZ2Uub3BlcmF0aW9ucyJdfQ.4QNW4pkqWWOIkjvx--v04LPbXFeW8Z_ZsegznA95IwE"
"2024-07-31T18:49:22-0700","Bicycle","https://images-wixmp-ed30a86b8c4ca887773594c2.wixmp.com/f/71021563-ba05-41f2-bcc4-169e0bbacaee/dhvtj83-b6c2d0b0-8a60-4e0b-bfcb-c0281df7e2c0.png/v1/fill/w_1280,h_1040,q_80,strp/bicycle_by_jaxaaronson_dhvtj83-fullview.jpg?token=eyJ0eXAiOiJKV1QiLCJhbGciOiJIUzI1NiJ9.eyJzdWIiOiJ1cm46YXBwOjdlMGQxODg5ODIyNjQzNzNhNWYwZDQxNWVhMGQyNmUwIiwiaXNzIjoidXJuOmFwcDo3ZTBkMTg4OTgyMjY0MzczYTVmMGQ0MTVlYTBkMjZlMCIsIm9iaiI6W1t7ImhlaWdodCI6Ijw9MTA0MCIsInBhdGgiOiIvZi83MTAyMTU2My1iYTA1LTQxZjItYmNjNC0xNjllMGJiYWNhZWUvZGh2dGo4My1iNmMyZDBiMC04YTYwLTRlMGItYmZjYi1jMDI4MWRmN2UyYzAucG5nIiwid2lkdGgiOiI8PTEyODAifV1dLCJhdWQiOlsidXJuOnNlcnZpY2U6aW1hZ2Uub3BlcmF0aW9ucyJdfQ.0XRWd9hYUDiIXkV95MN83QvAKFakXItoY1BisI7pSFk"
"2024-08-01T18:12:21-0700","Lifeguards","https://images-wixmp-ed30a86b8c4ca887773594c2.wixmp.com/f/71021563-ba05-41f2-bcc4-169e0bbacaee/dhw2bjv-aaa623c2-0657-4519-81d1-e6f4b6109d68.png/v1/fill/w_1280,h_732,q_80,strp/lifeguards_by_jaxaaronson_dhw2bjv-fullview.jpg?token=eyJ0eXAiOiJKV1QiLCJhbGciOiJIUzI1NiJ9.eyJzdWIiOiJ1cm46YXBwOjdlMGQxODg5ODIyNjQzNzNhNWYwZDQxNWVhMGQyNmUwIiwiaXNzIjoidXJuOmFwcDo3ZTBkMTg4OTgyMjY0MzczYTVmMGQ0MTVlYTBkMjZlMCIsIm9iaiI6W1t7ImhlaWdodCI6Ijw9NzMyIiwicGF0aCI6Ii9mLzcxMDIxNTYzLWJhMDUtNDFmMi1iY2M0LTE2OWUwYmJhY2FlZS9kaHcyYmp2LWFhYTYyM2MyLTA2NTctNDUxOS04MWQxLWU2ZjRiNjEwOWQ2OC5wbmciLCJ3aWR0aCI6Ijw9MTI4MCJ9XV0sImF1ZCI6WyJ1cm46c2VydmljZTppbWFnZS5vcGVyYXRpb25zIl19._f-HydVVfEtO1OcmmUXPIfdnuNGwqL7jrST8ZQmn3pw"
"2024-08-01T19:32:24-0700","Ice Cream","https://images-wixmp-ed30a86b8c4ca887773594c2.wixmp.com/f/71021563-ba05-41f2-bcc4-169e0bbacaee/dhw2r83-fb569393-ef1c-4f4b-a0a3-db6bee83d542.png/v1/fill/w_1280,h_1067,q_80,strp/ice_cream_by_jaxaaronson_dhw2r83-fullview.jpg?token=eyJ0eXAiOiJKV1QiLCJhbGciOiJIUzI1NiJ9.eyJzdWIiOiJ1cm46YXBwOjdlMGQxODg5ODIyNjQzNzNhNWYwZDQxNWVhMGQyNmUwIiwiaXNzIjoidXJuOmFwcDo3ZTBkMTg4OTgyMjY0MzczYTVmMGQ0MTVlYTBkMjZlMCIsIm9iaiI6W1t7ImhlaWdodCI6Ijw9MTA2NyIsInBhdGgiOiIvZi83MTAyMTU2My1iYTA1LTQxZjItYmNjNC0xNjllMGJiYWNhZWUvZGh3MnI4My1mYjU2OTM5My1lZjFjLTRmNGItYTBhMy1kYjZiZWU4M2Q1NDIucG5nIiwid2lkdGgiOiI8PTEyODAifV1dLCJhdWQiOlsidXJuOnNlcnZpY2U6aW1hZ2Uub3BlcmF0aW9ucyJdfQ.iOi2mnlhuyyIalkGsXmXpfso0rEt7zjwtMmRDr06bzE"
"2024-08-02T21:27:42-0700","Science","https://images-wixmp-ed30a86b8c4ca887773594c2.wixmp.com/f/71021563-ba05-41f2-bcc4-169e0bbacaee/dhwc5w0-a0afac4b-fd0b-46c2-b9cf-be922d8d8572.png/v1/fill/w_1280,h_1108,q_80,strp/science_by_jaxaaronson_dhwc5w0-fullview.jpg?token=eyJ0eXAiOiJKV1QiLCJhbGciOiJIUzI1NiJ9.eyJzdWIiOiJ1cm46YXBwOjdlMGQxODg5ODIyNjQzNzNhNWYwZDQxNWVhMGQyNmUwIiwiaXNzIjoidXJuOmFwcDo3ZTBkMTg4OTgyMjY0MzczYTVmMGQ0MTVlYTBkMjZlMCIsIm9iaiI6W1t7ImhlaWdodCI6Ijw9MTEwOCIsInBhdGgiOiIvZi83MTAyMTU2My1iYTA1LTQxZjItYmNjNC0xNjllMGJiYWNhZWUvZGh3YzV3MC1hMGFmYWM0Yi1mZDBiLTQ2YzItYjljZi1iZTkyMmQ4ZDg1NzIucG5nIiwid2lkdGgiOiI8PTEyODAifV1dLCJhdWQiOlsidXJuOnNlcnZpY2U6aW1hZ2Uub3BlcmF0aW9ucyJdfQ.RaQUc7-fU4lVkTEnZIHgGYOiTs7zcSvUp1KmB13SnFk"
"2024-08-03T13:55:53-0700","Barbie","https://images-wixmp-ed30a86b8c4ca887773594c2.wixmp.com/f/71021563-ba05-41f2-bcc4-169e0bbacaee/dhwhvbb-ae92f5dc-5110-4918-9b8c-35e69f8ac953.png/v1/fill/w_1280,h_985,q_80,strp/barbie_by_jaxaaronson_dhwhvbb-fullview.jpg?token=eyJ0eXAiOiJKV1QiLCJhbGciOiJIUzI1NiJ9.eyJzdWIiOiJ1cm46YXBwOjdlMGQxODg5ODIyNjQzNzNhNWYwZDQxNWVhMGQyNmUwIiwiaXNzIjoidXJuOmFwcDo3ZTBkMTg4OTgyMjY0MzczYTVmMGQ0MTVlYTBkMjZlMCIsIm9iaiI6W1t7ImhlaWdodCI6Ijw9OTg1IiwicGF0aCI6Ii9mLzcxMDIxNTYzLWJhMDUtNDFmMi1iY2M0LTE2OWUwYmJhY2FlZS9kaHdodmJiLWFlOTJmNWRjLTUxMTAtNDkxOC05YjhjLTM1ZTY5ZjhhYzk1My5wbmciLCJ3aWR0aCI6Ijw9MTI4MCJ9XV0sImF1ZCI6WyJ1cm46c2VydmljZTppbWFnZS5vcGVyYXRpb25zIl19.v7rjmcpHw9fhgmyHLz6yzD-4SJVhrEmrxpBceWvwBGE"
"2024-08-03T19:19:24-0700","Bar Stools","https://images-wixmp-ed30a86b8c4ca887773594c2.wixmp.com/f/71021563-ba05-41f2-bcc4-169e0bbacaee/dhwjusn-55cf4108-b202-4113-87a2-abcef7bf9c39.png/v1/fill/w_1280,h_569,q_80,strp/bar_stools_by_jaxaaronson_dhwjusn-fullview.jpg?token=eyJ0eXAiOiJKV1QiLCJhbGciOiJIUzI1NiJ9.eyJzdWIiOiJ1cm46YXBwOjdlMGQxODg5ODIyNjQzNzNhNWYwZDQxNWVhMGQyNmUwIiwiaXNzIjoidXJuOmFwcDo3ZTBkMTg4OTgyMjY0MzczYTVmMGQ0MTVlYTBkMjZlMCIsIm9iaiI6W1t7ImhlaWdodCI6Ijw9NTY5IiwicGF0aCI6Ii9mLzcxMDIxNTYzLWJhMDUtNDFmMi1iY2M0LTE2OWUwYmJhY2FlZS9kaHdqdXNuLTU1Y2Y0MTA4LWIyMDItNDExMy04N2EyLWFiY2VmN2JmOWMzOS5wbmciLCJ3aWR0aCI6Ijw9MTI4MCJ9XV0sImF1ZCI6WyJ1cm46c2VydmljZTppbWFnZS5vcGVyYXRpb25zIl19.vx02f54E2ifRNXTgxTSve2Csmsw_L14IpBHlpIlBwUk"
"2024-08-03T20:21:31-0700","Snakeskin","https://images-wixmp-ed30a86b8c4ca887773594c2.wixmp.com/f/71021563-ba05-41f2-bcc4-169e0bbacaee/dhwk7lw-f1470e3f-3508-496b-ac08-f0d4a84f7f1d.png/v1/fill/w_1920,h_840,q_80,strp/snakeskin_by_jaxaaronson_dhwk7lw-fullview.jpg?token=eyJ0eXAiOiJKV1QiLCJhbGciOiJIUzI1NiJ9.eyJzdWIiOiJ1cm46YXBwOjdlMGQxODg5ODIyNjQzNzNhNWYwZDQxNWVhMGQyNmUwIiwiaXNzIjoidXJuOmFwcDo3ZTBkMTg4OTgyMjY0MzczYTVmMGQ0MTVlYTBkMjZlMCIsIm9iaiI6W1t7ImhlaWdodCI6Ijw9ODQwIiwicGF0aCI6Ii9mLzcxMDIxNTYzLWJhMDUtNDFmMi1iY2M0LTE2OWUwYmJhY2FlZS9kaHdrN2x3LWYxNDcwZTNmLTM1MDgtNDk2Yi1hYzA4LWYwZDRhODRmN2YxZC5wbmciLCJ3aWR0aCI6Ijw9MTkyMCJ9XV0sImF1ZCI6WyJ1cm46c2VydmljZTppbWFnZS5vcGVyYXRpb25zIl19.Um0G5etoKpnE4vVIJM4HzZooPU53y4tkf-0HpBgxLUk"
"2024-08-04T09:32:43-0700","Aquarium","https://images-wixmp-ed30a86b8c4ca887773594c2.wixmp.com/f/71021563-ba05-41f2-bcc4-169e0bbacaee/dhwoxcg-284bcb8e-ad13-468d-a79f-20cbe22cd9f4.png/v1/fill/w_1280,h_896,q_80,strp/aquarium_by_jaxaaronson_dhwoxcg-fullview.jpg?token=eyJ0eXAiOiJKV1QiLCJhbGciOiJIUzI1NiJ9.eyJzdWIiOiJ1cm46YXBwOjdlMGQxODg5ODIyNjQzNzNhNWYwZDQxNWVhMGQyNmUwIiwiaXNzIjoidXJuOmFwcDo3ZTBkMTg4OTgyMjY0MzczYTVmMGQ0MTVlYTBkMjZlMCIsIm9iaiI6W1t7ImhlaWdodCI6Ijw9ODk2IiwicGF0aCI6Ii9mLzcxMDIxNTYzLWJhMDUtNDFmMi1iY2M0LTE2OWUwYmJhY2FlZS9kaHdveGNnLTI4NGJjYjhlLWFkMTMtNDY4ZC1hNzlmLTIwY2JlMjJjZDlmNC5wbmciLCJ3aWR0aCI6Ijw9MTI4MCJ9XV0sImF1ZCI6WyJ1cm46c2VydmljZTppbWFnZS5vcGVyYXRpb25zIl19.x2pXA9QwURcun7o42Zshy4PPoUnrd6VlKh3EAZFvi50"
"2024-08-04T17:39:06-0700","Telephone","https://images-wixmp-ed30a86b8c4ca887773594c2.wixmp.com/f/71021563-ba05-41f2-bcc4-169e0bbacaee/dhwsph5-cf358070-eee3-470b-8d9d-0eab16dc446b.png/v1/fill/w_1280,h_960,q_80,strp/telephone_by_jaxaaronson_dhwsph5-fullview.jpg?token=eyJ0eXAiOiJKV1QiLCJhbGciOiJIUzI1NiJ9.eyJzdWIiOiJ1cm46YXBwOjdlMGQxODg5ODIyNjQzNzNhNWYwZDQxNWVhMGQyNmUwIiwiaXNzIjoidXJuOmFwcDo3ZTBkMTg4OTgyMjY0MzczYTVmMGQ0MTVlYTBkMjZlMCIsIm9iaiI6W1t7ImhlaWdodCI6Ijw9OTYwIiwicGF0aCI6Ii9mLzcxMDIxNTYzLWJhMDUtNDFmMi1iY2M0LTE2OWUwYmJhY2FlZS9kaHdzcGg1LWNmMzU4MDcwLWVlZTMtNDcwYi04ZDlkLTBlYWIxNmRjNDQ2Yi5wbmciLCJ3aWR0aCI6Ijw9MTI4MCJ9XV0sImF1ZCI6WyJ1cm46c2VydmljZTppbWFnZS5vcGVyYXRpb25zIl19.rtgt5v2Sx0KLywKzBku-QctblSvG0l8mscrF2uPOJpA"
"2024-08-04T21:21:15-0700","Reading","https://images-wixmp-ed30a86b8c4ca887773594c2.wixmp.com/f/71021563-ba05-41f2-bcc4-169e0bbacaee/dhwu0hx-30946825-30e7-4de1-883c-3b41e513fb35.png/v1/fill/w_1920,h_1317,q_80,strp/reading_by_jaxaaronson_dhwu0hx-fullview.jpg?token=eyJ0eXAiOiJKV1QiLCJhbGciOiJIUzI1NiJ9.eyJzdWIiOiJ1cm46YXBwOjdlMGQxODg5ODIyNjQzNzNhNWYwZDQxNWVhMGQyNmUwIiwiaXNzIjoidXJuOmFwcDo3ZTBkMTg4OTgyMjY0MzczYTVmMGQ0MTVlYTBkMjZlMCIsIm9iaiI6W1t7ImhlaWdodCI6Ijw9MTMxNyIsInBhdGgiOiIvZi83MTAyMTU2My1iYTA1LTQxZjItYmNjNC0xNjllMGJiYWNhZWUvZGh3dTBoeC0zMDk0NjgyNS0zMGU3LTRkZTEtODgzYy0zYjQxZTUxM2ZiMzUucG5nIiwid2lkdGgiOiI8PTE5MjAifV1dLCJhdWQiOlsidXJuOnNlcnZpY2U6aW1hZ2Uub3BlcmF0aW9ucyJdfQ.BNlz-Ec7NAHoGDpsTMeCMTHLjmXZQWoj878TgScVVPk"
"2024-08-05T14:49:21-0700","Pizza","https://images-wixmp-ed30a86b8c4ca887773594c2.wixmp.com/f/71021563-ba05-41f2-bcc4-169e0bbacaee/dhx076z-28dc1ac6-47e6-4bb7-9967-bdf2116543f2.png/v1/fill/w_1280,h_887,q_80,strp/pizza_by_jaxaaronson_dhx076z-fullview.jpg?token=eyJ0eXAiOiJKV1QiLCJhbGciOiJIUzI1NiJ9.eyJzdWIiOiJ1cm46YXBwOjdlMGQxODg5ODIyNjQzNzNhNWYwZDQxNWVhMGQyNmUwIiwiaXNzIjoidXJuOmFwcDo3ZTBkMTg4OTgyMjY0MzczYTVmMGQ0MTVlYTBkMjZlMCIsIm9iaiI6W1t7ImhlaWdodCI6Ijw9ODg3IiwicGF0aCI6Ii9mLzcxMDIxNTYzLWJhMDUtNDFmMi1iY2M0LTE2OWUwYmJhY2FlZS9kaHgwNzZ6LTI4ZGMxYWM2LTQ3ZTYtNGJiNy05OTY3LWJkZjIxMTY1NDNmMi5wbmciLCJ3aWR0aCI6Ijw9MTI4MCJ9XV0sImF1ZCI6WyJ1cm46c2VydmljZTppbWFnZS5vcGVyYXRpb25zIl19.Odqt9eAYLbhoQzYGyRWQyP46Dexo1V0ocuFDB_FZWO8"
"2024-08-05T18:36:15-0700","Splatter","https://images-wixmp-ed30a86b8c4ca887773594c2.wixmp.com/f/71021563-ba05-41f2-bcc4-169e0bbacaee/dhx1k0h-38fe819d-5551-45c5-ad08-195cbd80d53b.png/v1/fill/w_1920,h_1528,q_80,strp/splatter_by_jaxaaronson_dhx1k0h-fullview.jpg?token=eyJ0eXAiOiJKV1QiLCJhbGciOiJIUzI1NiJ9.eyJzdWIiOiJ1cm46YXBwOjdlMGQxODg5ODIyNjQzNzNhNWYwZDQxNWVhMGQyNmUwIiwiaXNzIjoidXJuOmFwcDo3ZTBkMTg4OTgyMjY0MzczYTVmMGQ0MTVlYTBkMjZlMCIsIm9iaiI6W1t7ImhlaWdodCI6Ijw9MTUyOCIsInBhdGgiOiIvZi83MTAyMTU2My1iYTA1LTQxZjItYmNjNC0xNjllMGJiYWNhZWUvZGh4MWswaC0zOGZlODE5ZC01NTUxLTQ1YzUtYWQwOC0xOTVjYmQ4MGQ1M2IucG5nIiwid2lkdGgiOiI8PTE5MjAifV1dLCJhdWQiOlsidXJuOnNlcnZpY2U6aW1hZ2Uub3BlcmF0aW9ucyJdfQ.TLyvhCPT-9QZzCqANv2Uds1gHXCuEQv5H_GkS3v-TTo"
"2024-08-05T21:29:08-0700","Lobby","https://images-wixmp-ed30a86b8c4ca887773594c2.wixmp.com/f/71021563-ba05-41f2-bcc4-169e0bbacaee/dhx2i3m-7ab6db1e-9c08-4f7c-962a-c4cd0ef0d059.png/v1/fill/w_1280,h_732,q_80,strp/lobby_by_jaxaaronson_dhx2i3m-fullview.jpg?token=eyJ0eXAiOiJKV1QiLCJhbGciOiJIUzI1NiJ9.eyJzdWIiOiJ1cm46YXBwOjdlMGQxODg5ODIyNjQzNzNhNWYwZDQxNWVhMGQyNmUwIiwiaXNzIjoidXJuOmFwcDo3ZTBkMTg4OTgyMjY0MzczYTVmMGQ0MTVlYTBkMjZlMCIsIm9iaiI6W1t7ImhlaWdodCI6Ijw9NzMyIiwicGF0aCI6Ii9mLzcxMDIxNTYzLWJhMDUtNDFmMi1iY2M0LTE2OWUwYmJhY2FlZS9kaHgyaTNtLTdhYjZkYjFlLTljMDgtNGY3Yy05NjJhLWM0Y2QwZWYwZDA1OS5wbmciLCJ3aWR0aCI6Ijw9MTI4MCJ9XV0sImF1ZCI6WyJ1cm46c2VydmljZTppbWFnZS5vcGVyYXRpb25zIl19.8INIt2ieCmRLcd-ufaDGeV5-jHyRK9BbAk0OGaNV0X8"
"2024-08-06T07:44:14-0700","Bananas","https://images-wixmp-ed30a86b8c4ca887773594c2.wixmp.com/f/71021563-ba05-41f2-bcc4-169e0bbacaee/dhx5o9u-f3d2b7f1-67f2-472c-9d91-02eb10f05abe.png/v1/fill/w_1280,h_828,q_80,strp/bananas_by_jaxaaronson_dhx5o9u-fullview.jpg?token=eyJ0eXAiOiJKV1QiLCJhbGciOiJIUzI1NiJ9.eyJzdWIiOiJ1cm46YXBwOjdlMGQxODg5ODIyNjQzNzNhNWYwZDQxNWVhMGQyNmUwIiwiaXNzIjoidXJuOmFwcDo3ZTBkMTg4OTgyMjY0MzczYTVmMGQ0MTVlYTBkMjZlMCIsIm9iaiI6W1t7ImhlaWdodCI6Ijw9ODI4IiwicGF0aCI6Ii9mLzcxMDIxNTYzLWJhMDUtNDFmMi1iY2M0LTE2OWUwYmJhY2FlZS9kaHg1bzl1LWYzZDJiN2YxLTY3ZjItNDcyYy05ZDkxLTAyZWIxMGYwNWFiZS5wbmciLCJ3aWR0aCI6Ijw9MTI4MCJ9XV0sImF1ZCI6WyJ1cm46c2VydmljZTppbWFnZS5vcGVyYXRpb25zIl19.egE4AaQkRjWeIIDbiAs0DRKdDwv0yHyMq2g3tgBvpA8"
"2024-08-06T13:45:53-0700","Marketplace","https://images-wixmp-ed30a86b8c4ca887773594c2.wixmp.com/f/71021563-ba05-41f2-bcc4-169e0bbacaee/dhx858p-91d168b1-843b-4feb-ab54-1c8c6100b2fa.png/v1/fill/w_1280,h_1108,q_80,strp/marketplace_by_jaxaaronson_dhx858p-fullview.jpg?token=eyJ0eXAiOiJKV1QiLCJhbGciOiJIUzI1NiJ9.eyJzdWIiOiJ1cm46YXBwOjdlMGQxODg5ODIyNjQzNzNhNWYwZDQxNWVhMGQyNmUwIiwiaXNzIjoidXJuOmFwcDo3ZTBkMTg4OTgyMjY0MzczYTVmMGQ0MTVlYTBkMjZlMCIsIm9iaiI6W1t7ImhlaWdodCI6Ijw9MTEwOCIsInBhdGgiOiIvZi83MTAyMTU2My1iYTA1LTQxZjItYmNjNC0xNjllMGJiYWNhZWUvZGh4ODU4cC05MWQxNjhiMS04NDNiLTRmZWItYWI1NC0xYzhjNjEwMGIyZmEucG5nIiwid2lkdGgiOiI8PTEyODAifV1dLCJhdWQiOlsidXJuOnNlcnZpY2U6aW1hZ2Uub3BlcmF0aW9ucyJdfQ.mlbj30qPcD6dOvQxYpxWNnNeoKo8qsJ9xWmT3CW1JY0"
"2024-08-06T16:59:31-0700","New Year","https://images-wixmp-ed30a86b8c4ca887773594c2.wixmp.com/f/71021563-ba05-41f2-bcc4-169e0bbacaee/dhx9ez9-d03ad786-5ccc-4c00-a50e-e5f5ea96bf71.png/v1/fill/w_1920,h_1048,q_80,strp/new_year_by_jaxaaronson_dhx9ez9-fullview.jpg?token=eyJ0eXAiOiJKV1QiLCJhbGciOiJIUzI1NiJ9.eyJzdWIiOiJ1cm46YXBwOjdlMGQxODg5ODIyNjQzNzNhNWYwZDQxNWVhMGQyNmUwIiwiaXNzIjoidXJuOmFwcDo3ZTBkMTg4OTgyMjY0MzczYTVmMGQ0MTVlYTBkMjZlMCIsIm9iaiI6W1t7ImhlaWdodCI6Ijw9MTA0OCIsInBhdGgiOiIvZi83MTAyMTU2My1iYTA1LTQxZjItYmNjNC0xNjllMGJiYWNhZWUvZGh4OWV6OS1kMDNhZDc4Ni01Y2NjLTRjMDAtYTUwZS1lNWY1ZWE5NmJmNzEucG5nIiwid2lkdGgiOiI8PTE5MjAifV1dLCJhdWQiOlsidXJuOnNlcnZpY2U6aW1hZ2Uub3BlcmF0aW9ucyJdfQ.hIBcce_kEeklqIc12r71T0fhj9oW4e-Uzs0mIBAlebQ"
"2024-08-06T20:14:38-0700","Jungle","https://images-wixmp-ed30a86b8c4ca887773594c2.wixmp.com/f/71021563-ba05-41f2-bcc4-169e0bbacaee/dhxaflv-606b010b-a3f0-4457-94b9-0fe35caa3fcb.png/v1/fill/w_1280,h_840,q_80,strp/jungle_by_jaxaaronson_dhxaflv-fullview.jpg?token=eyJ0eXAiOiJKV1QiLCJhbGciOiJIUzI1NiJ9.eyJzdWIiOiJ1cm46YXBwOjdlMGQxODg5ODIyNjQzNzNhNWYwZDQxNWVhMGQyNmUwIiwiaXNzIjoidXJuOmFwcDo3ZTBkMTg4OTgyMjY0MzczYTVmMGQ0MTVlYTBkMjZlMCIsIm9iaiI6W1t7ImhlaWdodCI6Ijw9ODQwIiwicGF0aCI6Ii9mLzcxMDIxNTYzLWJhMDUtNDFmMi1iY2M0LTE2OWUwYmJhY2FlZS9kaHhhZmx2LTYwNmIwMTBiLWEzZjAtNDQ1Ny05NGI5LTBmZTM1Y2FhM2ZjYi5wbmciLCJ3aWR0aCI6Ijw9MTI4MCJ9XV0sImF1ZCI6WyJ1cm46c2VydmljZTppbWFnZS5vcGVyYXRpb25zIl19.hKreiZaCzwIdiWn2OzFNqiEPPrp0qPgbrmwGl8"
"2024-08-07T18:47:43-0700","Sweat Pants","https://images-wixmp-ed30a86b8c4ca887773594c2.wixmp.com/f/71021563-ba05-41f2-bcc4-169e0bbacaee/dhxibtv-31523751-088b-4083-84bf-43b49849a235.png/v1/fill/w_1280,h_1013,q_80,strp/sweat_pants_by_jaxaaronson_dhxibtv-fullview.jpg?token=eyJ0eXAiOiJKV1QiLCJhbGciOiJIUzI1NiJ9.eyJzdWIiOiJ1cm46YXBwOjdlMGQxODg5ODIyNjQzNzNhNWYwZDQxNWVhMGQyNmUwIiwiaXNzIjoidXJuOmFwcDo3ZTBkMTg4OTgyMjY0MzczYTVmMGQ0MTVlYTBkMjZlMCIsIm9iaiI6W1t7ImhlaWdodCI6Ijw9MTAxMyIsInBhdGgiOiIvZi83MTAyMTU2My1iYTA1LTQxZjItYmNjNC0xNjllMGJiYWNhZWUvZGh4aWJ0di0zMTUyMzc1MS0wODhiLTQwODMtODRiZi00M2I0OTg0OWEyMzUucG5nIiwid2lkdGgiOiI8PTEyODAifV1dLCJhdWQiOlsidXJuOnNlcnZpY2U6aW1hZ2Uub3BlcmF0aW9ucyJdfQ.F7jRfTa7SFsqMebr8HHaKM-EdQ7917wxx1xs7cDn1mE"
"2024-08-07T20:40:16-0700","Starlight","https://images-wixmp-ed30a86b8c4ca887773594c2.wixmp.com/f/71021563-ba05-41f2-bcc4-169e0bbacaee/dhxixay-4eafcf04-50a9-4c69-8702-da449c7908b1.png/v1/fill/w_1280,h_936,q_80,strp/starlight_by_jaxaaronson_dhxixay-fullview.jpg?token=eyJ0eXAiOiJKV1QiLCJhbGciOiJIUzI1NiJ9.eyJzdWIiOiJ1cm46YXBwOjdlMGQxODg5ODIyNjQzNzNhNWYwZDQxNWVhMGQyNmUwIiwiaXNzIjoidXJuOmFwcDo3ZTBkMTg4OTgyMjY0MzczYTVmMGQ0MTVlYTBkMjZlMCIsIm9iaiI6W1t7ImhlaWdodCI6Ijw9OTM2IiwicGF0aCI6Ii9mLzcxMDIxNTYzLWJhMDUtNDFmMi1iY2M0LTE2OWUwYmJhY2FlZS9kaHhpeGF5LTRlYWZjZjA0LTUwYTktNGM2OS04NzAyLWRhNDQ5Yzc5MDhiMS5wbmciLCJ3aWR0aCI6Ijw9MTI4MCJ9XV0sImF1ZCI6WyJ1cm46c2VydmljZTppbWFnZS5vcGVyYXRpb25zIl19.fbGq9sFFAYIBxqp2fISkAMnHDeKe6-PNU14i1tkc-LA"
"2024-08-08T11:27:23-0700","Western","https://images-wixmp-ed30a86b8c4ca887773594c2.wixmp.com/f/71021563-ba05-41f2-bcc4-169e0bbacaee/dhxnu0z-2806ed25-07bf-4081-a6c6-e1652474f311.png/v1/fill/w_1280,h_468,q_80,strp/western_by_jaxaaronson_dhxnu0z-fullview.jpg?token=eyJ0eXAiOiJKV1QiLCJhbGciOiJIUzI1NiJ9.eyJzdWIiOiJ1cm46YXBwOjdlMGQxODg5ODIyNjQzNzNhNWYwZDQxNWVhMGQyNmUwIiwiaXNzIjoidXJuOmFwcDo3ZTBkMTg4OTgyMjY0MzczYTVmMGQ0MTVlYTBkMjZlMCIsIm9iaiI6W1t7ImhlaWdodCI6Ijw9NDY4IiwicGF0aCI6Ii9mLzcxMDIxNTYzLWJhMDUtNDFmMi1iY2M0LTE2OWUwYmJhY2FlZS9kaHhudTB6LTI4MDZlZDI1LTA3YmYtNDA4MS1hNmM2LWUxNjUyNDc0ZjMxMS5wbmciLCJ3aWR0aCI6Ijw9MTI4MCJ9XV0sImF1ZCI6WyJ1cm46c2VydmljZTppbWFnZS5vcGVyYXRpb25zIl19.zAEUib3DZMCu05l0lKD6imAGmRZj2XW0EA4r_tJ3qEA"
"2024-08-09T18:28:29-0700","Selfie","https://images-wixmp-ed30a86b8c4ca887773594c2.wixmp.com/f/71021563-ba05-41f2-bcc4-169e0bbacaee/dhxy2us-b0de5fd0-6b89-4d47-a888-cf46e1fda075.png/v1/fill/w_1280,h_800,q_80,strp/selfie_by_jaxaaronson_dhxy2us-fullview.jpg?token=eyJ0eXAiOiJKV1QiLCJhbGciOiJIUzI1NiJ9.eyJzdWIiOiJ1cm46YXBwOjdlMGQxODg5ODIyNjQzNzNhNWYwZDQxNWVhMGQyNmUwIiwiaXNzIjoidXJuOmFwcDo3ZTBkMTg4OTgyMjY0MzczYTVmMGQ0MTVlYTBkMjZlMCIsIm9iaiI6W1t7ImhlaWdodCI6Ijw9ODAwIiwicGF0aCI6Ii9mLzcxMDIxNTYzLWJhMDUtNDFmMi1iY2M0LTE2OWUwYmJhY2FlZS9kaHh5MnVzLWIwZGU1ZmQwLTZiODktNGQ0Ny1hODg4LWNmNDZlMWZkYTA3NS5wbmciLCJ3aWR0aCI6Ijw9MTI4MCJ9XV0sImF1ZCI6WyJ1cm46c2VydmljZTppbWFnZS5vcGVyYXRpb25zIl19.PdzxF8X02VfiqdiyhFQzmMZ547i8U6lClol-oV__X5I"
"2024-08-09T20:12:46-0700","Trailer Park","https://images-wixmp-ed30a86b8c4ca887773594c2.wixmp.com/f/71021563-ba05-41f2-bcc4-169e0bbacaee/dhxymhr-7741e6ad-af77-4931-80fe-6b8426ee50e9.png/v1/fill/w_1280,h_709,q_80,strp/trailer_park_by_jaxaaronson_dhxymhr-fullview.jpg?token=eyJ0eXAiOiJKV1QiLCJhbGciOiJIUzI1NiJ9.eyJzdWIiOiJ1cm46YXBwOjdlMGQxODg5ODIyNjQzNzNhNWYwZDQxNWVhMGQyNmUwIiwiaXNzIjoidXJuOmFwcDo3ZTBkMTg4OTgyMjY0MzczYTVmMGQ0MTVlYTBkMjZlMCIsIm9iaiI6W1t7ImhlaWdodCI6Ijw9NzA5IiwicGF0aCI6Ii9mLzcxMDIxNTYzLWJhMDUtNDFmMi1iY2M0LTE2OWUwYmJhY2FlZS9kaHh5bWhyLTc3NDFlNmFkLWFmNzctNDkzMS04MGZlLTZiODQyNmVlNTBlOS5wbmciLCJ3aWR0aCI6Ijw9MTI4MCJ9XV0sImF1ZCI6WyJ1cm46c2VydmljZTppbWFnZS5vcGVyYXRpb25zIl19.LTK87189zX_C9mC6LyMhnvKkK9Ennrx7ihsT4aSJyaA"
"2024-08-10T09:45:49-0700","Towel","https://images-wixmp-ed30a86b8c4ca887773594c2.wixmp.com/f/71021563-ba05-41f2-bcc4-169e0bbacaee/dhy2nu7-7c79f14a-2ca6-4131-9778-d793569f26a0.png/v1/fill/w_1280,h_498,q_80,strp/towel_by_jaxaaronson_dhy2nu7-fullview.jpg?token=eyJ0eXAiOiJKV1QiLCJhbGciOiJIUzI1NiJ9.eyJzdWIiOiJ1cm46YXBwOjdlMGQxODg5ODIyNjQzNzNhNWYwZDQxNWVhMGQyNmUwIiwiaXNzIjoidXJuOmFwcDo3ZTBkMTg4OTgyMjY0MzczYTVmMGQ0MTVlYTBkMjZlMCIsIm9iaiI6W1t7ImhlaWdodCI6Ijw9NDk4IiwicGF0aCI6Ii9mLzcxMDIxNTYzLWJhMDUtNDFmMi1iY2M0LTE2OWUwYmJhY2FlZS9kaHkybnU3LTdjNzlmMTRhLTJjYTYtNDEzMS05Nzc4LWQ3OTM1NjlmMjZhMC5wbmciLCJ3aWR0aCI6Ijw9MTI4MCJ9XV0sImF1ZCI6WyJ1cm46c2VydmljZTppbWFnZS5vcGVyYXRpb25zIl19.7Hj7rB9jFzxWSy6ec3QeKvitk1Nxgxg_fJ16JCUUG_8"
"2024-08-10T17:29:37-0700","Watermelon","https://images-wixmp-ed30a86b8c4ca887773594c2.wixmp.com/f/71021563-ba05-41f2-bcc4-169e0bbacaee/dhy5c7a-9ddb7d77-c413-4045-8747-d75cdd698514.png/v1/fill/w_1920,h_1067,q_80,strp/watermelon_by_jaxaaronson_dhy5c7a-fullview.jpg?token=eyJ0eXAiOiJKV1QiLCJhbGciOiJIUzI1NiJ9.eyJzdWIiOiJ1cm46YXBwOjdlMGQxODg5ODIyNjQzNzNhNWYwZDQxNWVhMGQyNmUwIiwiaXNzIjoidXJuOmFwcDo3ZTBkMTg4OTgyMjY0MzczYTVmMGQ0MTVlYTBkMjZlMCIsIm9iaiI6W1t7ImhlaWdodCI6Ijw9MTA2NyIsInBhdGgiOiIvZi83MTAyMTU2My1iYTA1LTQxZjItYmNjNC0xNjllMGJiYWNhZWUvZGh5NWM3YS05ZGRiN2Q3Ny1jNDEzLTQwNDUtODc0Ny1kNzVjZGQ2OTg1MTQucG5nIiwid2lkdGgiOiI8PTE5MjAifV1dLCJhdWQiOlsidXJuOnNlcnZpY2U6aW1hZ2Uub3BlcmF0aW9ucyJdfQ.LtpQZK4yNoN35WaiFm31vjrPRSEkdIGxHrlu8EJgtyI"
"2024-08-10T19:39:00-0700","Airstrip","https://images-wixmp-ed30a86b8c4ca887773594c2.wixmp.com/f/71021563-ba05-41f2-bcc4-169e0bbacaee/dhy5zgk-b822942c-95f4-44fb-adbf-344d32a0b12d.png/v1/fill/w_1280,h_887,q_80,strp/airstrip_by_jaxaaronson_dhy5zgk-fullview.jpg?token=eyJ0eXAiOiJKV1QiLCJhbGciOiJIUzI1NiJ9.eyJzdWIiOiJ1cm46YXBwOjdlMGQxODg5ODIyNjQzNzNhNWYwZDQxNWVhMGQyNmUwIiwiaXNzIjoidXJuOmFwcDo3ZTBkMTg4OTgyMjY0MzczYTVmMGQ0MTVlYTBkMjZlMCIsIm9iaiI6W1t7ImhlaWdodCI6Ijw9ODg3IiwicGF0aCI6Ii9mLzcxMDIxNTYzLWJhMDUtNDFmMi1iY2M0LTE2OWUwYmJhY2FlZS9kaHk1emdrLWI4MjI5NDJjLTk1ZjQtNDRmYi1hZGJmLTM0NGQzMmEwYjEyZC5wbmciLCJ3aWR0aCI6Ijw9MTI4MCJ9XV0sImF1ZCI6WyJ1cm46c2VydmljZTppbWFnZS5vcGVyYXRpb25zIl19.YSAXyBJZVsROgdDHvh-kVyDDEoZ4rZ9Q3hxOge4Q9EU"
"2024-08-10T21:55:38-0700","Flannel","https://images-wixmp-ed30a86b8c4ca887773594c2.wixmp.com/f/71021563-ba05-41f2-bcc4-169e0bbacaee/dhy6kwu-1961cadf-39cc-47db-bb92-25b4287af384.png/v1/fill/w_1920,h_1477,q_80,strp/flannel_by_jaxaaronson_dhy6kwu-fullview.jpg?token=eyJ0eXAiOiJKV1QiLCJhbGciOiJIUzI1NiJ9.eyJzdWIiOiJ1cm46YXBwOjdlMGQxODg5ODIyNjQzNzNhNWYwZDQxNWVhMGQyNmUwIiwiaXNzIjoidXJuOmFwcDo3ZTBkMTg4OTgyMjY0MzczYTVmMGQ0MTVlYTBkMjZlMCIsIm9iaiI6W1t7ImhlaWdodCI6Ijw9MTQ3NyIsInBhdGgiOiIvZi83MTAyMTU2My1iYTA1LTQxZjItYmNjNC0xNjllMGJiYWNhZWUvZGh5Nmt3dS0xOTYxY2FkZi0zOWNjLTQ3ZGItYmI5Mi0yNWI0Mjg3YWYzODQucG5nIiwid2lkdGgiOiI8PTE5MjAifV1dLCJhdWQiOlsidXJuOnNlcnZpY2U6aW1hZ2Uub3BlcmF0aW9ucyJdfQ.PIOJe2b8skq3jWuCk-yQgOl52nxf6W1LzUsmRbJ3Vs8"
"2024-08-11T09:51:19-0700","Walt World","https://images-wixmp-ed30a86b8c4ca887773594c2.wixmp.com/f/71021563-ba05-41f2-bcc4-169e0bbacaee/dhyaokr-520cf6b3-3ad3-466f-8183-4eeae445e0fd.png/v1/fill/w_1280,h_936,q_80,strp/walt_world_by_jaxaaronson_dhyaokr-fullview.jpg?token=eyJ0eXAiOiJKV1QiLCJhbGciOiJIUzI1NiJ9.eyJzdWIiOiJ1cm46YXBwOjdlMGQxODg5ODIyNjQzNzNhNWYwZDQxNWVhMGQyNmUwIiwiaXNzIjoidXJuOmFwcDo3ZTBkMTg4OTgyMjY0MzczYTVmMGQ0MTVlYTBkMjZlMCIsIm9iaiI6W1t7ImhlaWdodCI6Ijw9OTM2IiwicGF0aCI6Ii9mLzcxMDIxNTYzLWJhMDUtNDFmMi1iY2M0LTE2OWUwYmJhY2FlZS9kaHlhb2tyLTUyMGNmNmIzLTNhZDMtNDY2Zi04MTgzLTRlZWFlNDQ1ZTBmZC5wbmciLCJ3aWR0aCI6Ijw9MTI4MCJ9XV0sImF1ZCI6WyJ1cm46c2VydmljZTppbWFnZS5vcGVyYXRpb25zIl19.OFopDMDnVSezgV5EzbbysZ_9CxXSa41qPafaaGPW8OI"
"2024-08-11T13:41:51-0700","Mariachi","https://images-wixmp-ed30a86b8c4ca887773594c2.wixmp.com/f/71021563-ba05-41f2-bcc4-169e0bbacaee/dhycf3o-f7edd1a7-377a-4b48-a32c-6fd3e53ffa01.png/v1/fill/w_1280,h_771,q_80,strp/mariachi_by_jaxaaronson_dhycf3o-fullview.jpg?token=eyJ0eXAiOiJKV1QiLCJhbGciOiJIUzI1NiJ9.eyJzdWIiOiJ1cm46YXBwOjdlMGQxODg5ODIyNjQzNzNhNWYwZDQxNWVhMGQyNmUwIiwiaXNzIjoidXJuOmFwcDo3ZTBkMTg4OTgyMjY0MzczYTVmMGQ0MTVlYTBkMjZlMCIsIm9iaiI6W1t7ImhlaWdodCI6Ijw9NzcxIiwicGF0aCI6Ii9mLzcxMDIxNTYzLWJhMDUtNDFmMi1iY2M0LTE2OWUwYmJhY2FlZS9kaHljZjNvLWY3ZWRkMWE3LTM3N2EtNGI0OC1hMzJjLTZmZDNlNTNmZmEwMS5wbmciLCJ3aWR0aCI6Ijw9MTI4MCJ9XV0sImF1ZCI6WyJ1cm46c2VydmljZTppbWFnZS5vcGVyYXRpb25zIl19.jqU0CLvK4EUOOLZMS8KVU9Ch8cINtMBDhrUD3ssi5SA"
"2024-08-11T19:24:43-0700","Transparent","https://images-wixmp-ed30a86b8c4ca887773594c2.wixmp.com/f/71021563-ba05-41f2-bcc4-169e0bbacaee/dhyeu5q-c0be197a-c378-4cd4-8025-c2a69aaa8ecc.png/v1/fill/w_1280,h_788,q_80,strp/transparent_by_jaxaaronson_dhyeu5q-fullview.jpg?token=eyJ0eXAiOiJKV1QiLCJhbGciOiJIUzI1NiJ9.eyJzdWIiOiJ1cm46YXBwOjdlMGQxODg5ODIyNjQzNzNhNWYwZDQxNWVhMGQyNmUwIiwiaXNzIjoidXJuOmFwcDo3ZTBkMTg4OTgyMjY0MzczYTVmMGQ0MTVlYTBkMjZlMCIsIm9iaiI6W1t7ImhlaWdodCI6Ijw9Nzg4IiwicGF0aCI6Ii9mLzcxMDIxNTYzLWJhMDUtNDFmMi1iY2M0LTE2OWUwYmJhY2FlZS9kaHlldTVxLWMwYmUxOTdhLWMzNzgtNGNkNC04MDI1LWMyYTY5YWFhOGVjYy5wbmciLCJ3aWR0aCI6Ijw9MTI4MCJ9XV0sImF1ZCI6WyJ1cm46c2VydmljZTppbWFnZS5vcGVyYXRpb25zIl19.kXKpT6B2SLKL0e0BiCWuGU9q6hPx3lajc4NILNGbkUE"
"2024-08-12T22:30:50-0700","Selective","https://images-wixmp-ed30a86b8c4ca887773594c2.wixmp.com/f/71021563-ba05-41f2-bcc4-169e0bbacaee/dhyo9pj-19fceea0-c4b2-4f08-9977-4912f9c24213.png/v1/fill/w_1280,h_1013,q_80,strp/selective_by_jaxaaronson_dhyo9pj-fullview.jpg?token=eyJ0eXAiOiJKV1QiLCJhbGciOiJIUzI1NiJ9.eyJzdWIiOiJ1cm46YXBwOjdlMGQxODg5ODIyNjQzNzNhNWYwZDQxNWVhMGQyNmUwIiwiaXNzIjoidXJuOmFwcDo3ZTBkMTg4OTgyMjY0MzczYTVmMGQ0MTVlYTBkMjZlMCIsIm9iaiI6W1t7ImhlaWdodCI6Ijw9MTAxMyIsInBhdGgiOiIvZi83MTAyMTU2My1iYTA1LTQxZjItYmNjNC0xNjllMGJiYWNhZWUvZGh5bzlwai0xOWZjZWVhMC1jNGIyLTRmMDgtOTk3Ny00OTEyZjljMjQyMTMucG5nIiwid2lkdGgiOiI8PTEyODAifV1dLCJhdWQiOlsidXJuOnNlcnZpY2U6aW1hZ2Uub3BlcmF0aW9ucyJdfQ.w1-Hr1BRjWuFBh38PhZogtaACjUuc1FhDtovZih43co"
"2024-08-13T13:59:21-0700","Trampoline","https://images-wixmp-ed30a86b8c4ca887773594c2.wixmp.com/f/71021563-ba05-41f2-bcc4-169e0bbacaee/dhytt2g-233b4aef-b353-47e5-94c8-79b501b69bd2.png/v1/fill/w_1280,h_832,q_80,strp/trampoline_by_jaxaaronson_dhytt2g-fullview.jpg?token=eyJ0eXAiOiJKV1QiLCJhbGciOiJIUzI1NiJ9.eyJzdWIiOiJ1cm46YXBwOjdlMGQxODg5ODIyNjQzNzNhNWYwZDQxNWVhMGQyNmUwIiwiaXNzIjoidXJuOmFwcDo3ZTBkMTg4OTgyMjY0MzczYTVmMGQ0MTVlYTBkMjZlMCIsIm9iaiI6W1t7ImhlaWdodCI6Ijw9ODMyIiwicGF0aCI6Ii9mLzcxMDIxNTYzLWJhMDUtNDFmMi1iY2M0LTE2OWUwYmJhY2FlZS9kaHl0dDJnLTIzM2I0YWVmLWIzNTMtNDdlNS05NGM4LTc5YjUwMWI2OWJkMi5wbmciLCJ3aWR0aCI6Ijw9MTI4MCJ9XV0sImF1ZCI6WyJ1cm46c2VydmljZTppbWFnZS5vcGVyYXRpb25zIl19.2CmdRzvdgfVaIQ_Ln7vXNSykCEsPqBab29V4cR0xLdY"
"2024-08-13T14:00:05-0700","Basketball","https://images-wixmp-ed30a86b8c4ca887773594c2.wixmp.com/f/71021563-ba05-41f2-bcc4-169e0bbacaee/dhyttbn-838b276e-e045-432b-9f55-c02ed46daad3.png/v1/fill/w_1280,h_1067,q_80,strp/basketball_by_jaxaaronson_dhyttbn-fullview.jpg?token=eyJ0eXAiOiJKV1QiLCJhbGciOiJIUzI1NiJ9.eyJzdWIiOiJ1cm46YXBwOjdlMGQxODg5ODIyNjQzNzNhNWYwZDQxNWVhMGQyNmUwIiwiaXNzIjoidXJuOmFwcDo3ZTBkMTg4OTgyMjY0MzczYTVmMGQ0MTVlYTBkMjZlMCIsIm9iaiI6W1t7ImhlaWdodCI6Ijw9MTA2NyIsInBhdGgiOiIvZi83MTAyMTU2My1iYTA1LTQxZjItYmNjNC0xNjllMGJiYWNhZWUvZGh5dHRibi04MzhiMjc2ZS1lMDQ1LTQzMmItOWY1NS1jMDJlZDQ2ZGFhZDMucG5nIiwid2lkdGgiOiI8PTEyODAifV1dLCJhdWQiOlsidXJuOnNlcnZpY2U6aW1hZ2Uub3BlcmF0aW9ucyJdfQ.98w2-YmH-08M056JvAkOdPj09lIjH8a183MFaeQ3JQo"
"2024-08-13T14:02:07-0700","Sunroom","https://images-wixmp-ed30a86b8c4ca887773594c2.wixmp.com/f/71021563-ba05-41f2-bcc4-169e0bbacaee/dhyttwc-d2bcb468-71ef-4ea9-815a-115fab0cb343.png/v1/fill/w_1280,h_444,q_80,strp/sunroom_by_jaxaaronson_dhyttwc-fullview.jpg?token=eyJ0eXAiOiJKV1QiLCJhbGciOiJIUzI1NiJ9.eyJzdWIiOiJ1cm46YXBwOjdlMGQxODg5ODIyNjQzNzNhNWYwZDQxNWVhMGQyNmUwIiwiaXNzIjoidXJuOmFwcDo3ZTBkMTg4OTgyMjY0MzczYTVmMGQ0MTVlYTBkMjZlMCIsIm9iaiI6W1t7ImhlaWdodCI6Ijw9NDQ0IiwicGF0aCI6Ii9mLzcxMDIxNTYzLWJhMDUtNDFmMi1iY2M0LTE2OWUwYmJhY2FlZS9kaHl0dHdjLWQyYmNiNDY4LTcxZWYtNGVhOS04MTVhLTExNWZhYjBjYjM0My5wbmciLCJ3aWR0aCI6Ijw9MTI4MCJ9XV0sImF1ZCI6WyJ1cm46c2VydmljZTppbWFnZS5vcGVyYXRpb25zIl19.793uvGQJtt6gR0BkCcD7EJeavKp0O3KR9Q7p9BMKMWg"
"2024-08-13T20:12:32-0700","Thx","https://images-wixmp-ed30a86b8c4ca887773594c2.wixmp.com/f/71021563-ba05-41f2-bcc4-169e0bbacaee/dhyvwhk-5102a759-1196-4419-88e7-955fe8fd2168.png/v1/fill/w_1280,h_996,q_80,strp/thx_by_jaxaaronson_dhyvwhk-fullview.jpg?token=eyJ0eXAiOiJKV1QiLCJhbGciOiJIUzI1NiJ9.eyJzdWIiOiJ1cm46YXBwOjdlMGQxODg5ODIyNjQzNzNhNWYwZDQxNWVhMGQyNmUwIiwiaXNzIjoidXJuOmFwcDo3ZTBkMTg4OTgyMjY0MzczYTVmMGQ0MTVlYTBkMjZlMCIsIm9iaiI6W1t7ImhlaWdodCI6Ijw9OTk2IiwicGF0aCI6Ii9mLzcxMDIxNTYzLWJhMDUtNDFmMi1iY2M0LTE2OWUwYmJhY2FlZS9kaHl2d2hrLTUxMDJhNzU5LTExOTYtNDQxOS04OGU3LTk1NWZlOGZkMjE2OC5wbmciLCJ3aWR0aCI6Ijw9MTI4MCJ9XV0sImF1ZCI6WyJ1cm46c2VydmljZTppbWFnZS5vcGVyYXRpb25zIl19.hpUYa59u4LpZvSzTrK7U3IJVWv398BtSUvk_o3LNunM"
"2024-08-14T08:36:05-0700","Limo","https://images-wixmp-ed30a86b8c4ca887773594c2.wixmp.com/f/71021563-ba05-41f2-bcc4-169e0bbacaee/dhyzpb1-35cba516-56cb-4172-a4bb-13313c2aacb1.png/v1/fill/w_1280,h_732,q_80,strp/limo_by_jaxaaronson_dhyzpb1-fullview.jpg?token=eyJ0eXAiOiJKV1QiLCJhbGciOiJIUzI1NiJ9.eyJzdWIiOiJ1cm46YXBwOjdlMGQxODg5ODIyNjQzNzNhNWYwZDQxNWVhMGQyNmUwIiwiaXNzIjoidXJuOmFwcDo3ZTBkMTg4OTgyMjY0MzczYTVmMGQ0MTVlYTBkMjZlMCIsIm9iaiI6W1t7ImhlaWdodCI6Ijw9NzMyIiwicGF0aCI6Ii9mLzcxMDIxNTYzLWJhMDUtNDFmMi1iY2M0LTE2OWUwYmJhY2FlZS9kaHl6cGIxLTM1Y2JhNTE2LTU2Y2ItNDE3Mi1hNGJiLTEzMzEzYzJhYWNiMS5wbmciLCJ3aWR0aCI6Ijw9MTI4MCJ9XV0sImF1ZCI6WyJ1cm46c2VydmljZTppbWFnZS5vcGVyYXRpb25zIl19.J6kQiRU2oEeV6tvHsHCClQyp2MCJMDOoOtiQfM8tZMs"
"2024-08-15T16:11:54-0700","Booth","https://images-wixmp-ed30a86b8c4ca887773594c2.wixmp.com/f/71021563-ba05-41f2-bcc4-169e0bbacaee/dhzawut-2dc2afd0-bd24-4745-bf30-00a04aa33985.png/v1/fill/w_1920,h_699,q_80,strp/booth_by_jaxaaronson_dhzawut-fullview.jpg?token=eyJ0eXAiOiJKV1QiLCJhbGciOiJIUzI1NiJ9.eyJzdWIiOiJ1cm46YXBwOjdlMGQxODg5ODIyNjQzNzNhNWYwZDQxNWVhMGQyNmUwIiwiaXNzIjoidXJuOmFwcDo3ZTBkMTg4OTgyMjY0MzczYTVmMGQ0MTVlYTBkMjZlMCIsIm9iaiI6W1t7ImhlaWdodCI6Ijw9Njk5IiwicGF0aCI6Ii9mLzcxMDIxNTYzLWJhMDUtNDFmMi1iY2M0LTE2OWUwYmJhY2FlZS9kaHphd3V0LTJkYzJhZmQwLWJkMjQtNDc0NS1iZjMwLTAwYTA0YWEzMzk4NS5wbmciLCJ3aWR0aCI6Ijw9MTkyMCJ9XV0sImF1ZCI6WyJ1cm46c2VydmljZTppbWFnZS5vcGVyYXRpb25zIl19.x14BSuOQmUEDeocRyiSfnFr2f4fCTa18OSLXKE9UidE"
"2024-08-15T19:39:00-0700","Veg","https://images-wixmp-ed30a86b8c4ca887773594c2.wixmp.com/f/71021563-ba05-41f2-bcc4-169e0bbacaee/dhzbzdp-271236a5-d987-45a9-a398-f40be1db721f.png/v1/fill/w_1280,h_1773,q_80,strp/veg_by_jaxaaronson_dhzbzdp-fullview.jpg?token=eyJ0eXAiOiJKV1QiLCJhbGciOiJIUzI1NiJ9.eyJzdWIiOiJ1cm46YXBwOjdlMGQxODg5ODIyNjQzNzNhNWYwZDQxNWVhMGQyNmUwIiwiaXNzIjoidXJuOmFwcDo3ZTBkMTg4OTgyMjY0MzczYTVmMGQ0MTVlYTBkMjZlMCIsIm9iaiI6W1t7ImhlaWdodCI6Ijw9MTc3MyIsInBhdGgiOiIvZi83MTAyMTU2My1iYTA1LTQxZjItYmNjNC0xNjllMGJiYWNhZWUvZGh6YnpkcC0yNzEyMzZhNS1kOTg3LTQ1YTktYTM5OC1mNDBiZTFkYjcyMWYucG5nIiwid2lkdGgiOiI8PTEyODAifV1dLCJhdWQiOlsidXJuOnNlcnZpY2U6aW1hZ2Uub3BlcmF0aW9ucyJdfQ.hGIPVHibMygOBxDqrQnOAim0IOEJBjXg3E0tKI0OKLs"
"2024-08-16T20:51:03-0700","Meat","https://images-wixmp-ed30a86b8c4ca887773594c2.wixmp.com/f/71021563-ba05-41f2-bcc4-169e0bbacaee/dhzk2y8-5b6b1761-63e0-4ea9-82c9-c7535af4aeda.png/v1/fill/w_1920,h_640,q_80,strp/meat_by_jaxaaronson_dhzk2y8-fullview.jpg?token=eyJ0eXAiOiJKV1QiLCJhbGciOiJIUzI1NiJ9.eyJzdWIiOiJ1cm46YXBwOjdlMGQxODg5ODIyNjQzNzNhNWYwZDQxNWVhMGQyNmUwIiwiaXNzIjoidXJuOmFwcDo3ZTBkMTg4OTgyMjY0MzczYTVmMGQ0MTVlYTBkMjZlMCIsIm9iaiI6W1t7ImhlaWdodCI6Ijw9NjQwIiwicGF0aCI6Ii9mLzcxMDIxNTYzLWJhMDUtNDFmMi1iY2M0LTE2OWUwYmJhY2FlZS9kaHprMnk4LTViNmIxNzYxLTYzZTAtNGVhOS04MmM5LWM3NTM1YWY0YWVkYS5wbmciLCJ3aWR0aCI6Ijw9MTkyMCJ9XV0sImF1ZCI6WyJ1cm46c2VydmljZTppbWFnZS5vcGVyYXRpb25zIl19.SkbPvizwQ46cDQOpCPk990j14QdfB0TScrNPyTxKyFo"
"2024-08-16T20:51:47-0700","Pearls","https://images-wixmp-ed30a86b8c4ca887773594c2.wixmp.com/f/71021563-ba05-41f2-bcc4-169e0bbacaee/dhzk358-e4784e06-5c54-45a7-b2b2-2ccc4189ebde.png/v1/fill/w_1280,h_444,q_80,strp/pearls_by_jaxaaronson_dhzk358-fullview.jpg?token=eyJ0eXAiOiJKV1QiLCJhbGciOiJIUzI1NiJ9.eyJzdWIiOiJ1cm46YXBwOjdlMGQxODg5ODIyNjQzNzNhNWYwZDQxNWVhMGQyNmUwIiwiaXNzIjoidXJuOmFwcDo3ZTBkMTg4OTgyMjY0MzczYTVmMGQ0MTVlYTBkMjZlMCIsIm9iaiI6W1t7ImhlaWdodCI6Ijw9NDQ0IiwicGF0aCI6Ii9mLzcxMDIxNTYzLWJhMDUtNDFmMi1iY2M0LTE2OWUwYmJhY2FlZS9kaHprMzU4LWU0Nzg0ZTA2LTVjNTQtNDVhNy1iMmIyLTJjY2M0MTg5ZWJkZS5wbmciLCJ3aWR0aCI6Ijw9MTI4MCJ9XV0sImF1ZCI6WyJ1cm46c2VydmljZTppbWFnZS5vcGVyYXRpb25zIl19.bJIeA6tSfgYZbpeQriVKVTlTsSDTPskUYLq9PyyG4a0"
"2024-08-17T19:19:57-0700","Monster Trucks","https://images-wixmp-ed30a86b8c4ca887773594c2.wixmp.com/f/71021563-ba05-41f2-bcc4-169e0bbacaee/dhzrimm-2c5d562b-3cdd-48f2-a4ea-d9f0cbb52e9f.png/v1/fill/w_1920,h_1387,q_80,strp/monster_trucks_by_jaxaaronson_dhzrimm-fullview.jpg?token=eyJ0eXAiOiJKV1QiLCJhbGciOiJIUzI1NiJ9.eyJzdWIiOiJ1cm46YXBwOjdlMGQxODg5ODIyNjQzNzNhNWYwZDQxNWVhMGQyNmUwIiwiaXNzIjoidXJuOmFwcDo3ZTBkMTg4OTgyMjY0MzczYTVmMGQ0MTVlYTBkMjZlMCIsIm9iaiI6W1t7ImhlaWdodCI6Ijw9MTM4NyIsInBhdGgiOiIvZi83MTAyMTU2My1iYTA1LTQxZjItYmNjNC0xNjllMGJiYWNhZWUvZGh6cmltbS0yYzVkNTYyYi0zY2RkLTQ4ZjItYTRlYS1kOWYwY2JiNTJlOWYucG5nIiwid2lkdGgiOiI8PTE5MjAifV1dLCJhdWQiOlsidXJuOnNlcnZpY2U6aW1hZ2Uub3BlcmF0aW9ucyJdfQ.Z0_difgF3fMM_fcziZPZHCIQErBeIrkEx2MKW935n_M"
"2024-08-17T22:00:48-0700","Suburb","https://images-wixmp-ed30a86b8c4ca887773594c2.wixmp.com/f/71021563-ba05-41f2-bcc4-169e0bbacaee/dhzsa0s-30f58248-47a6-48de-99c4-fd27a9ff26f4.png/v1/fill/w_1280,h_800,q_80,strp/suburb_by_jaxaaronson_dhzsa0s-fullview.jpg?token=eyJ0eXAiOiJKV1QiLCJhbGciOiJIUzI1NiJ9.eyJzdWIiOiJ1cm46YXBwOjdlMGQxODg5ODIyNjQzNzNhNWYwZDQxNWVhMGQyNmUwIiwiaXNzIjoidXJuOmFwcDo3ZTBkMTg4OTgyMjY0MzczYTVmMGQ0MTVlYTBkMjZlMCIsIm9iaiI6W1t7ImhlaWdodCI6Ijw9ODAwIiwicGF0aCI6Ii9mLzcxMDIxNTYzLWJhMDUtNDFmMi1iY2M0LTE2OWUwYmJhY2FlZS9kaHpzYTBzLTMwZjU4MjQ4LTQ3YTYtNDhkZS05OWM0LWZkMjdhOWZmMjZmNC5wbmciLCJ3aWR0aCI6Ijw9MTI4MCJ9XV0sImF1ZCI6WyJ1cm46c2VydmljZTppbWFnZS5vcGVyYXRpb25zIl19.uCI1Mg3k66exCuDQvlS5RRRuV967vwUVjT6r91Eqz7o"
"2024-08-17T22:01:34-0700","Peacock","https://images-wixmp-ed30a86b8c4ca887773594c2.wixmp.com/f/71021563-ba05-41f2-bcc4-169e0bbacaee/dhzsa66-44ac66f2-a719-4de4-b9c3-0a971fe8a973.png/v1/fill/w_1280,h_709,q_80,strp/peacock_by_jaxaaronson_dhzsa66-fullview.jpg?token=eyJ0eXAiOiJKV1QiLCJhbGciOiJIUzI1NiJ9.eyJzdWIiOiJ1cm46YXBwOjdlMGQxODg5ODIyNjQzNzNhNWYwZDQxNWVhMGQyNmUwIiwiaXNzIjoidXJuOmFwcDo3ZTBkMTg4OTgyMjY0MzczYTVmMGQ0MTVlYTBkMjZlMCIsIm9iaiI6W1t7ImhlaWdodCI6Ijw9NzA5IiwicGF0aCI6Ii9mLzcxMDIxNTYzLWJhMDUtNDFmMi1iY2M0LTE2OWUwYmJhY2FlZS9kaHpzYTY2LTQ0YWM2NmYyLWE3MTktNGRlNC1iOWMzLTBhOTcxZmU4YTk3My5wbmciLCJ3aWR0aCI6Ijw9MTI4MCJ9XV0sImF1ZCI6WyJ1cm46c2VydmljZTppbWFnZS5vcGVyYXRpb25zIl19.zwY0iYdoMAlmOKTKVxBwFitLDyovjWw2Jdl_MdXfY7I"
"2024-08-17T22:02:20-0700","High Dive","https://images-wixmp-ed30a86b8c4ca887773594c2.wixmp.com/f/71021563-ba05-41f2-bcc4-169e0bbacaee/dhzsabg-44b370b0-5e84-458f-9e75-01011bb75309.png/v1/fill/w_1280,h_640,q_80,strp/high_dive_by_jaxaaronson_dhzsabg-fullview.jpg?token=eyJ0eXAiOiJKV1QiLCJhbGciOiJIUzI1NiJ9.eyJzdWIiOiJ1cm46YXBwOjdlMGQxODg5ODIyNjQzNzNhNWYwZDQxNWVhMGQyNmUwIiwiaXNzIjoidXJuOmFwcDo3ZTBkMTg4OTgyMjY0MzczYTVmMGQ0MTVlYTBkMjZlMCIsIm9iaiI6W1t7ImhlaWdodCI6Ijw9NjQwIiwicGF0aCI6Ii9mLzcxMDIxNTYzLWJhMDUtNDFmMi1iY2M0LTE2OWUwYmJhY2FlZS9kaHpzYWJnLTQ0YjM3MGIwLTVlODQtNDU4Zi05ZTc1LTAxMDExYmI3NTMwOS5wbmciLCJ3aWR0aCI6Ijw9MTI4MCJ9XV0sImF1ZCI6WyJ1cm46c2VydmljZTppbWFnZS5vcGVyYXRpb25zIl19.JYpsfdDQ4IMUHm-c8OwV7aad_sx9CnLy2rf09JvdlKs"
"2024-08-18T10:31:47-0700","1950s","https://images-wixmp-ed30a86b8c4ca887773594c2.wixmp.com/f/71021563-ba05-41f2-bcc4-169e0bbacaee/dhzwurf-3ce0cffd-177b-4807-a2f8-b2af1d6ba3e7.png/v1/fill/w_1280,h_712,q_80,strp/1950s_by_jaxaaronson_dhzwurf-fullview.jpg?token=eyJ0eXAiOiJKV1QiLCJhbGciOiJIUzI1NiJ9.eyJzdWIiOiJ1cm46YXBwOjdlMGQxODg5ODIyNjQzNzNhNWYwZDQxNWVhMGQyNmUwIiwiaXNzIjoidXJuOmFwcDo3ZTBkMTg4OTgyMjY0MzczYTVmMGQ0MTVlYTBkMjZlMCIsIm9iaiI6W1t7ImhlaWdodCI6Ijw9NzEyIiwicGF0aCI6Ii9mLzcxMDIxNTYzLWJhMDUtNDFmMi1iY2M0LTE2OWUwYmJhY2FlZS9kaHp3dXJmLTNjZTBjZmZkLTE3N2ItNDgwNy1hMmY4LWIyYWYxZDZiYTNlNy5wbmciLCJ3aWR0aCI6Ijw9MTI4MCJ9XV0sImF1ZCI6WyJ1cm46c2VydmljZTppbWFnZS5vcGVyYXRpb25zIl19.2_ENWq5HB3LBbb3yLjWTLTX5kZrQJRXYc8MRE70vzz0"
"2024-08-18T10:33:05-0700","Spaghetti","https://images-wixmp-ed30a86b8c4ca887773594c2.wixmp.com/f/71021563-ba05-41f2-bcc4-169e0bbacaee/dhzwuxv-2ed17433-f88b-45eb-b4cb-7ea5069c6eeb.png/v1/fill/w_1920,h_1344,q_80,strp/spaghetti_by_jaxaaronson_dhzwuxv-fullview.jpg?token=eyJ0eXAiOiJKV1QiLCJhbGciOiJIUzI1NiJ9.eyJzdWIiOiJ1cm46YXBwOjdlMGQxODg5ODIyNjQzNzNhNWYwZDQxNWVhMGQyNmUwIiwiaXNzIjoidXJuOmFwcDo3ZTBkMTg4OTgyMjY0MzczYTVmMGQ0MTVlYTBkMjZlMCIsIm9iaiI6W1t7ImhlaWdodCI6Ijw9MTM0NCIsInBhdGgiOiIvZi83MTAyMTU2My1iYTA1LTQxZjItYmNjNC0xNjllMGJiYWNhZWUvZGh6d3V4di0yZWQxNzQzMy1mODhiLTQ1ZWItYjRjYi03ZWE1MDY5YzZlZWIucG5nIiwid2lkdGgiOiI8PTE5MjAifV1dLCJhdWQiOlsidXJuOnNlcnZpY2U6aW1hZ2Uub3BlcmF0aW9ucyJdfQ.nzTgFJtoVayOI6WrovlA_d2Rl1im_1hzgmNXrbucVf4"
"2024-08-18T14:30:23-0700","Chandelier","https://images-wixmp-ed30a86b8c4ca887773594c2.wixmp.com/f/71021563-ba05-41f2-bcc4-169e0bbacaee/dhzyl9y-6057b962-96df-4def-998a-457a1aaf9a5b.png/v1/fill/w_1920,h_1120,q_80,strp/chandelier_by_jaxaaronson_dhzyl9y-fullview.jpg?token=eyJ0eXAiOiJKV1QiLCJhbGciOiJIUzI1NiJ9.eyJzdWIiOiJ1cm46YXBwOjdlMGQxODg5ODIyNjQzNzNhNWYwZDQxNWVhMGQyNmUwIiwiaXNzIjoidXJuOmFwcDo3ZTBkMTg4OTgyMjY0MzczYTVmMGQ0MTVlYTBkMjZlMCIsIm9iaiI6W1t7ImhlaWdodCI6Ijw9MTEyMCIsInBhdGgiOiIvZi83MTAyMTU2My1iYTA1LTQxZjItYmNjNC0xNjllMGJiYWNhZWUvZGh6eWw5eS02MDU3Yjk2Mi05NmRmLTRkZWYtOTk4YS00NTdhMWFhZjlhNWIucG5nIiwid2lkdGgiOiI8PTE5MjAifV1dLCJhdWQiOlsidXJuOnNlcnZpY2U6aW1hZ2Uub3BlcmF0aW9ucyJdfQ.moOYge8ZPqWSCUDNs4KJl3sHVnz1YYpMc5I0Wn01gBE"
"2024-08-18T16:01:34-0700","Cobblestone","https://images-wixmp-ed30a86b8c4ca887773594c2.wixmp.com/f/71021563-ba05-41f2-bcc4-169e0bbacaee/dhzz9cj-2ee0307a-b81c-483b-9620-57e4ef8df551.png/v1/fill/w_1280,h_1494,q_80,strp/cobblestone_by_jaxaaronson_dhzz9cj-fullview.jpg?token=eyJ0eXAiOiJKV1QiLCJhbGciOiJIUzI1NiJ9.eyJzdWIiOiJ1cm46YXBwOjdlMGQxODg5ODIyNjQzNzNhNWYwZDQxNWVhMGQyNmUwIiwiaXNzIjoidXJuOmFwcDo3ZTBkMTg4OTgyMjY0MzczYTVmMGQ0MTVlYTBkMjZlMCIsIm9iaiI6W1t7ImhlaWdodCI6Ijw9MTQ5NCIsInBhdGgiOiIvZi83MTAyMTU2My1iYTA1LTQxZjItYmNjNC0xNjllMGJiYWNhZWUvZGh6ejljai0yZWUwMzA3YS1iODFjLTQ4M2ItOTYyMC01N2U0ZWY4ZGY1NTEucG5nIiwid2lkdGgiOiI8PTEyODAifV1dLCJhdWQiOlsidXJuOnNlcnZpY2U6aW1hZ2Uub3BlcmF0aW9ucyJdfQ.csXwjQoX--Zrb67fXBZ4yFuUmmR8e83iPolKqWcJgZY"
"2024-08-18T18:48:48-0700","Trench Coat","https://images-wixmp-ed30a86b8c4ca887773594c2.wixmp.com/f/71021563-ba05-41f2-bcc4-169e0bbacaee/di00a0p-4e3adfb2-a67e-44b9-b22f-46ebe4ebc1f1.png/v1/fill/w_1280,h_1266,q_80,strp/trench_coat_by_jaxaaronson_di00a0p-fullview.jpg?token=eyJ0eXAiOiJKV1QiLCJhbGciOiJIUzI1NiJ9.eyJzdWIiOiJ1cm46YXBwOjdlMGQxODg5ODIyNjQzNzNhNWYwZDQxNWVhMGQyNmUwIiwiaXNzIjoidXJuOmFwcDo3ZTBkMTg4OTgyMjY0MzczYTVmMGQ0MTVlYTBkMjZlMCIsIm9iaiI6W1t7ImhlaWdodCI6Ijw9MTI2NiIsInBhdGgiOiIvZi83MTAyMTU2My1iYTA1LTQxZjItYmNjNC0xNjllMGJiYWNhZWUvZGkwMGEwcC00ZTNhZGZiMi1hNjdlLTQ0YjktYjIyZi00NmViZTRlYmMxZjEucG5nIiwid2lkdGgiOiI8PTEyODAifV1dLCJhdWQiOlsidXJuOnNlcnZpY2U6aW1hZ2Uub3BlcmF0aW9ucyJdfQ.YRcNV4dCCieFYq9vaggtOLxKcZZLeAcPZl58bXBtpwI"
"2024-08-18T21:22:29-0700","Twins","https://images-wixmp-ed30a86b8c4ca887773594c2.wixmp.com/f/71021563-ba05-41f2-bcc4-169e0bbacaee/di011lk-c842ddd3-665e-4f3e-8069-27012a32d780.png/v1/fill/w_1280,h_732,q_80,strp/twins_by_jaxaaronson_di011lk-fullview.jpg?token=eyJ0eXAiOiJKV1QiLCJhbGciOiJIUzI1NiJ9.eyJzdWIiOiJ1cm46YXBwOjdlMGQxODg5ODIyNjQzNzNhNWYwZDQxNWVhMGQyNmUwIiwiaXNzIjoidXJuOmFwcDo3ZTBkMTg4OTgyMjY0MzczYTVmMGQ0MTVlYTBkMjZlMCIsIm9iaiI6W1t7ImhlaWdodCI6Ijw9NzMyIiwicGF0aCI6Ii9mLzcxMDIxNTYzLWJhMDUtNDFmMi1iY2M0LTE2OWUwYmJhY2FlZS9kaTAxMWxrLWM4NDJkZGQzLTY2NWUtNGYzZS04MDY5LTI3MDEyYTMyZDc4MC5wbmciLCJ3aWR0aCI6Ijw9MTI4MCJ9XV0sImF1ZCI6WyJ1cm46c2VydmljZTppbWFnZS5vcGVyYXRpb25zIl19.HvkJBTArUIusfWXIkV8hi54OaR-kSEu_PB9Zyt-13b0"
"2024-08-19T16:39:51-0700","Outback","https://images-wixmp-ed30a86b8c4ca887773594c2.wixmp.com/f/71021563-ba05-41f2-bcc4-169e0bbacaee/di088bw-eda9bd19-cc07-4d35-859d-ac7b1639170b.png/v1/fill/w_1280,h_1280,q_80,strp/outback_by_jaxaaronson_di088bw-fullview.jpg?token=eyJ0eXAiOiJKV1QiLCJhbGciOiJIUzI1NiJ9.eyJzdWIiOiJ1cm46YXBwOjdlMGQxODg5ODIyNjQzNzNhNWYwZDQxNWVhMGQyNmUwIiwiaXNzIjoidXJuOmFwcDo3ZTBkMTg4OTgyMjY0MzczYTVmMGQ0MTVlYTBkMjZlMCIsIm9iaiI6W1t7ImhlaWdodCI6Ijw9MTI4MCIsInBhdGgiOiIvZi83MTAyMTU2My1iYTA1LTQxZjItYmNjNC0xNjllMGJiYWNhZWUvZGkwODhidy1lZGE5YmQxOS1jYzA3LTRkMzUtODU5ZC1hYzdiMTYzOTE3MGIucG5nIiwid2lkdGgiOiI8PTEyODAifV1dLCJhdWQiOlsidXJuOnNlcnZpY2U6aW1hZ2Uub3BlcmF0aW9ucyJdfQ.gL0olDDT7hMnplo1C9V1QWnDIM0l6V-mSvfQ4sWn7TU"
"2024-08-19T19:39:04-0700","Honey","https://images-wixmp-ed30a86b8c4ca887773594c2.wixmp.com/f/71021563-ba05-41f2-bcc4-169e0bbacaee/di0985s-5c4c6c5c-a2cf-4c0f-9c97-133d72ce1a0f.png/v1/fill/w_1280,h_887,q_80,strp/honey_by_jaxaaronson_di0985s-fullview.jpg?token=eyJ0eXAiOiJKV1QiLCJhbGciOiJIUzI1NiJ9.eyJzdWIiOiJ1cm46YXBwOjdlMGQxODg5ODIyNjQzNzNhNWYwZDQxNWVhMGQyNmUwIiwiaXNzIjoidXJuOmFwcDo3ZTBkMTg4OTgyMjY0MzczYTVmMGQ0MTVlYTBkMjZlMCIsIm9iaiI6W1t7ImhlaWdodCI6Ijw9ODg3IiwicGF0aCI6Ii9mLzcxMDIxNTYzLWJhMDUtNDFmMi1iY2M0LTE2OWUwYmJhY2FlZS9kaTA5ODVzLTVjNGM2YzVjLWEyY2YtNGMwZi05Yzk3LTEzM2Q3MmNlMWEwZi5wbmciLCJ3aWR0aCI6Ijw9MTI4MCJ9XV0sImF1ZCI6WyJ1cm46c2VydmljZTppbWFnZS5vcGVyYXRpb25zIl19.jkodESZrzNqrjrvRvzSUg-lvaHv9NaMAlVBcuzjByfM"
"2024-08-19T19:40:06-0700","Milk","https://images-wixmp-ed30a86b8c4ca887773594c2.wixmp.com/f/71021563-ba05-41f2-bcc4-169e0bbacaee/di098b5-c17eab20-d39f-44db-82f0-0ad7bd76aa01.png/v1/fill/w_1280,h_1477,q_80,strp/milk_by_jaxaaronson_di098b5-fullview.jpg?token=eyJ0eXAiOiJKV1QiLCJhbGciOiJIUzI1NiJ9.eyJzdWIiOiJ1cm46YXBwOjdlMGQxODg5ODIyNjQzNzNhNWYwZDQxNWVhMGQyNmUwIiwiaXNzIjoidXJuOmFwcDo3ZTBkMTg4OTgyMjY0MzczYTVmMGQ0MTVlYTBkMjZlMCIsIm9iaiI6W1t7ImhlaWdodCI6Ijw9MTQ3NyIsInBhdGgiOiIvZi83MTAyMTU2My1iYTA1LTQxZjItYmNjNC0xNjllMGJiYWNhZWUvZGkwOThiNS1jMTdlYWIyMC1kMzlmLTQ0ZGItODJmMC0wYWQ3YmQ3NmFhMDEucG5nIiwid2lkdGgiOiI8PTEyODAifV1dLCJhdWQiOlsidXJuOnNlcnZpY2U6aW1hZ2Uub3BlcmF0aW9ucyJdfQ.SVplP_EpVn3VjiYTo300UODwV8CceEZCbAL5ahHeh7Q"
"2024-08-20T09:33:44-0700","Trophy Shelf","https://images-wixmp-ed30a86b8c4ca887773594c2.wixmp.com/f/71021563-ba05-41f2-bcc4-169e0bbacaee/di0dq02-b3585b0c-3510-4570-a0c3-3dd33d7f80c6.png/v1/fill/w_1280,h_915,q_80,strp/trophy_shelf_by_jaxaaronson_di0dq02-fullview.jpg?token=eyJ0eXAiOiJKV1QiLCJhbGciOiJIUzI1NiJ9.eyJzdWIiOiJ1cm46YXBwOjdlMGQxODg5ODIyNjQzNzNhNWYwZDQxNWVhMGQyNmUwIiwiaXNzIjoidXJuOmFwcDo3ZTBkMTg4OTgyMjY0MzczYTVmMGQ0MTVlYTBkMjZlMCIsIm9iaiI6W1t7ImhlaWdodCI6Ijw9OTE1IiwicGF0aCI6Ii9mLzcxMDIxNTYzLWJhMDUtNDFmMi1iY2M0LTE2OWUwYmJhY2FlZS9kaTBkcTAyLWIzNTg1YjBjLTM1MTAtNDU3MC1hMGMzLTNkZDMzZDdmODBjNi5wbmciLCJ3aWR0aCI6Ijw9MTI4MCJ9XV0sImF1ZCI6WyJ1cm46c2VydmljZTppbWFnZS5vcGVyYXRpb25zIl19.jo3BJJ7zYNqaHU1rzrYefE-z71yTss4RpsiKacLZIYc"
"2024-08-20T16:29:56-0700","Green Screen","https://images-wixmp-ed30a86b8c4ca887773594c2.wixmp.com/f/71021563-ba05-41f2-bcc4-169e0bbacaee/di0gj6n-95df361e-69c7-4029-88fd-76f384d1315a.png/v1/fill/w_1280,h_936,q_80,strp/green_screen_by_jaxaaronson_di0gj6n-fullview.jpg?token=eyJ0eXAiOiJKV1QiLCJhbGciOiJIUzI1NiJ9.eyJzdWIiOiJ1cm46YXBwOjdlMGQxODg5ODIyNjQzNzNhNWYwZDQxNWVhMGQyNmUwIiwiaXNzIjoidXJuOmFwcDo3ZTBkMTg4OTgyMjY0MzczYTVmMGQ0MTVlYTBkMjZlMCIsIm9iaiI6W1t7ImhlaWdodCI6Ijw9OTM2IiwicGF0aCI6Ii9mLzcxMDIxNTYzLWJhMDUtNDFmMi1iY2M0LTE2OWUwYmJhY2FlZS9kaTBnajZuLTk1ZGYzNjFlLTY5YzctNDAyOS04OGZkLTc2ZjM4NGQxMzE1YS5wbmciLCJ3aWR0aCI6Ijw9MTI4MCJ9XV0sImF1ZCI6WyJ1cm46c2VydmljZTppbWFnZS5vcGVyYXRpb25zIl19.Oh5PPdxHoeQ5WrOZa2AxukvUeyc54ut0LCd-JFXqaY4"
"2024-08-20T16:30:27-0700","Ping Pong","https://images-wixmp-ed30a86b8c4ca887773594c2.wixmp.com/f/71021563-ba05-41f2-bcc4-169e0bbacaee/di0gjb2-4ca1a42e-e412-4947-b94b-21582876d4b3.png/v1/fill/w_1280,h_747,q_80,strp/ping_pong_by_jaxaaronson_di0gjb2-fullview.jpg?token=eyJ0eXAiOiJKV1QiLCJhbGciOiJIUzI1NiJ9.eyJzdWIiOiJ1cm46YXBwOjdlMGQxODg5ODIyNjQzNzNhNWYwZDQxNWVhMGQyNmUwIiwiaXNzIjoidXJuOmFwcDo3ZTBkMTg4OTgyMjY0MzczYTVmMGQ0MTVlYTBkMjZlMCIsIm9iaiI6W1t7ImhlaWdodCI6Ijw9NzQ3IiwicGF0aCI6Ii9mLzcxMDIxNTYzLWJhMDUtNDFmMi1iY2M0LTE2OWUwYmJhY2FlZS9kaTBnamIyLTRjYTFhNDJlLWU0MTItNDk0Ny1iOTRiLTIxNTgyODc2ZDRiMy5wbmciLCJ3aWR0aCI6Ijw9MTI4MCJ9XV0sImF1ZCI6WyJ1cm46c2VydmljZTppbWFnZS5vcGVyYXRpb25zIl19.l1ieYUUDJXqvA3n9Ks67ggmvac1qVRzzZhTwnvkZr34"
"2024-08-20T19:03:01-0700","Gears","https://images-wixmp-ed30a86b8c4ca887773594c2.wixmp.com/f/71021563-ba05-41f2-bcc4-169e0bbacaee/di0hb86-3921ced5-4eaa-468f-ac48-29cc2f8b2b51.png/v1/fill/w_1920,h_1182,q_80,strp/gears_by_jaxaaronson_di0hb86-fullview.jpg?token=eyJ0eXAiOiJKV1QiLCJhbGciOiJIUzI1NiJ9.eyJzdWIiOiJ1cm46YXBwOjdlMGQxODg5ODIyNjQzNzNhNWYwZDQxNWVhMGQyNmUwIiwiaXNzIjoidXJuOmFwcDo3ZTBkMTg4OTgyMjY0MzczYTVmMGQ0MTVlYTBkMjZlMCIsIm9iaiI6W1t7ImhlaWdodCI6Ijw9MTE4MiIsInBhdGgiOiIvZi83MTAyMTU2My1iYTA1LTQxZjItYmNjNC0xNjllMGJiYWNhZWUvZGkwaGI4Ni0zOTIxY2VkNS00ZWFhLTQ2OGYtYWM0OC0yOWNjMmY4YjJiNTEucG5nIiwid2lkdGgiOiI8PTE5MjAifV1dLCJhdWQiOlsidXJuOnNlcnZpY2U6aW1hZ2Uub3BlcmF0aW9ucyJdfQ.BDGh0OGiBmikJaaCjQnqihF01xGb0Xg0JgMO71HCHLQ"
"2024-08-20T19:03:29-0700","Shells","https://images-wixmp-ed30a86b8c4ca887773594c2.wixmp.com/f/71021563-ba05-41f2-bcc4-169e0bbacaee/di0hbac-56cc9de8-4512-447d-b1af-3bdcc4a2fea7.png/v1/fill/w_1280,h_1266,q_80,strp/shells_by_jaxaaronson_di0hbac-fullview.jpg?token=eyJ0eXAiOiJKV1QiLCJhbGciOiJIUzI1NiJ9.eyJzdWIiOiJ1cm46YXBwOjdlMGQxODg5ODIyNjQzNzNhNWYwZDQxNWVhMGQyNmUwIiwiaXNzIjoidXJuOmFwcDo3ZTBkMTg4OTgyMjY0MzczYTVmMGQ0MTVlYTBkMjZlMCIsIm9iaiI6W1t7ImhlaWdodCI6Ijw9MTI2NiIsInBhdGgiOiIvZi83MTAyMTU2My1iYTA1LTQxZjItYmNjNC0xNjllMGJiYWNhZWUvZGkwaGJhYy01NmNjOWRlOC00NTEyLTQ0N2QtYjFhZi0zYmRjYzRhMmZlYTcucG5nIiwid2lkdGgiOiI8PTEyODAifV1dLCJhdWQiOlsidXJuOnNlcnZpY2U6aW1hZ2Uub3BlcmF0aW9ucyJdfQ.2kO4qqI9ZY07N45M3HKxbjuyTfTyzjIHAH0axIv5w2Y"
"2024-08-21T13:51:10-0700","Patio","https://images-wixmp-ed30a86b8c4ca887773594c2.wixmp.com/f/71021563-ba05-41f2-bcc4-169e0bbacaee/di0nk7o-3d336ee5-a4ff-4c1a-9813-7f40f0c78044.png/v1/fill/w_1280,h_1014,q_80,strp/patio_by_jaxaaronson_di0nk7o-fullview.jpg?token=eyJ0eXAiOiJKV1QiLCJhbGciOiJIUzI1NiJ9.eyJzdWIiOiJ1cm46YXBwOjdlMGQxODg5ODIyNjQzNzNhNWYwZDQxNWVhMGQyNmUwIiwiaXNzIjoidXJuOmFwcDo3ZTBkMTg4OTgyMjY0MzczYTVmMGQ0MTVlYTBkMjZlMCIsIm9iaiI6W1t7ImhlaWdodCI6Ijw9MTAxNCIsInBhdGgiOiIvZi83MTAyMTU2My1iYTA1LTQxZjItYmNjNC0xNjllMGJiYWNhZWUvZGkwbms3by0zZDMzNmVlNS1hNGZmLTRjMWEtOTgxMy03ZjQwZjBjNzgwNDQucG5nIiwid2lkdGgiOiI8PTEyODAifV1dLCJhdWQiOlsidXJuOnNlcnZpY2U6aW1hZ2Uub3BlcmF0aW9ucyJdfQ.XWU833JNMAIyJLFUkZvMP8CN-kOjpkIrloGiC9hoe40"
"2024-08-21T17:31:13-0700","Shed","https://images-wixmp-ed30a86b8c4ca887773594c2.wixmp.com/f/71021563-ba05-41f2-bcc4-169e0bbacaee/di0otrc-d6729ff9-4682-4efc-9c61-44e67ec152a2.png/v1/fill/w_1280,h_936,q_80,strp/shed_by_jaxaaronson_di0otrc-fullview.jpg?token=eyJ0eXAiOiJKV1QiLCJhbGciOiJIUzI1NiJ9.eyJzdWIiOiJ1cm46YXBwOjdlMGQxODg5ODIyNjQzNzNhNWYwZDQxNWVhMGQyNmUwIiwiaXNzIjoidXJuOmFwcDo3ZTBkMTg4OTgyMjY0MzczYTVmMGQ0MTVlYTBkMjZlMCIsIm9iaiI6W1t7ImhlaWdodCI6Ijw9OTM2IiwicGF0aCI6Ii9mLzcxMDIxNTYzLWJhMDUtNDFmMi1iY2M0LTE2OWUwYmJhY2FlZS9kaTBvdHJjLWQ2NzI5ZmY5LTQ2ODItNGVmYy05YzYxLTQ0ZTY3ZWMxNTJhMi5wbmciLCJ3aWR0aCI6Ijw9MTI4MCJ9XV0sImF1ZCI6WyJ1cm46c2VydmljZTppbWFnZS5vcGVyYXRpb25zIl19.RI5rdDfyu7-Y2TZyRmqi_4F948DFHYCaU2diLdxffzc"
"2024-08-21T20:45:13-0700","Pancakes","https://images-wixmp-ed30a86b8c4ca887773594c2.wixmp.com/f/71021563-ba05-41f2-bcc4-169e0bbacaee/di0pssm-356fcb04-029e-4e6c-8622-ac3e98bc5b1a.png/v1/fill/w_1280,h_1773,q_80,strp/pancakes_by_jaxaaronson_di0pssm-fullview.jpg?token=eyJ0eXAiOiJKV1QiLCJhbGciOiJIUzI1NiJ9.eyJzdWIiOiJ1cm46YXBwOjdlMGQxODg5ODIyNjQzNzNhNWYwZDQxNWVhMGQyNmUwIiwiaXNzIjoidXJuOmFwcDo3ZTBkMTg4OTgyMjY0MzczYTVmMGQ0MTVlYTBkMjZlMCIsIm9iaiI6W1t7ImhlaWdodCI6Ijw9MTc3MyIsInBhdGgiOiIvZi83MTAyMTU2My1iYTA1LTQxZjItYmNjNC0xNjllMGJiYWNhZWUvZGkwcHNzbS0zNTZmY2IwNC0wMjllLTRlNmMtODYyMi1hYzNlOThiYzViMWEucG5nIiwid2lkdGgiOiI8PTEyODAifV1dLCJhdWQiOlsidXJuOnNlcnZpY2U6aW1hZ2Uub3BlcmF0aW9ucyJdfQ.hdwV8qDouGH4NtrAiua6QfE_vLrBUBQy7_4_7jxZ7rY"
"2024-08-22T08:21:27-0700","Comic Strip","https://images-wixmp-ed30a86b8c4ca887773594c2.wixmp.com/f/71021563-ba05-41f2-bcc4-169e0bbacaee/di0tdgr-d3d2bd8c-a127-4a79-a8c2-c4fcb2c6c932.png/v1/fill/w_1280,h_1013,q_80,strp/comic_strip_by_jaxaaronson_di0tdgr-fullview.jpg?token=eyJ0eXAiOiJKV1QiLCJhbGciOiJIUzI1NiJ9.eyJzdWIiOiJ1cm46YXBwOjdlMGQxODg5ODIyNjQzNzNhNWYwZDQxNWVhMGQyNmUwIiwiaXNzIjoidXJuOmFwcDo3ZTBkMTg4OTgyMjY0MzczYTVmMGQ0MTVlYTBkMjZlMCIsIm9iaiI6W1t7ImhlaWdodCI6Ijw9MTAxMyIsInBhdGgiOiIvZi83MTAyMTU2My1iYTA1LTQxZjItYmNjNC0xNjllMGJiYWNhZWUvZGkwdGRnci1kM2QyYmQ4Yy1hMTI3LTRhNzktYThjMi1jNGZjYjJjNmM5MzIucG5nIiwid2lkdGgiOiI8PTEyODAifV1dLCJhdWQiOlsidXJuOnNlcnZpY2U6aW1hZ2Uub3BlcmF0aW9ucyJdfQ.kkwRcO3f4lcKQkna1-_FaJYmQxDS0HpiOowFoaUK6ys"
"2024-08-23T08:03:38-0700","Cyborg","https://images-wixmp-ed30a86b8c4ca887773594c2.wixmp.com/f/71021563-ba05-41f2-bcc4-169e0bbacaee/di10zab-195ca6f5-6952-438f-8fcd-79adee8a2a3c.png/v1/fill/w_1280,h_1108,q_80,strp/cyborg_by_jaxaaronson_di10zab-fullview.jpg?token=eyJ0eXAiOiJKV1QiLCJhbGciOiJIUzI1NiJ9.eyJzdWIiOiJ1cm46YXBwOjdlMGQxODg5ODIyNjQzNzNhNWYwZDQxNWVhMGQyNmUwIiwiaXNzIjoidXJuOmFwcDo3ZTBkMTg4OTgyMjY0MzczYTVmMGQ0MTVlYTBkMjZlMCIsIm9iaiI6W1t7ImhlaWdodCI6Ijw9MTEwOCIsInBhdGgiOiIvZi83MTAyMTU2My1iYTA1LTQxZjItYmNjNC0xNjllMGJiYWNhZWUvZGkxMHphYi0xOTVjYTZmNS02OTUyLTQzOGYtOGZjZC03OWFkZWU4YTJhM2MucG5nIiwid2lkdGgiOiI8PTEyODAifV1dLCJhdWQiOlsidXJuOnNlcnZpY2U6aW1hZ2Uub3BlcmF0aW9ucyJdfQ.SzpzjFtdrlnIeKLevro184aUUrKSn4GNHzBzRCcNxHg"
"2024-08-23T12:07:32-0700","Christmas Sweater","https://images-wixmp-ed30a86b8c4ca887773594c2.wixmp.com/f/71021563-ba05-41f2-bcc4-169e0bbacaee/di12izg-d6f8f72f-a313-4c25-9fbe-dd0f7dbaefcd.png/v1/fill/w_1280,h_887,q_80,strp/christmas_sweater_by_jaxaaronson_di12izg-fullview.jpg?token=eyJ0eXAiOiJKV1QiLCJhbGciOiJIUzI1NiJ9.eyJzdWIiOiJ1cm46YXBwOjdlMGQxODg5ODIyNjQzNzNhNWYwZDQxNWVhMGQyNmUwIiwiaXNzIjoidXJuOmFwcDo3ZTBkMTg4OTgyMjY0MzczYTVmMGQ0MTVlYTBkMjZlMCIsIm9iaiI6W1t7ImhlaWdodCI6Ijw9ODg3IiwicGF0aCI6Ii9mLzcxMDIxNTYzLWJhMDUtNDFmMi1iY2M0LTE2OWUwYmJhY2FlZS9kaTEyaXpnLWQ2ZjhmNzJmLWEzMTMtNGMyNS05ZmJlLWRkMGY3ZGJhZWZjZC5wbmciLCJ3aWR0aCI6Ijw9MTI4MCJ9XV0sImF1ZCI6WyJ1cm46c2VydmljZTppbWFnZS5vcGVyYXRpb25zIl19.HTmPLkP0eymVzLvae1gWiBuz-X9iMy1-oDLNXmbdRts"
"2024-08-23T17:02:32-0700","Canoe","https://images-wixmp-ed30a86b8c4ca887773594c2.wixmp.com/f/71021563-ba05-41f2-bcc4-169e0bbacaee/di1453k-e9f30364-6aa3-44c1-bb2d-307a47ffcd19.png/v1/fill/w_1920,h_702,q_80,strp/canoe_by_jaxaaronson_di1453k-fullview.jpg?token=eyJ0eXAiOiJKV1QiLCJhbGciOiJIUzI1NiJ9.eyJzdWIiOiJ1cm46YXBwOjdlMGQxODg5ODIyNjQzNzNhNWYwZDQxNWVhMGQyNmUwIiwiaXNzIjoidXJuOmFwcDo3ZTBkMTg4OTgyMjY0MzczYTVmMGQ0MTVlYTBkMjZlMCIsIm9iaiI6W1t7ImhlaWdodCI6Ijw9NzAyIiwicGF0aCI6Ii9mLzcxMDIxNTYzLWJhMDUtNDFmMi1iY2M0LTE2OWUwYmJhY2FlZS9kaTE0NTNrLWU5ZjMwMzY0LTZhYTMtNDRjMS1iYjJkLTMwN2E0N2ZmY2QxOS5wbmciLCJ3aWR0aCI6Ijw9MTkyMCJ9XV0sImF1ZCI6WyJ1cm46c2VydmljZTppbWFnZS5vcGVyYXRpb25zIl19.5fpTbiczpMh8r-E6js3K4x-FLsKi9OgLLN2zNXpKSSQ"
"2024-08-23T18:46:40-0700","Margaritas","https://images-wixmp-ed30a86b8c4ca887773594c2.wixmp.com/f/71021563-ba05-41f2-bcc4-169e0bbacaee/di14nhy-6cb77535-02f6-472c-8339-58da5912f5ed.png/v1/fill/w_1920,h_1067,q_80,strp/margaritas_by_jaxaaronson_di14nhy-fullview.jpg?token=eyJ0eXAiOiJKV1QiLCJhbGciOiJIUzI1NiJ9.eyJzdWIiOiJ1cm46YXBwOjdlMGQxODg5ODIyNjQzNzNhNWYwZDQxNWVhMGQyNmUwIiwiaXNzIjoidXJuOmFwcDo3ZTBkMTg4OTgyMjY0MzczYTVmMGQ0MTVlYTBkMjZlMCIsIm9iaiI6W1t7ImhlaWdodCI6Ijw9MTA2NyIsInBhdGgiOiIvZi83MTAyMTU2My1iYTA1LTQxZjItYmNjNC0xNjllMGJiYWNhZWUvZGkxNG5oeS02Y2I3NzUzNS0wMmY2LTQ3MmMtODMzOS01OGRhNTkxMmY1ZWQucG5nIiwid2lkdGgiOiI8PTE5MjAifV1dLCJhdWQiOlsidXJuOnNlcnZpY2U6aW1hZ2Uub3BlcmF0aW9ucyJdfQ.J9IzRao2OkBnNF2VVXpZTXd4Jhota-ooqFAZe1Gdgss"
"2024-08-23T19:50:16-0700","Bait Shop","https://images-wixmp-ed30a86b8c4ca887773594c2.wixmp.com/f/71021563-ba05-41f2-bcc4-169e0bbacaee/di14yps-43e441ad-d103-42e0-8e4d-a7f778076b2f.png/v1/fill/w_1920,h_776,q_80,strp/bait_shop_by_jaxaaronson_di14yps-fullview.jpg?token=eyJ0eXAiOiJKV1QiLCJhbGciOiJIUzI1NiJ9.eyJzdWIiOiJ1cm46YXBwOjdlMGQxODg5ODIyNjQzNzNhNWYwZDQxNWVhMGQyNmUwIiwiaXNzIjoidXJuOmFwcDo3ZTBkMTg4OTgyMjY0MzczYTVmMGQ0MTVlYTBkMjZlMCIsIm9iaiI6W1t7ImhlaWdodCI6Ijw9Nzc2IiwicGF0aCI6Ii9mLzcxMDIxNTYzLWJhMDUtNDFmMi1iY2M0LTE2OWUwYmJhY2FlZS9kaTE0eXBzLTQzZTQ0MWFkLWQxMDMtNDJlMC04ZTRkLWE3Zjc3ODA3NmIyZi5wbmciLCJ3aWR0aCI6Ijw9MTkyMCJ9XV0sImF1ZCI6WyJ1cm46c2VydmljZTppbWFnZS5vcGVyYXRpb25zIl19.kIEopB4RpaLyBiZ0BpBz3IdkS5l_Cn8XdInM9ByoEfA"
"2024-08-23T22:47:49-0700","Reception","https://images-wixmp-ed30a86b8c4ca887773594c2.wixmp.com/f/71021563-ba05-41f2-bcc4-169e0bbacaee/di15qqc-f6ad6a03-30e5-4b07-a21c-7000931e5085.png/v1/fill/w_1920,h_409,q_80,strp/reception_by_jaxaaronson_di15qqc-fullview.jpg?token=eyJ0eXAiOiJKV1QiLCJhbGciOiJIUzI1NiJ9.eyJzdWIiOiJ1cm46YXBwOjdlMGQxODg5ODIyNjQzNzNhNWYwZDQxNWVhMGQyNmUwIiwiaXNzIjoidXJuOmFwcDo3ZTBkMTg4OTgyMjY0MzczYTVmMGQ0MTVlYTBkMjZlMCIsIm9iaiI6W1t7ImhlaWdodCI6Ijw9NDA5IiwicGF0aCI6Ii9mLzcxMDIxNTYzLWJhMDUtNDFmMi1iY2M0LTE2OWUwYmJhY2FlZS9kaTE1cXFjLWY2YWQ2YTAzLTMwZTUtNGIwNy1hMjFjLTcwMDA5MzFlNTA4NS5wbmciLCJ3aWR0aCI6Ijw9MTkyMCJ9XV0sImF1ZCI6WyJ1cm46c2VydmljZTppbWFnZS5vcGVyYXRpb25zIl19.Geomf4BRFFUzCJmqoZQZxTfrz-S5s9rAPwrVIHFsO28"
"2024-08-24T09:00:07-0700","Ice","https://images-wixmp-ed30a86b8c4ca887773594c2.wixmp.com/f/71021563-ba05-41f2-bcc4-169e0bbacaee/di18qad-ec53b0ab-1b46-4e40-8744-8347c7f173ec.png/v1/fill/w_1280,h_1013,q_80,strp/ice_by_jaxaaronson_di18qad-fullview.jpg?token=eyJ0eXAiOiJKV1QiLCJhbGciOiJIUzI1NiJ9.eyJzdWIiOiJ1cm46YXBwOjdlMGQxODg5ODIyNjQzNzNhNWYwZDQxNWVhMGQyNmUwIiwiaXNzIjoidXJuOmFwcDo3ZTBkMTg4OTgyMjY0MzczYTVmMGQ0MTVlYTBkMjZlMCIsIm9iaiI6W1t7ImhlaWdodCI6Ijw9MTAxMyIsInBhdGgiOiIvZi83MTAyMTU2My1iYTA1LTQxZjItYmNjNC0xNjllMGJiYWNhZWUvZGkxOHFhZC1lYzUzYjBhYi0xYjQ2LTRlNDAtODc0NC04MzQ3YzdmMTczZWMucG5nIiwid2lkdGgiOiI8PTEyODAifV1dLCJhdWQiOlsidXJuOnNlcnZpY2U6aW1hZ2Uub3BlcmF0aW9ucyJdfQ.p0MWOyrL8Y3zbVHZYaYhCOFSL_Yl64BPLC0_MfSYN4o"
"2024-08-26T13:45:20-0700","Tailgate","https://images-wixmp-ed30a86b8c4ca887773594c2.wixmp.com/f/71021563-ba05-41f2-bcc4-169e0bbacaee/di1ruly-fb2029a1-b9df-486c-b285-86cc693f1396.png/v1/fill/w_1280,h_624,q_80,strp/tailgate_by_jaxaaronson_di1ruly-fullview.jpg?token=eyJ0eXAiOiJKV1QiLCJhbGciOiJIUzI1NiJ9.eyJzdWIiOiJ1cm46YXBwOjdlMGQxODg5ODIyNjQzNzNhNWYwZDQxNWVhMGQyNmUwIiwiaXNzIjoidXJuOmFwcDo3ZTBkMTg4OTgyMjY0MzczYTVmMGQ0MTVlYTBkMjZlMCIsIm9iaiI6W1t7ImhlaWdodCI6Ijw9NjI0IiwicGF0aCI6Ii9mLzcxMDIxNTYzLWJhMDUtNDFmMi1iY2M0LTE2OWUwYmJhY2FlZS9kaTFydWx5LWZiMjAyOWExLWI5ZGYtNDg2Yy1iMjg1LTg2Y2M2OTNmMTM5Ni5wbmciLCJ3aWR0aCI6Ijw9MTI4MCJ9XV0sImF1ZCI6WyJ1cm46c2VydmljZTppbWFnZS5vcGVyYXRpb25zIl19.ufr18pAO_2sAY7KmfAxof2wFGdzHAjckbBZ6EoRZwQI"
"2024-08-26T14:45:08-0700","Subway","https://images-wixmp-ed30a86b8c4ca887773594c2.wixmp.com/f/71021563-ba05-41f2-bcc4-169e0bbacaee/di1s4az-6d484a69-562e-489b-85df-2b77ad005ea4.png/v1/fill/w_1280,h_1248,q_80,strp/subway_by_jaxaaronson_di1s4az-fullview.jpg?token=eyJ0eXAiOiJKV1QiLCJhbGciOiJIUzI1NiJ9.eyJzdWIiOiJ1cm46YXBwOjdlMGQxODg5ODIyNjQzNzNhNWYwZDQxNWVhMGQyNmUwIiwiaXNzIjoidXJuOmFwcDo3ZTBkMTg4OTgyMjY0MzczYTVmMGQ0MTVlYTBkMjZlMCIsIm9iaiI6W1t7ImhlaWdodCI6Ijw9MTI0OCIsInBhdGgiOiIvZi83MTAyMTU2My1iYTA1LTQxZjItYmNjNC0xNjllMGJiYWNhZWUvZGkxczRhei02ZDQ4NGE2OS01NjJlLTQ4OWItODVkZi0yYjc3YWQwMDVlYTQucG5nIiwid2lkdGgiOiI8PTEyODAifV1dLCJhdWQiOlsidXJuOnNlcnZpY2U6aW1hZ2Uub3BlcmF0aW9ucyJdfQ.ZSBVoVsZeTS0ugFAnM_ovUvY9hlNj9CabDv6xWdwK9A"
"2024-08-27T09:35:30-0700","Cannabis","https://images-wixmp-ed30a86b8c4ca887773594c2.wixmp.com/f/71021563-ba05-41f2-bcc4-169e0bbacaee/di1y5w5-b758bacc-0145-4941-91ca-79b99921bf78.png/v1/fill/w_1920,h_842,q_80,strp/cannabis_by_jaxaaronson_di1y5w5-fullview.jpg?token=eyJ0eXAiOiJKV1QiLCJhbGciOiJIUzI1NiJ9.eyJzdWIiOiJ1cm46YXBwOjdlMGQxODg5ODIyNjQzNzNhNWYwZDQxNWVhMGQyNmUwIiwiaXNzIjoidXJuOmFwcDo3ZTBkMTg4OTgyMjY0MzczYTVmMGQ0MTVlYTBkMjZlMCIsIm9iaiI6W1t7ImhlaWdodCI6Ijw9ODQyIiwicGF0aCI6Ii9mLzcxMDIxNTYzLWJhMDUtNDFmMi1iY2M0LTE2OWUwYmJhY2FlZS9kaTF5NXc1LWI3NThiYWNjLTAxNDUtNDk0MS05MWNhLTc5Yjk5OTIxYmY3OC5wbmciLCJ3aWR0aCI6Ijw9MTkyMCJ9XV0sImF1ZCI6WyJ1cm46c2VydmljZTppbWFnZS5vcGVyYXRpb25zIl19.LsxN3xFuDiIWKQauE9HlmfaprKcVVRjxVG2JhafeFAU"
"2024-08-27T17:00:45-0700","Watercolor","https://images-wixmp-ed30a86b8c4ca887773594c2.wixmp.com/f/71021563-ba05-41f2-bcc4-169e0bbacaee/di20w8y-0053c248-8449-4c4a-bb21-51c8e52ea361.png/v1/fill/w_1280,h_1456,q_80,strp/watercolor_by_jaxaaronson_di20w8y-fullview.jpg?token=eyJ0eXAiOiJKV1QiLCJhbGciOiJIUzI1NiJ9.eyJzdWIiOiJ1cm46YXBwOjdlMGQxODg5ODIyNjQzNzNhNWYwZDQxNWVhMGQyNmUwIiwiaXNzIjoidXJuOmFwcDo3ZTBkMTg4OTgyMjY0MzczYTVmMGQ0MTVlYTBkMjZlMCIsIm9iaiI6W1t7ImhlaWdodCI6Ijw9MTQ1NiIsInBhdGgiOiIvZi83MTAyMTU2My1iYTA1LTQxZjItYmNjNC0xNjllMGJiYWNhZWUvZGkyMHc4eS0wMDUzYzI0OC04NDQ5LTRjNGEtYmIyMS01MWM4ZTUyZWEzNjEucG5nIiwid2lkdGgiOiI8PTEyODAifV1dLCJhdWQiOlsidXJuOnNlcnZpY2U6aW1hZ2Uub3BlcmF0aW9ucyJdfQ.LS6Z_c6WuXrbGzHCn6z95V8ywfkQEMu_MMJcrqtz4BY"
"2024-08-27T18:29:48-0700","Bunk","https://images-wixmp-ed30a86b8c4ca887773594c2.wixmp.com/f/71021563-ba05-41f2-bcc4-169e0bbacaee/di21bvr-949137a8-1159-4a8e-9029-bbc04dff010b.png/v1/fill/w_1920,h_1520,q_80,strp/bunk_by_jaxaaronson_di21bvr-fullview.jpg?token=eyJ0eXAiOiJKV1QiLCJhbGciOiJIUzI1NiJ9.eyJzdWIiOiJ1cm46YXBwOjdlMGQxODg5ODIyNjQzNzNhNWYwZDQxNWVhMGQyNmUwIiwiaXNzIjoidXJuOmFwcDo3ZTBkMTg4OTgyMjY0MzczYTVmMGQ0MTVlYTBkMjZlMCIsIm9iaiI6W1t7ImhlaWdodCI6Ijw9MTUyMCIsInBhdGgiOiIvZi83MTAyMTU2My1iYTA1LTQxZjItYmNjNC0xNjllMGJiYWNhZWUvZGkyMWJ2ci05NDkxMzdhOC0xMTU5LTRhOGUtOTAyOS1iYmMwNGRmZjAxMGIucG5nIiwid2lkdGgiOiI8PTE5MjAifV1dLCJhdWQiOlsidXJuOnNlcnZpY2U6aW1hZ2Uub3BlcmF0aW9ucyJdfQ.Lpo3peJE8ue9BWtikYy8gpGygSBlVwMEI25CqYAl1Lg"
"2024-08-28T08:06:03-0700","Jazzercise","https://images-wixmp-ed30a86b8c4ca887773594c2.wixmp.com/f/71021563-ba05-41f2-bcc4-169e0bbacaee/di254d8-be7d56eb-c3d5-4832-b588-4c24ffceb545.png/v1/fill/w_1280,h_702,q_80,strp/jazzercise_by_jaxaaronson_di254d8-fullview.jpg?token=eyJ0eXAiOiJKV1QiLCJhbGciOiJIUzI1NiJ9.eyJzdWIiOiJ1cm46YXBwOjdlMGQxODg5ODIyNjQzNzNhNWYwZDQxNWVhMGQyNmUwIiwiaXNzIjoidXJuOmFwcDo3ZTBkMTg4OTgyMjY0MzczYTVmMGQ0MTVlYTBkMjZlMCIsIm9iaiI6W1t7ImhlaWdodCI6Ijw9NzAyIiwicGF0aCI6Ii9mLzcxMDIxNTYzLWJhMDUtNDFmMi1iY2M0LTE2OWUwYmJhY2FlZS9kaTI1NGQ4LWJlN2Q1NmViLWMzZDUtNDgzMi1iNTg4LTRjMjRmZmNlYjU0NS5wbmciLCJ3aWR0aCI6Ijw9MTI4MCJ9XV0sImF1ZCI6WyJ1cm46c2VydmljZTppbWFnZS5vcGVyYXRpb25zIl19.pTOh-EWWLD_CEtAtreyerE9ZFwydJ4S8igk6fqfI5AI"
"2024-08-28T20:40:56-0700","Steel","https://images-wixmp-ed30a86b8c4ca887773594c2.wixmp.com/f/71021563-ba05-41f2-bcc4-169e0bbacaee/di29zsf-6f666e33-9437-4526-ac7b-0f9ba1f09c61.png/v1/fill/w_1280,h_925,q_80,strp/steel_by_jaxaaronson_di29zsf-fullview.jpg?token=eyJ0eXAiOiJKV1QiLCJhbGciOiJIUzI1NiJ9.eyJzdWIiOiJ1cm46YXBwOjdlMGQxODg5ODIyNjQzNzNhNWYwZDQxNWVhMGQyNmUwIiwiaXNzIjoidXJuOmFwcDo3ZTBkMTg4OTgyMjY0MzczYTVmMGQ0MTVlYTBkMjZlMCIsIm9iaiI6W1t7ImhlaWdodCI6Ijw9OTI1IiwicGF0aCI6Ii9mLzcxMDIxNTYzLWJhMDUtNDFmMi1iY2M0LTE2OWUwYmJhY2FlZS9kaTI5enNmLTZmNjY2ZTMzLTk0MzctNDUyNi1hYzdiLTBmOWJhMWYwOWM2MS5wbmciLCJ3aWR0aCI6Ijw9MTI4MCJ9XV0sImF1ZCI6WyJ1cm46c2VydmljZTppbWFnZS5vcGVyYXRpb25zIl19.vWBqm2oB1m8iknP2h_RTHnSyTAagnNFF0YFzBeDodvM"
"2024-08-29T16:22:14-0700","Laundry","https://images-wixmp-ed30a86b8c4ca887773594c2.wixmp.com/f/71021563-ba05-41f2-bcc4-169e0bbacaee/di2gdwc-ac1088d8-8a18-4d94-9004-8e8d4c788f76.png/v1/fill/w_1280,h_800,q_80,strp/laundry_by_jaxaaronson_di2gdwc-fullview.jpg?token=eyJ0eXAiOiJKV1QiLCJhbGciOiJIUzI1NiJ9.eyJzdWIiOiJ1cm46YXBwOjdlMGQxODg5ODIyNjQzNzNhNWYwZDQxNWVhMGQyNmUwIiwiaXNzIjoidXJuOmFwcDo3ZTBkMTg4OTgyMjY0MzczYTVmMGQ0MTVlYTBkMjZlMCIsIm9iaiI6W1t7ImhlaWdodCI6Ijw9ODAwIiwicGF0aCI6Ii9mLzcxMDIxNTYzLWJhMDUtNDFmMi1iY2M0LTE2OWUwYmJhY2FlZS9kaTJnZHdjLWFjMTA4OGQ4LThhMTgtNGQ5NC05MDA0LThlOGQ0Yzc4OGY3Ni5wbmciLCJ3aWR0aCI6Ijw9MTI4MCJ9XV0sImF1ZCI6WyJ1cm46c2VydmljZTppbWFnZS5vcGVyYXRpb25zIl19.OhZ-34MNAuG8rkZJjarA7GuNUVcB4ImKT8S1FGeU9Ps"
"2024-08-29T21:14:33-0700","Americana","https://images-wixmp-ed30a86b8c4ca887773594c2.wixmp.com/f/71021563-ba05-41f2-bcc4-169e0bbacaee/di2hw38-bb02157c-831b-41be-a89e-023b9e7d28b0.png/v1/fill/w_1920,h_1440,q_80,strp/americana_by_jaxaaronson_di2hw38-fullview.jpg?token=eyJ0eXAiOiJKV1QiLCJhbGciOiJIUzI1NiJ9.eyJzdWIiOiJ1cm46YXBwOjdlMGQxODg5ODIyNjQzNzNhNWYwZDQxNWVhMGQyNmUwIiwiaXNzIjoidXJuOmFwcDo3ZTBkMTg4OTgyMjY0MzczYTVmMGQ0MTVlYTBkMjZlMCIsIm9iaiI6W1t7ImhlaWdodCI6Ijw9MTQ0MCIsInBhdGgiOiIvZi83MTAyMTU2My1iYTA1LTQxZjItYmNjNC0xNjllMGJiYWNhZWUvZGkyaHczOC1iYjAyMTU3Yy04MzFiLTQxYmUtYTg5ZS0wMjNiOWU3ZDI4YjAucG5nIiwid2lkdGgiOiI8PTE5MjAifV1dLCJhdWQiOlsidXJuOnNlcnZpY2U6aW1hZ2Uub3BlcmF0aW9ucyJdfQ.HVYPAWjWwibdsRvQmKaTagUmE5NewzHjzElEqIqkQhY"
"2024-08-30T07:36:52-0700","Books","https://images-wixmp-ed30a86b8c4ca887773594c2.wixmp.com/f/71021563-ba05-41f2-bcc4-169e0bbacaee/di2l19e-60be3c85-50e0-4959-8ac4-3c09f0425a3c.png/v1/fill/w_1280,h_640,q_80,strp/books_by_jaxaaronson_di2l19e-fullview.jpg?token=eyJ0eXAiOiJKV1QiLCJhbGciOiJIUzI1NiJ9.eyJzdWIiOiJ1cm46YXBwOjdlMGQxODg5ODIyNjQzNzNhNWYwZDQxNWVhMGQyNmUwIiwiaXNzIjoidXJuOmFwcDo3ZTBkMTg4OTgyMjY0MzczYTVmMGQ0MTVlYTBkMjZlMCIsIm9iaiI6W1t7ImhlaWdodCI6Ijw9NjQwIiwicGF0aCI6Ii9mLzcxMDIxNTYzLWJhMDUtNDFmMi1iY2M0LTE2OWUwYmJhY2FlZS9kaTJsMTllLTYwYmUzYzg1LTUwZTAtNDk1OS04YWM0LTNjMDlmMDQyNWEzYy5wbmciLCJ3aWR0aCI6Ijw9MTI4MCJ9XV0sImF1ZCI6WyJ1cm46c2VydmljZTppbWFnZS5vcGVyYXRpb25zIl19.150A3Ci2GfkZMU3ZWpVgXxsCvRPVquNIGXepGQCZnMg"
"2024-08-30T10:32:55-0700","Rainbow","https://images-wixmp-ed30a86b8c4ca887773594c2.wixmp.com/f/71021563-ba05-41f2-bcc4-169e0bbacaee/di2m1vk-298dcca3-63e7-454f-89a0-d5c6195e3816.png/v1/fill/w_1280,h_1280,q_80,strp/rainbow_by_jaxaaronson_di2m1vk-fullview.jpg?token=eyJ0eXAiOiJKV1QiLCJhbGciOiJIUzI1NiJ9.eyJzdWIiOiJ1cm46YXBwOjdlMGQxODg5ODIyNjQzNzNhNWYwZDQxNWVhMGQyNmUwIiwiaXNzIjoidXJuOmFwcDo3ZTBkMTg4OTgyMjY0MzczYTVmMGQ0MTVlYTBkMjZlMCIsIm9iaiI6W1t7ImhlaWdodCI6Ijw9MTI4MCIsInBhdGgiOiIvZi83MTAyMTU2My1iYTA1LTQxZjItYmNjNC0xNjllMGJiYWNhZWUvZGkybTF2ay0yOThkY2NhMy02M2U3LTQ1NGYtODlhMC1kNWM2MTk1ZTM4MTYucG5nIiwid2lkdGgiOiI8PTEyODAifV1dLCJhdWQiOlsidXJuOnNlcnZpY2U6aW1hZ2Uub3BlcmF0aW9ucyJdfQ.89qsEJngiCL8sKWvQgy9tVBOC1s09CEjsmf0oZa4fhs"
"2024-08-30T13:08:22-0700","Softball","https://images-wixmp-ed30a86b8c4ca887773594c2.wixmp.com/f/71021563-ba05-41f2-bcc4-169e0bbacaee/di2n6jt-ccae2af9-16fc-4e25-9e2c-d465aa8b5b49.png/v1/fill/w_1280,h_854,q_80,strp/softball_by_jaxaaronson_di2n6jt-fullview.jpg?token=eyJ0eXAiOiJKV1QiLCJhbGciOiJIUzI1NiJ9.eyJzdWIiOiJ1cm46YXBwOjdlMGQxODg5ODIyNjQzNzNhNWYwZDQxNWVhMGQyNmUwIiwiaXNzIjoidXJuOmFwcDo3ZTBkMTg4OTgyMjY0MzczYTVmMGQ0MTVlYTBkMjZlMCIsIm9iaiI6W1t7ImhlaWdodCI6Ijw9ODU0IiwicGF0aCI6Ii9mLzcxMDIxNTYzLWJhMDUtNDFmMi1iY2M0LTE2OWUwYmJhY2FlZS9kaTJuNmp0LWNjYWUyYWY5LTE2ZmMtNGUyNS05ZTJjLWQ0NjVhYThiNWI0OS5wbmciLCJ3aWR0aCI6Ijw9MTI4MCJ9XV0sImF1ZCI6WyJ1cm46c2VydmljZTppbWFnZS5vcGVyYXRpb25zIl19.sPYgklneV3rKiB7nzqlMtr9jcift_Osq2vcR1ZwYCFg"
"2024-08-30T18:56:03-0700","Flapper","https://images-wixmp-ed30a86b8c4ca887773594c2.wixmp.com/f/71021563-ba05-41f2-bcc4-169e0bbacaee/di2p7yy-6c903700-34c9-4167-a5ad-6cffd095f5fb.png/v1/fill/w_1920,h_1124,q_80,strp/flapper_by_jaxaaronson_di2p7yy-fullview.jpg?token=eyJ0eXAiOiJKV1QiLCJhbGciOiJIUzI1NiJ9.eyJzdWIiOiJ1cm46YXBwOjdlMGQxODg5ODIyNjQzNzNhNWYwZDQxNWVhMGQyNmUwIiwiaXNzIjoidXJuOmFwcDo3ZTBkMTg4OTgyMjY0MzczYTVmMGQ0MTVlYTBkMjZlMCIsIm9iaiI6W1t7ImhlaWdodCI6Ijw9MTEyNCIsInBhdGgiOiIvZi83MTAyMTU2My1iYTA1LTQxZjItYmNjNC0xNjllMGJiYWNhZWUvZGkycDd5eS02YzkwMzcwMC0zNGM5LTQxNjctYTVhZC02Y2ZmZDA5NWY1ZmIucG5nIiwid2lkdGgiOiI8PTE5MjAifV1dLCJhdWQiOlsidXJuOnNlcnZpY2U6aW1hZ2Uub3BlcmF0aW9ucyJdfQ.lGfLPXwJftDn7iA_3zIjNsZxklPJ6GgcNc_FzBpKM2Y"
"2024-09-02T19:15:52-0700","Swing","https://images-wixmp-ed30a86b8c4ca887773594c2.wixmp.com/f/71021563-ba05-41f2-bcc4-169e0bbacaee/di3hves-85d63fb5-8e84-4dde-bdcf-c4759bacd879.png/v1/fill/w_1280,h_712,q_80,strp/swing_by_jaxaaronson_di3hves-fullview.jpg?token=eyJ0eXAiOiJKV1QiLCJhbGciOiJIUzI1NiJ9.eyJzdWIiOiJ1cm46YXBwOjdlMGQxODg5ODIyNjQzNzNhNWYwZDQxNWVhMGQyNmUwIiwiaXNzIjoidXJuOmFwcDo3ZTBkMTg4OTgyMjY0MzczYTVmMGQ0MTVlYTBkMjZlMCIsIm9iaiI6W1t7ImhlaWdodCI6Ijw9NzEyIiwicGF0aCI6Ii9mLzcxMDIxNTYzLWJhMDUtNDFmMi1iY2M0LTE2OWUwYmJhY2FlZS9kaTNodmVzLTg1ZDYzZmI1LThlODQtNGRkZS1iZGNmLWM0NzU5YmFjZDg3OS5wbmciLCJ3aWR0aCI6Ijw9MTI4MCJ9XV0sImF1ZCI6WyJ1cm46c2VydmljZTppbWFnZS5vcGVyYXRpb25zIl19.pNmmYEOVjEhh3f_GYrXvUH2vKmco685GEr4QwJNOkMg"
"2024-09-02T21:15:47-0700","Lookout","https://images-wixmp-ed30a86b8c4ca887773594c2.wixmp.com/f/71021563-ba05-41f2-bcc4-169e0bbacaee/di3ilia-55f7b7fd-a908-4e1d-8f00-f53c90732fb2.png/v1/fill/w_1920,h_1156,q_80,strp/lookout_by_jaxaaronson_di3ilia-fullview.jpg?token=eyJ0eXAiOiJKV1QiLCJhbGciOiJIUzI1NiJ9.eyJzdWIiOiJ1cm46YXBwOjdlMGQxODg5ODIyNjQzNzNhNWYwZDQxNWVhMGQyNmUwIiwiaXNzIjoidXJuOmFwcDo3ZTBkMTg4OTgyMjY0MzczYTVmMGQ0MTVlYTBkMjZlMCIsIm9iaiI6W1t7ImhlaWdodCI6Ijw9MTE1NiIsInBhdGgiOiIvZi83MTAyMTU2My1iYTA1LTQxZjItYmNjNC0xNjllMGJiYWNhZWUvZGkzaWxpYS01NWY3YjdmZC1hOTA4LTRlMWQtOGYwMC1mNTNjOTA3MzJmYjIucG5nIiwid2lkdGgiOiI8PTE5MjAifV1dLCJhdWQiOlsidXJuOnNlcnZpY2U6aW1hZ2Uub3BlcmF0aW9ucyJdfQ.rxtGFWYTtzBJv2GRHMgZjQfPjUNr7e69RwSA2huJBc0"
"2024-09-03T20:03:28-0700","Rinse","https://images-wixmp-ed30a86b8c4ca887773594c2.wixmp.com/f/71021563-ba05-41f2-bcc4-169e0bbacaee/di3r1ic-53c84f05-7c69-42f5-a60c-9e0c0096d87a.png/v1/fill/w_1280,h_1070,q_80,strp/rinse_by_jaxaaronson_di3r1ic-fullview.jpg?token=eyJ0eXAiOiJKV1QiLCJhbGciOiJIUzI1NiJ9.eyJzdWIiOiJ1cm46YXBwOjdlMGQxODg5ODIyNjQzNzNhNWYwZDQxNWVhMGQyNmUwIiwiaXNzIjoidXJuOmFwcDo3ZTBkMTg4OTgyMjY0MzczYTVmMGQ0MTVlYTBkMjZlMCIsIm9iaiI6W1t7ImhlaWdodCI6Ijw9MTA3MCIsInBhdGgiOiIvZi83MTAyMTU2My1iYTA1LTQxZjItYmNjNC0xNjllMGJiYWNhZWUvZGkzcjFpYy01M2M4NGYwNS03YzY5LTQyZjUtYTYwYy05ZTBjMDA5NmQ4N2EucG5nIiwid2lkdGgiOiI8PTEyODAifV1dLCJhdWQiOlsidXJuOnNlcnZpY2U6aW1hZ2Uub3BlcmF0aW9ucyJdfQ.MPvYkG5QzHCdjW0UtKAnSqk63u6pwX69FWjC3YO4msw"
"2024-09-04T05:59:35-0700","2d","https://images-wixmp-ed30a86b8c4ca887773594c2.wixmp.com/f/71021563-ba05-41f2-bcc4-169e0bbacaee/di3txcl-8eb276b5-33f1-40d5-8efd-12b5ac2c7ac2.png/v1/fill/w_1280,h_768,q_80,strp/2d_by_jaxaaronson_di3txcl-fullview.jpg?token=eyJ0eXAiOiJKV1QiLCJhbGciOiJIUzI1NiJ9.eyJzdWIiOiJ1cm46YXBwOjdlMGQxODg5ODIyNjQzNzNhNWYwZDQxNWVhMGQyNmUwIiwiaXNzIjoidXJuOmFwcDo3ZTBkMTg4OTgyMjY0MzczYTVmMGQ0MTVlYTBkMjZlMCIsIm9iaiI6W1t7ImhlaWdodCI6Ijw9NzY4IiwicGF0aCI6Ii9mLzcxMDIxNTYzLWJhMDUtNDFmMi1iY2M0LTE2OWUwYmJhY2FlZS9kaTN0eGNsLThlYjI3NmI1LTMzZjEtNDBkNS04ZWZkLTEyYjVhYzJjN2FjMi5wbmciLCJ3aWR0aCI6Ijw9MTI4MCJ9XV0sImF1ZCI6WyJ1cm46c2VydmljZTppbWFnZS5vcGVyYXRpb25zIl19.ExmCmaXX4ESgaB5gQmFoljTz2tKZj6RJ7V0f7Ulsp04"
"2024-09-04T06:52:30-0700","Cigarette","https://images-wixmp-ed30a86b8c4ca887773594c2.wixmp.com/f/71021563-ba05-41f2-bcc4-169e0bbacaee/di3u904-5da1cd4a-8222-464a-a901-9931779cd83c.png/v1/fill/w_1280,h_1067,q_80,strp/cigarette_by_jaxaaronson_di3u904-fullview.jpg?token=eyJ0eXAiOiJKV1QiLCJhbGciOiJIUzI1NiJ9.eyJzdWIiOiJ1cm46YXBwOjdlMGQxODg5ODIyNjQzNzNhNWYwZDQxNWVhMGQyNmUwIiwiaXNzIjoidXJuOmFwcDo3ZTBkMTg4OTgyMjY0MzczYTVmMGQ0MTVlYTBkMjZlMCIsIm9iaiI6W1t7ImhlaWdodCI6Ijw9MTA2NyIsInBhdGgiOiIvZi83MTAyMTU2My1iYTA1LTQxZjItYmNjNC0xNjllMGJiYWNhZWUvZGkzdTkwNC01ZGExY2Q0YS04MjIyLTQ2NGEtYTkwMS05OTMxNzc5Y2Q4M2MucG5nIiwid2lkdGgiOiI8PTEyODAifV1dLCJhdWQiOlsidXJuOnNlcnZpY2U6aW1hZ2Uub3BlcmF0aW9ucyJdfQ.QK7IBdSr9NMRXsPt38CZrV1Ok3rsqI4C2Dp9Js-x8J0"
"2024-09-05T14:14:56-0700","Lights","https://images-wixmp-ed30a86b8c4ca887773594c2.wixmp.com/f/71021563-ba05-41f2-bcc4-169e0bbacaee/di45nf4-11c4c10f-c270-45f6-bf27-859cd0e48af0.png/v1/fill/w_1920,h_1008,q_80,strp/lights_by_jaxaaronson_di45nf4-fullview.jpg?token=eyJ0eXAiOiJKV1QiLCJhbGciOiJIUzI1NiJ9.eyJzdWIiOiJ1cm46YXBwOjdlMGQxODg5ODIyNjQzNzNhNWYwZDQxNWVhMGQyNmUwIiwiaXNzIjoidXJuOmFwcDo3ZTBkMTg4OTgyMjY0MzczYTVmMGQ0MTVlYTBkMjZlMCIsIm9iaiI6W1t7ImhlaWdodCI6Ijw9MTAwOCIsInBhdGgiOiIvZi83MTAyMTU2My1iYTA1LTQxZjItYmNjNC0xNjllMGJiYWNhZWUvZGk0NW5mNC0xMWM0YzEwZi1jMjcwLTQ1ZjYtYmYyNy04NTljZDBlNDhhZjAucG5nIiwid2lkdGgiOiI8PTE5MjAifV1dLCJhdWQiOlsidXJuOnNlcnZpY2U6aW1hZ2Uub3BlcmF0aW9ucyJdfQ.PyKYlEPLtUTO07uhvhYhNSd2wktgMNYOKtR1gQToRHI"
"2024-09-05T18:25:35-0700","Green Fuzz","https://images-wixmp-ed30a86b8c4ca887773594c2.wixmp.com/f/71021563-ba05-41f2-bcc4-169e0bbacaee/di4753c-0ecc3802-c021-4659-bdd5-3f7094e1be86.png/v1/fill/w_1280,h_896,q_80,strp/green_fuzz_by_jaxaaronson_di4753c-fullview.jpg?token=eyJ0eXAiOiJKV1QiLCJhbGciOiJIUzI1NiJ9.eyJzdWIiOiJ1cm46YXBwOjdlMGQxODg5ODIyNjQzNzNhNWYwZDQxNWVhMGQyNmUwIiwiaXNzIjoidXJuOmFwcDo3ZTBkMTg4OTgyMjY0MzczYTVmMGQ0MTVlYTBkMjZlMCIsIm9iaiI6W1t7ImhlaWdodCI6Ijw9ODk2IiwicGF0aCI6Ii9mLzcxMDIxNTYzLWJhMDUtNDFmMi1iY2M0LTE2OWUwYmJhY2FlZS9kaTQ3NTNjLTBlY2MzODAyLWMwMjEtNDY1OS1iZGQ1LTNmNzA5NGUxYmU4Ni5wbmciLCJ3aWR0aCI6Ijw9MTI4MCJ9XV0sImF1ZCI6WyJ1cm46c2VydmljZTppbWFnZS5vcGVyYXRpb25zIl19.DBSW_IpWytK3MNOEbHNZi_jkSVKUGmFMBbPYCvJgo90"
"2024-09-07T08:37:49-0700","Brewery","https://images-wixmp-ed30a86b8c4ca887773594c2.wixmp.com/f/71021563-ba05-41f2-bcc4-169e0bbacaee/di4jmuz-fb2da878-aa49-469e-ac36-fb62f55c63cb.png/v1/fill/w_1280,h_887,q_80,strp/brewery_by_jaxaaronson_di4jmuz-fullview.jpg?token=eyJ0eXAiOiJKV1QiLCJhbGciOiJIUzI1NiJ9.eyJzdWIiOiJ1cm46YXBwOjdlMGQxODg5ODIyNjQzNzNhNWYwZDQxNWVhMGQyNmUwIiwiaXNzIjoidXJuOmFwcDo3ZTBkMTg4OTgyMjY0MzczYTVmMGQ0MTVlYTBkMjZlMCIsIm9iaiI6W1t7ImhlaWdodCI6Ijw9ODg3IiwicGF0aCI6Ii9mLzcxMDIxNTYzLWJhMDUtNDFmMi1iY2M0LTE2OWUwYmJhY2FlZS9kaTRqbXV6LWZiMmRhODc4LWFhNDktNDY5ZS1hYzM2LWZiNjJmNTVjNjNjYi5wbmciLCJ3aWR0aCI6Ijw9MTI4MCJ9XV0sImF1ZCI6WyJ1cm46c2VydmljZTppbWFnZS5vcGVyYXRpb25zIl19.AtDtK-wq-TAvpfpPyd2-am2lYEG0fZOjYRIDaJI-c3U"
"2024-09-08T09:14:14-0700","Bacon + Eggs","https://images-wixmp-ed30a86b8c4ca887773594c2.wixmp.com/f/71021563-ba05-41f2-bcc4-169e0bbacaee/di4so9l-58ba06bc-20b5-40b4-b867-f5e87844d5b1.png/v1/fill/w_1920,h_842,q_80,strp/bacon___eggs_by_jaxaaronson_di4so9l-fullview.jpg?token=eyJ0eXAiOiJKV1QiLCJhbGciOiJIUzI1NiJ9.eyJzdWIiOiJ1cm46YXBwOjdlMGQxODg5ODIyNjQzNzNhNWYwZDQxNWVhMGQyNmUwIiwiaXNzIjoidXJuOmFwcDo3ZTBkMTg4OTgyMjY0MzczYTVmMGQ0MTVlYTBkMjZlMCIsIm9iaiI6W1t7ImhlaWdodCI6Ijw9ODQyIiwicGF0aCI6Ii9mLzcxMDIxNTYzLWJhMDUtNDFmMi1iY2M0LTE2OWUwYmJhY2FlZS9kaTRzbzlsLTU4YmEwNmJjLTIwYjUtNDBiNC1iODY3LWY1ZTg3ODQ0ZDViMS5wbmciLCJ3aWR0aCI6Ijw9MTkyMCJ9XV0sImF1ZCI6WyJ1cm46c2VydmljZTppbWFnZS5vcGVyYXRpb25zIl19.GxPT1G78W3WDuQBujQebNntypDCnYNhyNdMqvxaAJp4"
"2024-09-09T17:38:17-0700","Orchard","https://images-wixmp-ed30a86b8c4ca887773594c2.wixmp.com/f/71021563-ba05-41f2-bcc4-169e0bbacaee/di54u55-ab60a4a9-188e-472c-a8df-6bec501cb6ee.png/v1/fill/w_1280,h_1013,q_80,strp/orchard_by_jaxaaronson_di54u55-fullview.jpg?token=eyJ0eXAiOiJKV1QiLCJhbGciOiJIUzI1NiJ9.eyJzdWIiOiJ1cm46YXBwOjdlMGQxODg5ODIyNjQzNzNhNWYwZDQxNWVhMGQyNmUwIiwiaXNzIjoidXJuOmFwcDo3ZTBkMTg4OTgyMjY0MzczYTVmMGQ0MTVlYTBkMjZlMCIsIm9iaiI6W1t7ImhlaWdodCI6Ijw9MTAxMyIsInBhdGgiOiIvZi83MTAyMTU2My1iYTA1LTQxZjItYmNjNC0xNjllMGJiYWNhZWUvZGk1NHU1NS1hYjYwYTRhOS0xODhlLTQ3MmMtYThkZi02YmVjNTAxY2I2ZWUucG5nIiwid2lkdGgiOiI8PTEyODAifV1dLCJhdWQiOlsidXJuOnNlcnZpY2U6aW1hZ2Uub3BlcmF0aW9ucyJdfQ.3d8FbbaU8MOppllbpi_M2Ox80FI6_nVIcNPr3EV5QkA"
"2024-09-09T18:44:17-0700","Gas Station","https://images-wixmp-ed30a86b8c4ca887773594c2.wixmp.com/f/71021563-ba05-41f2-bcc4-169e0bbacaee/di555vo-5dacffef-a4f3-4e19-b674-d3d68bf8d825.png/v1/fill/w_1920,h_936,q_80,strp/gas_station_by_jaxaaronson_di555vo-fullview.jpg?token=eyJ0eXAiOiJKV1QiLCJhbGciOiJIUzI1NiJ9.eyJzdWIiOiJ1cm46YXBwOjdlMGQxODg5ODIyNjQzNzNhNWYwZDQxNWVhMGQyNmUwIiwiaXNzIjoidXJuOmFwcDo3ZTBkMTg4OTgyMjY0MzczYTVmMGQ0MTVlYTBkMjZlMCIsIm9iaiI6W1t7ImhlaWdodCI6Ijw9OTM2IiwicGF0aCI6Ii9mLzcxMDIxNTYzLWJhMDUtNDFmMi1iY2M0LTE2OWUwYmJhY2FlZS9kaTU1NXZvLTVkYWNmZmVmLWE0ZjMtNGUxOS1iNjc0LWQzZDY4YmY4ZDgyNS5wbmciLCJ3aWR0aCI6Ijw9MTkyMCJ9XV0sImF1ZCI6WyJ1cm46c2VydmljZTppbWFnZS5vcGVyYXRpb25zIl19.H8U32xOVjZy0_fcHAf5AU0ivJUkbErhxiaql9CKVfWM"
"2024-09-10T07:14:33-0700","Neapolitan","https://images-wixmp-ed30a86b8c4ca887773594c2.wixmp.com/f/71021563-ba05-41f2-bcc4-169e0bbacaee/di58myl-aa75b770-40a9-4469-bae0-68288b0861c5.png/v1/fill/w_1280,h_925,q_80,strp/neapolitan_by_jaxaaronson_di58myl-fullview.jpg?token=eyJ0eXAiOiJKV1QiLCJhbGciOiJIUzI1NiJ9.eyJzdWIiOiJ1cm46YXBwOjdlMGQxODg5ODIyNjQzNzNhNWYwZDQxNWVhMGQyNmUwIiwiaXNzIjoidXJuOmFwcDo3ZTBkMTg4OTgyMjY0MzczYTVmMGQ0MTVlYTBkMjZlMCIsIm9iaiI6W1t7ImhlaWdodCI6Ijw9OTI1IiwicGF0aCI6Ii9mLzcxMDIxNTYzLWJhMDUtNDFmMi1iY2M0LTE2OWUwYmJhY2FlZS9kaTU4bXlsLWFhNzViNzcwLTQwYTktNDQ2OS1iYWUwLTY4Mjg4YjA4NjFjNS5wbmciLCJ3aWR0aCI6Ijw9MTI4MCJ9XV0sImF1ZCI6WyJ1cm46c2VydmljZTppbWFnZS5vcGVyYXRpb25zIl19.SPFi8Do87PxeBlqGDHwZZyK4Il8ktxCAkTmKVqT6JVQ"
"2024-09-10T09:07:17-0700","Wild","https://images-wixmp-ed30a86b8c4ca887773594c2.wixmp.com/f/71021563-ba05-41f2-bcc4-169e0bbacaee/di59db7-2e96a016-33b7-4161-a466-f7a1285a740d.png/v1/fill/w_1280,h_1200,q_80,strp/wild_by_jaxaaronson_di59db7-fullview.jpg?token=eyJ0eXAiOiJKV1QiLCJhbGciOiJIUzI1NiJ9.eyJzdWIiOiJ1cm46YXBwOjdlMGQxODg5ODIyNjQzNzNhNWYwZDQxNWVhMGQyNmUwIiwiaXNzIjoidXJuOmFwcDo3ZTBkMTg4OTgyMjY0MzczYTVmMGQ0MTVlYTBkMjZlMCIsIm9iaiI6W1t7ImhlaWdodCI6Ijw9MTIwMCIsInBhdGgiOiIvZi83MTAyMTU2My1iYTA1LTQxZjItYmNjNC0xNjllMGJiYWNhZWUvZGk1OWRiNy0yZTk2YTAxNi0zM2I3LTQxNjEtYTQ2Ni1mN2ExMjg1YTc0MGQucG5nIiwid2lkdGgiOiI8PTEyODAifV1dLCJhdWQiOlsidXJuOnNlcnZpY2U6aW1hZ2Uub3BlcmF0aW9ucyJdfQ.CV04UGeV-3vUh7-Zr6AxFbfWj0paWSyM3tlrJTXS-dQ"
"2024-09-10T09:07:51-0700","Sky","https://images-wixmp-ed30a86b8c4ca887773594c2.wixmp.com/f/71021563-ba05-41f2-bcc4-169e0bbacaee/di59de5-bc2fc02f-dc93-4e33-94bd-f745faec8924.png/v1/fill/w_1280,h_591,q_80,strp/sky_by_jaxaaronson_di59de5-fullview.jpg?token=eyJ0eXAiOiJKV1QiLCJhbGciOiJIUzI1NiJ9.eyJzdWIiOiJ1cm46YXBwOjdlMGQxODg5ODIyNjQzNzNhNWYwZDQxNWVhMGQyNmUwIiwiaXNzIjoidXJuOmFwcDo3ZTBkMTg4OTgyMjY0MzczYTVmMGQ0MTVlYTBkMjZlMCIsIm9iaiI6W1t7ImhlaWdodCI6Ijw9NTkxIiwicGF0aCI6Ii9mLzcxMDIxNTYzLWJhMDUtNDFmMi1iY2M0LTE2OWUwYmJhY2FlZS9kaTU5ZGU1LWJjMmZjMDJmLWRjOTMtNGUzMy05NGJkLWY3NDVmYWVjODkyNC5wbmciLCJ3aWR0aCI6Ijw9MTI4MCJ9XV0sImF1ZCI6WyJ1cm46c2VydmljZTppbWFnZS5vcGVyYXRpb25zIl19.Ldi9FNohzCsvWBTLo6_0uRWHzIH3fxU3shJ_BytbYGg"
"2024-09-10T17:05:22-0700","New York","https://images-wixmp-ed30a86b8c4ca887773594c2.wixmp.com/f/71021563-ba05-41f2-bcc4-169e0bbacaee/di5cfvb-a4bb61f8-1f76-436f-9754-21e0cc2304e3.png/v1/fill/w_1280,h_1171,q_80,strp/new_york_by_jaxaaronson_di5cfvb-fullview.jpg?token=eyJ0eXAiOiJKV1QiLCJhbGciOiJIUzI1NiJ9.eyJzdWIiOiJ1cm46YXBwOjdlMGQxODg5ODIyNjQzNzNhNWYwZDQxNWVhMGQyNmUwIiwiaXNzIjoidXJuOmFwcDo3ZTBkMTg4OTgyMjY0MzczYTVmMGQ0MTVlYTBkMjZlMCIsIm9iaiI6W1t7ImhlaWdodCI6Ijw9MTE3MSIsInBhdGgiOiIvZi83MTAyMTU2My1iYTA1LTQxZjItYmNjNC0xNjllMGJiYWNhZWUvZGk1Y2Z2Yi1hNGJiNjFmOC0xZjc2LTQzNmYtOTc1NC0yMWUwY2MyMzA0ZTMucG5nIiwid2lkdGgiOiI8PTEyODAifV1dLCJhdWQiOlsidXJuOnNlcnZpY2U6aW1hZ2Uub3BlcmF0aW9ucyJdfQ.Ctbs_6FioO5WCXAd4RYYmB1dUpQI_7grzh_ZX13BVJ4"
"2024-09-10T18:28:40-0700","Documents","https://images-wixmp-ed30a86b8c4ca887773594c2.wixmp.com/f/71021563-ba05-41f2-bcc4-169e0bbacaee/di5cuo8-356f979d-1d87-4f52-bab1-8c069e87ceba.png/v1/fill/w_1920,h_1344,q_80,strp/documents_by_jaxaaronson_di5cuo8-fullview.jpg?token=eyJ0eXAiOiJKV1QiLCJhbGciOiJIUzI1NiJ9.eyJzdWIiOiJ1cm46YXBwOjdlMGQxODg5ODIyNjQzNzNhNWYwZDQxNWVhMGQyNmUwIiwiaXNzIjoidXJuOmFwcDo3ZTBkMTg4OTgyMjY0MzczYTVmMGQ0MTVlYTBkMjZlMCIsIm9iaiI6W1t7ImhlaWdodCI6Ijw9MTM0NCIsInBhdGgiOiIvZi83MTAyMTU2My1iYTA1LTQxZjItYmNjNC0xNjllMGJiYWNhZWUvZGk1Y3VvOC0zNTZmOTc5ZC0xZDg3LTRmNTItYmFiMS04YzA2OWU4N2NlYmEucG5nIiwid2lkdGgiOiI8PTE5MjAifV1dLCJhdWQiOlsidXJuOnNlcnZpY2U6aW1hZ2Uub3BlcmF0aW9ucyJdfQ.IPPaiOkvi-xSGIbeH29bYo92c0TXInURzI0WEiW2YKw"
"2024-09-11T17:54:15-0700","Hall","https://images-wixmp-ed30a86b8c4ca887773594c2.wixmp.com/f/71021563-ba05-41f2-bcc4-169e0bbacaee/di5k6w3-7efefb5b-f087-45c1-8892-46078c3e97c6.png/v1/fill/w_1280,h_1013,q_80,strp/hall_by_jaxaaronson_di5k6w3-fullview.jpg?token=eyJ0eXAiOiJKV1QiLCJhbGciOiJIUzI1NiJ9.eyJzdWIiOiJ1cm46YXBwOjdlMGQxODg5ODIyNjQzNzNhNWYwZDQxNWVhMGQyNmUwIiwiaXNzIjoidXJuOmFwcDo3ZTBkMTg4OTgyMjY0MzczYTVmMGQ0MTVlYTBkMjZlMCIsIm9iaiI6W1t7ImhlaWdodCI6Ijw9MTAxMyIsInBhdGgiOiIvZi83MTAyMTU2My1iYTA1LTQxZjItYmNjNC0xNjllMGJiYWNhZWUvZGk1azZ3My03ZWZlZmI1Yi1mMDg3LTQ1YzEtODg5Mi00NjA3OGMzZTk3YzYucG5nIiwid2lkdGgiOiI8PTEyODAifV1dLCJhdWQiOlsidXJuOnNlcnZpY2U6aW1hZ2Uub3BlcmF0aW9ucyJdfQ.Vrrsnfutxa0tgoSTHp-vakwMgUmTKjscC7w6RaNB0W8"
"2024-09-11T20:10:39-0700","Hell","https://images-wixmp-ed30a86b8c4ca887773594c2.wixmp.com/f/71021563-ba05-41f2-bcc4-169e0bbacaee/di5kty5-1d29b29d-f22e-4570-9397-699b63979581.png/v1/fill/w_1280,h_815,q_80,strp/hell_by_jaxaaronson_di5kty5-fullview.jpg?token=eyJ0eXAiOiJKV1QiLCJhbGciOiJIUzI1NiJ9.eyJzdWIiOiJ1cm46YXBwOjdlMGQxODg5ODIyNjQzNzNhNWYwZDQxNWVhMGQyNmUwIiwiaXNzIjoidXJuOmFwcDo3ZTBkMTg4OTgyMjY0MzczYTVmMGQ0MTVlYTBkMjZlMCIsIm9iaiI6W1t7ImhlaWdodCI6Ijw9ODE1IiwicGF0aCI6Ii9mLzcxMDIxNTYzLWJhMDUtNDFmMi1iY2M0LTE2OWUwYmJhY2FlZS9kaTVrdHk1LTFkMjliMjlkLWYyMmUtNDU3MC05Mzk3LTY5OWI2Mzk3OTU4MS5wbmciLCJ3aWR0aCI6Ijw9MTI4MCJ9XV0sImF1ZCI6WyJ1cm46c2VydmljZTppbWFnZS5vcGVyYXRpb25zIl19.-xi_7jdvEyp78XE_K-ICMRtlRVarrQ5eWW1OvAcc9eE"
"2024-09-12T12:26:18-0700","Nuts","https://images-wixmp-ed30a86b8c4ca887773594c2.wixmp.com/f/71021563-ba05-41f2-bcc4-169e0bbacaee/di5prrb-546794c0-8c3b-43a8-94b7-8f610fc4f4ca.png/v1/fill/w_1280,h_747,q_80,strp/nuts_by_jaxaaronson_di5prrb-fullview.jpg?token=eyJ0eXAiOiJKV1QiLCJhbGciOiJIUzI1NiJ9.eyJzdWIiOiJ1cm46YXBwOjdlMGQxODg5ODIyNjQzNzNhNWYwZDQxNWVhMGQyNmUwIiwiaXNzIjoidXJuOmFwcDo3ZTBkMTg4OTgyMjY0MzczYTVmMGQ0MTVlYTBkMjZlMCIsIm9iaiI6W1t7ImhlaWdodCI6Ijw9NzQ3IiwicGF0aCI6Ii9mLzcxMDIxNTYzLWJhMDUtNDFmMi1iY2M0LTE2OWUwYmJhY2FlZS9kaTVwcnJiLTU0Njc5NGMwLThjM2ItNDNhOC05NGI3LThmNjEwZmM0ZjRjYS5wbmciLCJ3aWR0aCI6Ijw9MTI4MCJ9XV0sImF1ZCI6WyJ1cm46c2VydmljZTppbWFnZS5vcGVyYXRpb25zIl19.S3hWXhlc8QRNs5E35_p5HdCmfx3V7YcVS5YtLldUVac"
"2024-09-13T09:25:52-0700","Sandcastle","https://images-wixmp-ed30a86b8c4ca887773594c2.wixmp.com/f/71021563-ba05-41f2-bcc4-169e0bbacaee/di5w3tz-2a18d8df-2c23-43a9-96b5-ac2b80adad9a.png/v1/fill/w_1280,h_887,q_80,strp/sandcastle_by_jaxaaronson_di5w3tz-fullview.jpg?token=eyJ0eXAiOiJKV1QiLCJhbGciOiJIUzI1NiJ9.eyJzdWIiOiJ1cm46YXBwOjdlMGQxODg5ODIyNjQzNzNhNWYwZDQxNWVhMGQyNmUwIiwiaXNzIjoidXJuOmFwcDo3ZTBkMTg4OTgyMjY0MzczYTVmMGQ0MTVlYTBkMjZlMCIsIm9iaiI6W1t7ImhlaWdodCI6Ijw9ODg3IiwicGF0aCI6Ii9mLzcxMDIxNTYzLWJhMDUtNDFmMi1iY2M0LTE2OWUwYmJhY2FlZS9kaTV3M3R6LTJhMThkOGRmLTJjMjMtNDNhOS05NmI1LWFjMmI4MGFkYWQ5YS5wbmciLCJ3aWR0aCI6Ijw9MTI4MCJ9XV0sImF1ZCI6WyJ1cm46c2VydmljZTppbWFnZS5vcGVyYXRpb25zIl19.yKux3viW_mRofY5onXo2R0Y4eVs7t7CTy6viCqRyS38"
"2024-09-13T13:20:49-0700","Flower Garden","https://images-wixmp-ed30a86b8c4ca887773594c2.wixmp.com/f/71021563-ba05-41f2-bcc4-169e0bbacaee/di5xiu5-c2e32227-c145-4751-9023-54efb29b4b9f.png/v1/fill/w_1280,h_702,q_80,strp/flower_garden_by_jaxaaronson_di5xiu5-fullview.jpg?token=eyJ0eXAiOiJKV1QiLCJhbGciOiJIUzI1NiJ9.eyJzdWIiOiJ1cm46YXBwOjdlMGQxODg5ODIyNjQzNzNhNWYwZDQxNWVhMGQyNmUwIiwiaXNzIjoidXJuOmFwcDo3ZTBkMTg4OTgyMjY0MzczYTVmMGQ0MTVlYTBkMjZlMCIsIm9iaiI6W1t7ImhlaWdodCI6Ijw9NzAyIiwicGF0aCI6Ii9mLzcxMDIxNTYzLWJhMDUtNDFmMi1iY2M0LTE2OWUwYmJhY2FlZS9kaTV4aXU1LWMyZTMyMjI3LWMxNDUtNDc1MS05MDIzLTU0ZWZiMjliNGI5Zi5wbmciLCJ3aWR0aCI6Ijw9MTI4MCJ9XV0sImF1ZCI6WyJ1cm46c2VydmljZTppbWFnZS5vcGVyYXRpb25zIl19.xoTy5yfwvVSm9Gm82nL7nW0PBD1vcHd3Fr8qEaCTRJE"
"2024-09-13T15:52:26-0700","Buffalo Wings","https://images-wixmp-ed30a86b8c4ca887773594c2.wixmp.com/f/71021563-ba05-41f2-bcc4-169e0bbacaee/di5yk9y-d5d3e4ce-7a55-4b44-aa87-26a76f168bf3.png/v1/fill/w_1280,h_1013,q_80,strp/buffalo_wings_by_jaxaaronson_di5yk9y-fullview.jpg?token=eyJ0eXAiOiJKV1QiLCJhbGciOiJIUzI1NiJ9.eyJzdWIiOiJ1cm46YXBwOjdlMGQxODg5ODIyNjQzNzNhNWYwZDQxNWVhMGQyNmUwIiwiaXNzIjoidXJuOmFwcDo3ZTBkMTg4OTgyMjY0MzczYTVmMGQ0MTVlYTBkMjZlMCIsIm9iaiI6W1t7ImhlaWdodCI6Ijw9MTAxMyIsInBhdGgiOiIvZi83MTAyMTU2My1iYTA1LTQxZjItYmNjNC0xNjllMGJiYWNhZWUvZGk1eWs5eS1kNWQzZTRjZS03YTU1LTRiNDQtYWE4Ny0yNmE3NmYxNjhiZjMucG5nIiwid2lkdGgiOiI8PTEyODAifV1dLCJhdWQiOlsidXJuOnNlcnZpY2U6aW1hZ2Uub3BlcmF0aW9ucyJdfQ.Q-wJQ-5lIylw0Y8Z7CTfI9QhTwHeLWx8MyqNO05jQlw"
"2024-09-14T09:54:20-0700","Ice Skating","https://images-wixmp-ed30a86b8c4ca887773594c2.wixmp.com/f/71021563-ba05-41f2-bcc4-169e0bbacaee/di63zq3-6db3afd3-af6c-4903-8437-d27cc5dbf0d9.png/v1/fill/w_1280,h_936,q_80,strp/ice_skating_by_jaxaaronson_di63zq3-fullview.jpg?token=eyJ0eXAiOiJKV1QiLCJhbGciOiJIUzI1NiJ9.eyJzdWIiOiJ1cm46YXBwOjdlMGQxODg5ODIyNjQzNzNhNWYwZDQxNWVhMGQyNmUwIiwiaXNzIjoidXJuOmFwcDo3ZTBkMTg4OTgyMjY0MzczYTVmMGQ0MTVlYTBkMjZlMCIsIm9iaiI6W1t7ImhlaWdodCI6Ijw9OTM2IiwicGF0aCI6Ii9mLzcxMDIxNTYzLWJhMDUtNDFmMi1iY2M0LTE2OWUwYmJhY2FlZS9kaTYzenEzLTZkYjNhZmQzLWFmNmMtNDkwMy04NDM3LWQyN2NjNWRiZjBkOS5wbmciLCJ3aWR0aCI6Ijw9MTI4MCJ9XV0sImF1ZCI6WyJ1cm46c2VydmljZTppbWFnZS5vcGVyYXRpb25zIl19.11yPSqw3XES-l5glbD5wyqdihRtKS0TxfOucBsyzl20"
"2024-09-15T20:51:33-0700","Talk Show","https://images-wixmp-ed30a86b8c4ca887773594c2.wixmp.com/f/71021563-ba05-41f2-bcc4-169e0bbacaee/di6hcri-abca5084-68f2-4c1c-ae79-d73d731d3411.png/v1/fill/w_1280,h_1477,q_80,strp/talk_show_by_jaxaaronson_di6hcri-fullview.jpg?token=eyJ0eXAiOiJKV1QiLCJhbGciOiJIUzI1NiJ9.eyJzdWIiOiJ1cm46YXBwOjdlMGQxODg5ODIyNjQzNzNhNWYwZDQxNWVhMGQyNmUwIiwiaXNzIjoidXJuOmFwcDo3ZTBkMTg4OTgyMjY0MzczYTVmMGQ0MTVlYTBkMjZlMCIsIm9iaiI6W1t7ImhlaWdodCI6Ijw9MTQ3NyIsInBhdGgiOiIvZi83MTAyMTU2My1iYTA1LTQxZjItYmNjNC0xNjllMGJiYWNhZWUvZGk2aGNyaS1hYmNhNTA4NC02OGYyLTRjMWMtYWU3OS1kNzNkNzMxZDM0MTEucG5nIiwid2lkdGgiOiI8PTEyODAifV1dLCJhdWQiOlsidXJuOnNlcnZpY2U6aW1hZ2Uub3BlcmF0aW9ucyJdfQ.SE24EZgNhvHh1YWczRXtGNJco48U8Wua3jlJpaPby1U"
"2024-09-16T21:26:02-0700","Turquoise","https://images-wixmp-ed30a86b8c4ca887773594c2.wixmp.com/f/71021563-ba05-41f2-bcc4-169e0bbacaee/di6pkx8-00184e29-7026-477f-9a4d-95786fec7efd.png/v1/fill/w_1280,h_896,q_80,strp/turquoise_by_jaxaaronson_di6pkx8-fullview.jpg?token=eyJ0eXAiOiJKV1QiLCJhbGciOiJIUzI1NiJ9.eyJzdWIiOiJ1cm46YXBwOjdlMGQxODg5ODIyNjQzNzNhNWYwZDQxNWVhMGQyNmUwIiwiaXNzIjoidXJuOmFwcDo3ZTBkMTg4OTgyMjY0MzczYTVmMGQ0MTVlYTBkMjZlMCIsIm9iaiI6W1t7ImhlaWdodCI6Ijw9ODk2IiwicGF0aCI6Ii9mLzcxMDIxNTYzLWJhMDUtNDFmMi1iY2M0LTE2OWUwYmJhY2FlZS9kaTZwa3g4LTAwMTg0ZTI5LTcwMjYtNDc3Zi05YTRkLTk1Nzg2ZmVjN2VmZC5wbmciLCJ3aWR0aCI6Ijw9MTI4MCJ9XV0sImF1ZCI6WyJ1cm46c2VydmljZTppbWFnZS5vcGVyYXRpb25zIl19.SulLZHXuY_QC6sJ2NceYPmplnmNE9UfYI9YUPlDJtiE"
"2024-09-17T10:11:38-0700","Policia","https://images-wixmp-ed30a86b8c4ca887773594c2.wixmp.com/f/71021563-ba05-41f2-bcc4-169e0bbacaee/di6ti9d-b2db25c4-895c-4cca-8d80-417b17c05513.png/v1/fill/w_1280,h_887,q_80,strp/policia_by_jaxaaronson_di6ti9d-fullview.jpg?token=eyJ0eXAiOiJKV1QiLCJhbGciOiJIUzI1NiJ9.eyJzdWIiOiJ1cm46YXBwOjdlMGQxODg5ODIyNjQzNzNhNWYwZDQxNWVhMGQyNmUwIiwiaXNzIjoidXJuOmFwcDo3ZTBkMTg4OTgyMjY0MzczYTVmMGQ0MTVlYTBkMjZlMCIsIm9iaiI6W1t7ImhlaWdodCI6Ijw9ODg3IiwicGF0aCI6Ii9mLzcxMDIxNTYzLWJhMDUtNDFmMi1iY2M0LTE2OWUwYmJhY2FlZS9kaTZ0aTlkLWIyZGIyNWM0LTg5NWMtNGNjYS04ZDgwLTQxN2IxN2MwNTUxMy5wbmciLCJ3aWR0aCI6Ijw9MTI4MCJ9XV0sImF1ZCI6WyJ1cm46c2VydmljZTppbWFnZS5vcGVyYXRpb25zIl19.02DRAC2goq8bAnG2On1DJ_-TOWxoFiCAtaOMbQ4hG0s"
"2024-09-17T15:31:11-0700","Cotton Candy","https://images-wixmp-ed30a86b8c4ca887773594c2.wixmp.com/f/71021563-ba05-41f2-bcc4-169e0bbacaee/di6vm2t-1b33ce04-076e-455b-bd46-42cc1e3e1ef9.png/v1/fill/w_1280,h_384,q_80,strp/cotton_candy_by_jaxaaronson_di6vm2t-fullview.jpg?token=eyJ0eXAiOiJKV1QiLCJhbGciOiJIUzI1NiJ9.eyJzdWIiOiJ1cm46YXBwOjdlMGQxODg5ODIyNjQzNzNhNWYwZDQxNWVhMGQyNmUwIiwiaXNzIjoidXJuOmFwcDo3ZTBkMTg4OTgyMjY0MzczYTVmMGQ0MTVlYTBkMjZlMCIsIm9iaiI6W1t7ImhlaWdodCI6Ijw9Mzg0IiwicGF0aCI6Ii9mLzcxMDIxNTYzLWJhMDUtNDFmMi1iY2M0LTE2OWUwYmJhY2FlZS9kaTZ2bTJ0LTFiMzNjZTA0LTA3NmUtNDU1Yi1iZDQ2LTQyY2MxZTNlMWVmOS5wbmciLCJ3aWR0aCI6Ijw9MTI4MCJ9XV0sImF1ZCI6WyJ1cm46c2VydmljZTppbWFnZS5vcGVyYXRpb25zIl19.c5QaqXL5z3RAxG4vMQHMM-g-GO8HvgAKeEP9AoBsll4"
"2024-09-17T16:16:00-0700","Fairy","https://images-wixmp-ed30a86b8c4ca887773594c2.wixmp.com/f/71021563-ba05-41f2-bcc4-169e0bbacaee/di6vvxb-f8f38c74-f239-4ef1-a2d9-6587688942d8.png/v1/fill/w_1280,h_1014,q_80,strp/fairy_by_jaxaaronson_di6vvxb-fullview.jpg?token=eyJ0eXAiOiJKV1QiLCJhbGciOiJIUzI1NiJ9.eyJzdWIiOiJ1cm46YXBwOjdlMGQxODg5ODIyNjQzNzNhNWYwZDQxNWVhMGQyNmUwIiwiaXNzIjoidXJuOmFwcDo3ZTBkMTg4OTgyMjY0MzczYTVmMGQ0MTVlYTBkMjZlMCIsIm9iaiI6W1t7ImhlaWdodCI6Ijw9MTAxNCIsInBhdGgiOiIvZi83MTAyMTU2My1iYTA1LTQxZjItYmNjNC0xNjllMGJiYWNhZWUvZGk2dnZ4Yi1mOGYzOGM3NC1mMjM5LTRlZjEtYTJkOS02NTg3Njg4OTQyZDgucG5nIiwid2lkdGgiOiI8PTEyODAifV1dLCJhdWQiOlsidXJuOnNlcnZpY2U6aW1hZ2Uub3BlcmF0aW9ucyJdfQ.b2JXF4QiPHezmVZJCqCw9-Ed-PkwLbTDiJc1J29tYkM"
"2024-09-17T20:05:35-0700","Vampire","https://images-wixmp-ed30a86b8c4ca887773594c2.wixmp.com/f/71021563-ba05-41f2-bcc4-169e0bbacaee/di6x3wr-fac180b3-55c5-45e0-bfc1-1b6a74c309b5.png/v1/fill/w_1280,h_665,q_80,strp/vampire_by_jaxaaronson_di6x3wr-fullview.jpg?token=eyJ0eXAiOiJKV1QiLCJhbGciOiJIUzI1NiJ9.eyJzdWIiOiJ1cm46YXBwOjdlMGQxODg5ODIyNjQzNzNhNWYwZDQxNWVhMGQyNmUwIiwiaXNzIjoidXJuOmFwcDo3ZTBkMTg4OTgyMjY0MzczYTVmMGQ0MTVlYTBkMjZlMCIsIm9iaiI6W1t7ImhlaWdodCI6Ijw9NjY1IiwicGF0aCI6Ii9mLzcxMDIxNTYzLWJhMDUtNDFmMi1iY2M0LTE2OWUwYmJhY2FlZS9kaTZ4M3dyLWZhYzE4MGIzLTU1YzUtNDVlMC1iZmMxLTFiNmE3NGMzMDliNS5wbmciLCJ3aWR0aCI6Ijw9MTI4MCJ9XV0sImF1ZCI6WyJ1cm46c2VydmljZTppbWFnZS5vcGVyYXRpb25zIl19.EgjVbBQ1hhVlbmKRtkPVmrPoQdT35qOqzpI5xKkISbw"
"2024-09-18T15:59:35-0700","Construction","https://images-wixmp-ed30a86b8c4ca887773594c2.wixmp.com/f/71021563-ba05-41f2-bcc4-169e0bbacaee/di73gz4-388dfe5a-319e-41cc-a5e9-1d2c0c48728f.png/v1/fill/w_1280,h_832,q_80,strp/construction_by_jaxaaronson_di73gz4-fullview.jpg?token=eyJ0eXAiOiJKV1QiLCJhbGciOiJIUzI1NiJ9.eyJzdWIiOiJ1cm46YXBwOjdlMGQxODg5ODIyNjQzNzNhNWYwZDQxNWVhMGQyNmUwIiwiaXNzIjoidXJuOmFwcDo3ZTBkMTg4OTgyMjY0MzczYTVmMGQ0MTVlYTBkMjZlMCIsIm9iaiI6W1t7ImhlaWdodCI6Ijw9ODMyIiwicGF0aCI6Ii9mLzcxMDIxNTYzLWJhMDUtNDFmMi1iY2M0LTE2OWUwYmJhY2FlZS9kaTczZ3o0LTM4OGRmZTVhLTMxOWUtNDFjYy1hNWU5LTFkMmMwYzQ4NzI4Zi5wbmciLCJ3aWR0aCI6Ijw9MTI4MCJ9XV0sImF1ZCI6WyJ1cm46c2VydmljZTppbWFnZS5vcGVyYXRpb25zIl19.dYZ9IzOJoHCWQMrzRFhtYosd-zjoe4e-3c2TM_yku2Y"
"2024-09-18T18:07:11-0700","France","https://images-wixmp-ed30a86b8c4ca887773594c2.wixmp.com/f/71021563-ba05-41f2-bcc4-169e0bbacaee/di743q9-ee6d6395-d257-4bbb-9115-29e68949337c.png/v1/fill/w_1280,h_985,q_80,strp/france_by_jaxaaronson_di743q9-fullview.jpg?token=eyJ0eXAiOiJKV1QiLCJhbGciOiJIUzI1NiJ9.eyJzdWIiOiJ1cm46YXBwOjdlMGQxODg5ODIyNjQzNzNhNWYwZDQxNWVhMGQyNmUwIiwiaXNzIjoidXJuOmFwcDo3ZTBkMTg4OTgyMjY0MzczYTVmMGQ0MTVlYTBkMjZlMCIsIm9iaiI6W1t7ImhlaWdodCI6Ijw9OTg1IiwicGF0aCI6Ii9mLzcxMDIxNTYzLWJhMDUtNDFmMi1iY2M0LTE2OWUwYmJhY2FlZS9kaTc0M3E5LWVlNmQ2Mzk1LWQyNTctNGJiYi05MTE1LTI5ZTY4OTQ5MzM3Yy5wbmciLCJ3aWR0aCI6Ijw9MTI4MCJ9XV0sImF1ZCI6WyJ1cm46c2VydmljZTppbWFnZS5vcGVyYXRpb25zIl19.FwETXc2R3ui8m-61jpJI80-YTtpsJdJi-HDcJm9xCTA"
"2024-09-18T20:46:03-0700","Disco","https://images-wixmp-ed30a86b8c4ca887773594c2.wixmp.com/f/71021563-ba05-41f2-bcc4-169e0bbacaee/di74u92-2094f1b8-e73a-4618-b3a5-4a46fe5ec6c5.png/v1/fill/w_1280,h_448,q_80,strp/disco_by_jaxaaronson_di74u92-fullview.jpg?token=eyJ0eXAiOiJKV1QiLCJhbGciOiJIUzI1NiJ9.eyJzdWIiOiJ1cm46YXBwOjdlMGQxODg5ODIyNjQzNzNhNWYwZDQxNWVhMGQyNmUwIiwiaXNzIjoidXJuOmFwcDo3ZTBkMTg4OTgyMjY0MzczYTVmMGQ0MTVlYTBkMjZlMCIsIm9iaiI6W1t7ImhlaWdodCI6Ijw9NDQ4IiwicGF0aCI6Ii9mLzcxMDIxNTYzLWJhMDUtNDFmMi1iY2M0LTE2OWUwYmJhY2FlZS9kaTc0dTkyLTIwOTRmMWI4LWU3M2EtNDYxOC1iM2E1LTRhNDZmZTVlYzZjNS5wbmciLCJ3aWR0aCI6Ijw9MTI4MCJ9XV0sImF1ZCI6WyJ1cm46c2VydmljZTppbWFnZS5vcGVyYXRpb25zIl19.uDfoGcrteGq6HXDmTE_cCg0H0qXJfmXp8IsoZ41hR9E"
"2024-09-21T08:01:08-0700","Traffic Signs","https://images-wixmp-ed30a86b8c4ca887773594c2.wixmp.com/f/71021563-ba05-41f2-bcc4-169e0bbacaee/di7n8gk-ee1291c9-5537-48cb-804d-886cda556e60.png/v1/fill/w_1920,h_840,q_80,strp/traffic_signs_by_jaxaaronson_di7n8gk-fullview.jpg?token=eyJ0eXAiOiJKV1QiLCJhbGciOiJIUzI1NiJ9.eyJzdWIiOiJ1cm46YXBwOjdlMGQxODg5ODIyNjQzNzNhNWYwZDQxNWVhMGQyNmUwIiwiaXNzIjoidXJuOmFwcDo3ZTBkMTg4OTgyMjY0MzczYTVmMGQ0MTVlYTBkMjZlMCIsIm9iaiI6W1t7ImhlaWdodCI6Ijw9ODQwIiwicGF0aCI6Ii9mLzcxMDIxNTYzLWJhMDUtNDFmMi1iY2M0LTE2OWUwYmJhY2FlZS9kaTduOGdrLWVlMTI5MWM5LTU1MzctNDhjYi04MDRkLTg4NmNkYTU1NmU2MC5wbmciLCJ3aWR0aCI6Ijw9MTkyMCJ9XV0sImF1ZCI6WyJ1cm46c2VydmljZTppbWFnZS5vcGVyYXRpb25zIl19.gVaGK76YpuC5W1sI_ZyP1t3XJbS51kx1aPJqnNeRDRY"
"2024-09-21T16:40:32-0700","Clay","https://images-wixmp-ed30a86b8c4ca887773594c2.wixmp.com/f/71021563-ba05-41f2-bcc4-169e0bbacaee/di7qj5w-3e6a071e-ec00-45dc-b276-0274161e09bf.png/v1/fill/w_1280,h_915,q_80,strp/clay_by_jaxaaronson_di7qj5w-fullview.jpg?token=eyJ0eXAiOiJKV1QiLCJhbGciOiJIUzI1NiJ9.eyJzdWIiOiJ1cm46YXBwOjdlMGQxODg5ODIyNjQzNzNhNWYwZDQxNWVhMGQyNmUwIiwiaXNzIjoidXJuOmFwcDo3ZTBkMTg4OTgyMjY0MzczYTVmMGQ0MTVlYTBkMjZlMCIsIm9iaiI6W1t7ImhlaWdodCI6Ijw9OTE1IiwicGF0aCI6Ii9mLzcxMDIxNTYzLWJhMDUtNDFmMi1iY2M0LTE2OWUwYmJhY2FlZS9kaTdxajV3LTNlNmEwNzFlLWVjMDAtNDVkYy1iMjc2LTAyNzQxNjFlMDliZi5wbmciLCJ3aWR0aCI6Ijw9MTI4MCJ9XV0sImF1ZCI6WyJ1cm46c2VydmljZTppbWFnZS5vcGVyYXRpb25zIl19.opNgxuNju349hjUeICwILDvZVy8r7brtiLD3ANLh748"
"2024-09-21T18:19:35-0700","Lobster","https://images-wixmp-ed30a86b8c4ca887773594c2.wixmp.com/f/71021563-ba05-41f2-bcc4-169e0bbacaee/di7r1p7-e89c21dd-99e5-46e4-8cc9-75ab29ac221e.png/v1/fill/w_1280,h_665,q_80,strp/lobster_by_jaxaaronson_di7r1p7-fullview.jpg?token=eyJ0eXAiOiJKV1QiLCJhbGciOiJIUzI1NiJ9.eyJzdWIiOiJ1cm46YXBwOjdlMGQxODg5ODIyNjQzNzNhNWYwZDQxNWVhMGQyNmUwIiwiaXNzIjoidXJuOmFwcDo3ZTBkMTg4OTgyMjY0MzczYTVmMGQ0MTVlYTBkMjZlMCIsIm9iaiI6W1t7ImhlaWdodCI6Ijw9NjY1IiwicGF0aCI6Ii9mLzcxMDIxNTYzLWJhMDUtNDFmMi1iY2M0LTE2OWUwYmJhY2FlZS9kaTdyMXA3LWU4OWMyMWRkLTk5ZTUtNDZlNC04Y2M5LTc1YWIyOWFjMjIxZS5wbmciLCJ3aWR0aCI6Ijw9MTI4MCJ9XV0sImF1ZCI6WyJ1cm46c2VydmljZTppbWFnZS5vcGVyYXRpb25zIl19.mQ6LdefnHMJ9o9Vt7ClQ_haQnxxXyDsPmyT7WTGpb1o"
"2024-09-22T12:11:43-0700","Olive Oil","https://images-wixmp-ed30a86b8c4ca887773594c2.wixmp.com/f/71021563-ba05-41f2-bcc4-169e0bbacaee/di7xasj-29527a06-2d9e-46ad-bf4a-715d4e91be5f.png/v1/fill/w_1920,h_1124,q_80,strp/olive_oil_by_jaxaaronson_di7xasj-fullview.jpg?token=eyJ0eXAiOiJKV1QiLCJhbGciOiJIUzI1NiJ9.eyJzdWIiOiJ1cm46YXBwOjdlMGQxODg5ODIyNjQzNzNhNWYwZDQxNWVhMGQyNmUwIiwiaXNzIjoidXJuOmFwcDo3ZTBkMTg4OTgyMjY0MzczYTVmMGQ0MTVlYTBkMjZlMCIsIm9iaiI6W1t7ImhlaWdodCI6Ijw9MTEyNCIsInBhdGgiOiIvZi83MTAyMTU2My1iYTA1LTQxZjItYmNjNC0xNjllMGJiYWNhZWUvZGk3eGFzai0yOTUyN2EwNi0yZDllLTQ2YWQtYmY0YS03MTVkNGU5MWJlNWYucG5nIiwid2lkdGgiOiI8PTE5MjAifV1dLCJhdWQiOlsidXJuOnNlcnZpY2U6aW1hZ2Uub3BlcmF0aW9ucyJdfQ.Y1VcU2aNpkeUD_nrERnM6cwaQ-W5p7P3-F_p_KnyfWM"
"2024-09-22T16:53:55-0700","Clown","https://images-wixmp-ed30a86b8c4ca887773594c2.wixmp.com/f/71021563-ba05-41f2-bcc4-169e0bbacaee/di7zbm5-77b99135-54d5-4968-84a0-49ef30d924b9.png/v1/fill/w_1280,h_444,q_80,strp/clown_by_jaxaaronson_di7zbm5-fullview.jpg?token=eyJ0eXAiOiJKV1QiLCJhbGciOiJIUzI1NiJ9.eyJzdWIiOiJ1cm46YXBwOjdlMGQxODg5ODIyNjQzNzNhNWYwZDQxNWVhMGQyNmUwIiwiaXNzIjoidXJuOmFwcDo3ZTBkMTg4OTgyMjY0MzczYTVmMGQ0MTVlYTBkMjZlMCIsIm9iaiI6W1t7ImhlaWdodCI6Ijw9NDQ0IiwicGF0aCI6Ii9mLzcxMDIxNTYzLWJhMDUtNDFmMi1iY2M0LTE2OWUwYmJhY2FlZS9kaTd6Ym01LTc3Yjk5MTM1LTU0ZDUtNDk2OC04NGEwLTQ5ZWYzMGQ5MjRiOS5wbmciLCJ3aWR0aCI6Ijw9MTI4MCJ9XV0sImF1ZCI6WyJ1cm46c2VydmljZTppbWFnZS5vcGVyYXRpb25zIl19.ZV5jkklhu-Bkmy73Rh9YhMKPbF8lJNzMZ96ifB7S0Nk"
"2024-09-23T15:42:29-0700","Darts","https://images-wixmp-ed30a86b8c4ca887773594c2.wixmp.com/f/71021563-ba05-41f2-bcc4-169e0bbacaee/di86sn1-303dda4a-7f77-47db-936d-0fd48bd910d1.png/v1/fill/w_1280,h_788,q_80,strp/darts_by_jaxaaronson_di86sn1-fullview.jpg?token=eyJ0eXAiOiJKV1QiLCJhbGciOiJIUzI1NiJ9.eyJzdWIiOiJ1cm46YXBwOjdlMGQxODg5ODIyNjQzNzNhNWYwZDQxNWVhMGQyNmUwIiwiaXNzIjoidXJuOmFwcDo3ZTBkMTg4OTgyMjY0MzczYTVmMGQ0MTVlYTBkMjZlMCIsIm9iaiI6W1t7ImhlaWdodCI6Ijw9Nzg4IiwicGF0aCI6Ii9mLzcxMDIxNTYzLWJhMDUtNDFmMi1iY2M0LTE2OWUwYmJhY2FlZS9kaTg2c24xLTMwM2RkYTRhLTdmNzctNDdkYi05MzZkLTBmZDQ4YmQ5MTBkMS5wbmciLCJ3aWR0aCI6Ijw9MTI4MCJ9XV0sImF1ZCI6WyJ1cm46c2VydmljZTppbWFnZS5vcGVyYXRpb25zIl19.RpYHvhzeumLFUV1Ory3sFRLar2MTeLidZvlWuTW-o5E"
"2024-09-23T17:45:53-0700","Sailboat","https://images-wixmp-ed30a86b8c4ca887773594c2.wixmp.com/f/71021563-ba05-41f2-bcc4-169e0bbacaee/di87fwo-71334ddb-9167-487d-bddf-21bbaef99eee.png/v1/fill/w_1280,h_887,q_80,strp/sailboat_by_jaxaaronson_di87fwo-fullview.jpg?token=eyJ0eXAiOiJKV1QiLCJhbGciOiJIUzI1NiJ9.eyJzdWIiOiJ1cm46YXBwOjdlMGQxODg5ODIyNjQzNzNhNWYwZDQxNWVhMGQyNmUwIiwiaXNzIjoidXJuOmFwcDo3ZTBkMTg4OTgyMjY0MzczYTVmMGQ0MTVlYTBkMjZlMCIsIm9iaiI6W1t7ImhlaWdodCI6Ijw9ODg3IiwicGF0aCI6Ii9mLzcxMDIxNTYzLWJhMDUtNDFmMi1iY2M0LTE2OWUwYmJhY2FlZS9kaTg3ZndvLTcxMzM0ZGRiLTkxNjctNDg3ZC1iZGRmLTIxYmJhZWY5OWVlZS5wbmciLCJ3aWR0aCI6Ijw9MTI4MCJ9XV0sImF1ZCI6WyJ1cm46c2VydmljZTppbWFnZS5vcGVyYXRpb25zIl19.UNxDGigb9YbeyuDawA7eE928vWVjdQ_cp2ge4FjwiFQ"
"2024-09-23T19:58:51-0700","Salad","https://images-wixmp-ed30a86b8c4ca887773594c2.wixmp.com/f/71021563-ba05-41f2-bcc4-169e0bbacaee/di882qr-fd2be127-1420-4b71-bd89-4196443873e3.png/v1/fill/w_1280,h_1400,q_80,strp/salad_by_jaxaaronson_di882qr-fullview.jpg?token=eyJ0eXAiOiJKV1QiLCJhbGciOiJIUzI1NiJ9.eyJzdWIiOiJ1cm46YXBwOjdlMGQxODg5ODIyNjQzNzNhNWYwZDQxNWVhMGQyNmUwIiwiaXNzIjoidXJuOmFwcDo3ZTBkMTg4OTgyMjY0MzczYTVmMGQ0MTVlYTBkMjZlMCIsIm9iaiI6W1t7ImhlaWdodCI6Ijw9MTQwMCIsInBhdGgiOiIvZi83MTAyMTU2My1iYTA1LTQxZjItYmNjNC0xNjllMGJiYWNhZWUvZGk4ODJxci1mZDJiZTEyNy0xNDIwLTRiNzEtYmQ4OS00MTk2NDQzODczZTMucG5nIiwid2lkdGgiOiI8PTEyODAifV1dLCJhdWQiOlsidXJuOnNlcnZpY2U6aW1hZ2Uub3BlcmF0aW9ucyJdfQ.E7psAIVUaubH23YkYeA0ihd8Hogm986wBVnFP519-BA"
"2024-09-24T16:37:24-0700","Accordion","https://images-wixmp-ed30a86b8c4ca887773594c2.wixmp.com/f/71021563-ba05-41f2-bcc4-169e0bbacaee/di8exho-84d7efa3-5144-4ba0-9e2b-677b8bf698f0.png/v1/fill/w_1280,h_747,q_80,strp/accordion_by_jaxaaronson_di8exho-fullview.jpg?token=eyJ0eXAiOiJKV1QiLCJhbGciOiJIUzI1NiJ9.eyJzdWIiOiJ1cm46YXBwOjdlMGQxODg5ODIyNjQzNzNhNWYwZDQxNWVhMGQyNmUwIiwiaXNzIjoidXJuOmFwcDo3ZTBkMTg4OTgyMjY0MzczYTVmMGQ0MTVlYTBkMjZlMCIsIm9iaiI6W1t7ImhlaWdodCI6Ijw9NzQ3IiwicGF0aCI6Ii9mLzcxMDIxNTYzLWJhMDUtNDFmMi1iY2M0LTE2OWUwYmJhY2FlZS9kaThleGhvLTg0ZDdlZmEzLTUxNDQtNGJhMC05ZTJiLTY3N2I4YmY2OThmMC5wbmciLCJ3aWR0aCI6Ijw9MTI4MCJ9XV0sImF1ZCI6WyJ1cm46c2VydmljZTppbWFnZS5vcGVyYXRpb25zIl19.-rQrSYb7kHLLD8AacdmmRO6MoUyUMZWwQwLpOVGKmsY"
"2024-09-24T18:27:10-0700","Dandelion","https://images-wixmp-ed30a86b8c4ca887773594c2.wixmp.com/f/71021563-ba05-41f2-bcc4-169e0bbacaee/di8fgfn-8fa57cb7-4f32-4d46-83c4-368dd4d6d43d.png/v1/fill/w_1280,h_1014,q_80,strp/dandelion_by_jaxaaronson_di8fgfn-fullview.jpg?token=eyJ0eXAiOiJKV1QiLCJhbGciOiJIUzI1NiJ9.eyJzdWIiOiJ1cm46YXBwOjdlMGQxODg5ODIyNjQzNzNhNWYwZDQxNWVhMGQyNmUwIiwiaXNzIjoidXJuOmFwcDo3ZTBkMTg4OTgyMjY0MzczYTVmMGQ0MTVlYTBkMjZlMCIsIm9iaiI6W1t7ImhlaWdodCI6Ijw9MTAxNCIsInBhdGgiOiIvZi83MTAyMTU2My1iYTA1LTQxZjItYmNjNC0xNjllMGJiYWNhZWUvZGk4Zmdmbi04ZmE1N2NiNy00ZjMyLTRkNDYtODNjNC0zNjhkZDRkNmQ0M2QucG5nIiwid2lkdGgiOiI8PTEyODAifV1dLCJhdWQiOlsidXJuOnNlcnZpY2U6aW1hZ2Uub3BlcmF0aW9ucyJdfQ.KN5pJkXGTy3dstMWzQWQl8cfFKiUKwXR7Mbj7pogXio"
"2024-09-25T06:10:28-0700","Spice","https://images-wixmp-ed30a86b8c4ca887773594c2.wixmp.com/f/71021563-ba05-41f2-bcc4-169e0bbacaee/di8ifj9-c2d8d326-ccca-429d-9fe7-d7d8ed0f987c.png/v1/fill/w_1920,h_1190,q_80,strp/spice_by_jaxaaronson_di8ifj9-fullview.jpg?token=eyJ0eXAiOiJKV1QiLCJhbGciOiJIUzI1NiJ9.eyJzdWIiOiJ1cm46YXBwOjdlMGQxODg5ODIyNjQzNzNhNWYwZDQxNWVhMGQyNmUwIiwiaXNzIjoidXJuOmFwcDo3ZTBkMTg4OTgyMjY0MzczYTVmMGQ0MTVlYTBkMjZlMCIsIm9iaiI6W1t7ImhlaWdodCI6Ijw9MTE5MCIsInBhdGgiOiIvZi83MTAyMTU2My1iYTA1LTQxZjItYmNjNC0xNjllMGJiYWNhZWUvZGk4aWZqOS1jMmQ4ZDMyNi1jY2NhLTQyOWQtOWZlNy1kN2Q4ZWQwZjk4N2MucG5nIiwid2lkdGgiOiI8PTE5MjAifV1dLCJhdWQiOlsidXJuOnNlcnZpY2U6aW1hZ2Uub3BlcmF0aW9ucyJdfQ.zix__cLvFf3CBhjNZfnGBI0MloVYAE29bcHUx66ezJE"
"2024-09-26T22:46:26-0700","Paper Moon","https://images-wixmp-ed30a86b8c4ca887773594c2.wixmp.com/f/71021563-ba05-41f2-bcc4-169e0bbacaee/di8uzwd-776349ce-1712-448e-93b5-99ab991754c8.png/v1/fill/w_1280,h_710,q_80,strp/paper_moon_by_jaxaaronson_di8uzwd-fullview.jpg?token=eyJ0eXAiOiJKV1QiLCJhbGciOiJIUzI1NiJ9.eyJzdWIiOiJ1cm46YXBwOjdlMGQxODg5ODIyNjQzNzNhNWYwZDQxNWVhMGQyNmUwIiwiaXNzIjoidXJuOmFwcDo3ZTBkMTg4OTgyMjY0MzczYTVmMGQ0MTVlYTBkMjZlMCIsIm9iaiI6W1t7ImhlaWdodCI6Ijw9NzEwIiwicGF0aCI6Ii9mLzcxMDIxNTYzLWJhMDUtNDFmMi1iY2M0LTE2OWUwYmJhY2FlZS9kaTh1endkLTc3NjM0OWNlLTE3MTItNDQ4ZS05M2I1LTk5YWI5OTE3NTRjOC5wbmciLCJ3aWR0aCI6Ijw9MTI4MCJ9XV0sImF1ZCI6WyJ1cm46c2VydmljZTppbWFnZS5vcGVyYXRpb25zIl19.Jy-YOpc0hYaP6li1fqJDnv8o9JA5PC-oFmdUuFOhVP0"
"2024-09-27T10:10:06-0700","Citrus","https://images-wixmp-ed30a86b8c4ca887773594c2.wixmp.com/f/71021563-ba05-41f2-bcc4-169e0bbacaee/di8yg9p-84dc1640-d361-421a-b3b5-edf1ee8649e0.png/v1/fill/w_1280,h_800,q_80,strp/citrus_by_jaxaaronson_di8yg9p-fullview.jpg?token=eyJ0eXAiOiJKV1QiLCJhbGciOiJIUzI1NiJ9.eyJzdWIiOiJ1cm46YXBwOjdlMGQxODg5ODIyNjQzNzNhNWYwZDQxNWVhMGQyNmUwIiwiaXNzIjoidXJuOmFwcDo3ZTBkMTg4OTgyMjY0MzczYTVmMGQ0MTVlYTBkMjZlMCIsIm9iaiI6W1t7ImhlaWdodCI6Ijw9ODAwIiwicGF0aCI6Ii9mLzcxMDIxNTYzLWJhMDUtNDFmMi1iY2M0LTE2OWUwYmJhY2FlZS9kaTh5ZzlwLTg0ZGMxNjQwLWQzNjEtNDIxYS1iM2I1LWVkZjFlZTg2NDllMC5wbmciLCJ3aWR0aCI6Ijw9MTI4MCJ9XV0sImF1ZCI6WyJ1cm46c2VydmljZTppbWFnZS5vcGVyYXRpb25zIl19.OoWJaM4JQzedAOyqFPW8recYtUFyg6w9FSP8ZaZSrW4"
"2024-09-27T14:26:34-0700","Hike","https://images-wixmp-ed30a86b8c4ca887773594c2.wixmp.com/f/71021563-ba05-41f2-bcc4-169e0bbacaee/di9037q-314bb296-398c-4834-a1cd-c30568d12494.png/v1/fill/w_1920,h_665,q_80,strp/hike_by_jaxaaronson_di9037q-fullview.jpg?token=eyJ0eXAiOiJKV1QiLCJhbGciOiJIUzI1NiJ9.eyJzdWIiOiJ1cm46YXBwOjdlMGQxODg5ODIyNjQzNzNhNWYwZDQxNWVhMGQyNmUwIiwiaXNzIjoidXJuOmFwcDo3ZTBkMTg4OTgyMjY0MzczYTVmMGQ0MTVlYTBkMjZlMCIsIm9iaiI6W1t7ImhlaWdodCI6Ijw9NjY1IiwicGF0aCI6Ii9mLzcxMDIxNTYzLWJhMDUtNDFmMi1iY2M0LTE2OWUwYmJhY2FlZS9kaTkwMzdxLTMxNGJiMjk2LTM5OGMtNDgzNC1hMWNkLWMzMDU2OGQxMjQ5NC5wbmciLCJ3aWR0aCI6Ijw9MTkyMCJ9XV0sImF1ZCI6WyJ1cm46c2VydmljZTppbWFnZS5vcGVyYXRpb25zIl19.6qqRyax4v0mM6bBU-4msmhUTdb5h6zk3ajXmWKQJ6bw"
"2024-09-27T17:12:45-0700","Hula","https://images-wixmp-ed30a86b8c4ca887773594c2.wixmp.com/f/71021563-ba05-41f2-bcc4-169e0bbacaee/di91185-7a142b84-409e-41bc-8209-789147dc9dd0.png/v1/fill/w_1280,h_1014,q_80,strp/hula_by_jaxaaronson_di91185-fullview.jpg?token=eyJ0eXAiOiJKV1QiLCJhbGciOiJIUzI1NiJ9.eyJzdWIiOiJ1cm46YXBwOjdlMGQxODg5ODIyNjQzNzNhNWYwZDQxNWVhMGQyNmUwIiwiaXNzIjoidXJuOmFwcDo3ZTBkMTg4OTgyMjY0MzczYTVmMGQ0MTVlYTBkMjZlMCIsIm9iaiI6W1t7ImhlaWdodCI6Ijw9MTAxNCIsInBhdGgiOiIvZi83MTAyMTU2My1iYTA1LTQxZjItYmNjNC0xNjllMGJiYWNhZWUvZGk5MTE4NS03YTE0MmI4NC00MDllLTQxYmMtODIwOS03ODkxNDdkYzlkZDAucG5nIiwid2lkdGgiOiI8PTEyODAifV1dLCJhdWQiOlsidXJuOnNlcnZpY2U6aW1hZ2Uub3BlcmF0aW9ucyJdfQ.J6vzB6bkN397WlcEFtvxdUmjk-x3lrFDa2DyAARocKE"
"2024-09-27T19:13:51-0700","London","https://images-wixmp-ed30a86b8c4ca887773594c2.wixmp.com/f/71021563-ba05-41f2-bcc4-169e0bbacaee/di91mt5-f9a5335b-8ccd-46b1-9a30-35da02fce3be.png/v1/fill/w_1280,h_996,q_80,strp/london_by_jaxaaronson_di91mt5-fullview.jpg?token=eyJ0eXAiOiJKV1QiLCJhbGciOiJIUzI1NiJ9.eyJzdWIiOiJ1cm46YXBwOjdlMGQxODg5ODIyNjQzNzNhNWYwZDQxNWVhMGQyNmUwIiwiaXNzIjoidXJuOmFwcDo3ZTBkMTg4OTgyMjY0MzczYTVmMGQ0MTVlYTBkMjZlMCIsIm9iaiI6W1t7ImhlaWdodCI6Ijw9OTk2IiwicGF0aCI6Ii9mLzcxMDIxNTYzLWJhMDUtNDFmMi1iY2M0LTE2OWUwYmJhY2FlZS9kaTkxbXQ1LWY5YTUzMzViLThjY2QtNDZiMS05YTMwLTM1ZGEwMmZjZTNiZS5wbmciLCJ3aWR0aCI6Ijw9MTI4MCJ9XV0sImF1ZCI6WyJ1cm46c2VydmljZTppbWFnZS5vcGVyYXRpb25zIl19.__HCiiLnQDBm2iEA4NJpCI0-vmt4wA0kwn_meB1xusk"
"2024-09-28T09:40:46-0700","Denim","https://images-wixmp-ed30a86b8c4ca887773594c2.wixmp.com/f/71021563-ba05-41f2-bcc4-169e0bbacaee/di95y5g-efb03f3e-384c-4761-bd76-3a4170edef54.png/v1/fill/w_1280,h_887,q_80,strp/denim_by_jaxaaronson_di95y5g-fullview.jpg?token=eyJ0eXAiOiJKV1QiLCJhbGciOiJIUzI1NiJ9.eyJzdWIiOiJ1cm46YXBwOjdlMGQxODg5ODIyNjQzNzNhNWYwZDQxNWVhMGQyNmUwIiwiaXNzIjoidXJuOmFwcDo3ZTBkMTg4OTgyMjY0MzczYTVmMGQ0MTVlYTBkMjZlMCIsIm9iaiI6W1t7ImhlaWdodCI6Ijw9ODg3IiwicGF0aCI6Ii9mLzcxMDIxNTYzLWJhMDUtNDFmMi1iY2M0LTE2OWUwYmJhY2FlZS9kaTk1eTVnLWVmYjAzZjNlLTM4NGMtNDc2MS1iZDc2LTNhNDE3MGVkZWY1NC5wbmciLCJ3aWR0aCI6Ijw9MTI4MCJ9XV0sImF1ZCI6WyJ1cm46c2VydmljZTppbWFnZS5vcGVyYXRpb25zIl19.2EgLdrIFEBRaNJYgckXc8IyFeiVU5jCRe9h9Ap8nnL8"
"2024-09-28T13:36:12-0700","Butcher","https://images-wixmp-ed30a86b8c4ca887773594c2.wixmp.com/f/71021563-ba05-41f2-bcc4-169e0bbacaee/di97eta-a90cd051-35da-4a7b-ac46-41af96e9fc67.png/v1/fill/w_1280,h_925,q_80,strp/butcher_by_jaxaaronson_di97eta-fullview.jpg?token=eyJ0eXAiOiJKV1QiLCJhbGciOiJIUzI1NiJ9.eyJzdWIiOiJ1cm46YXBwOjdlMGQxODg5ODIyNjQzNzNhNWYwZDQxNWVhMGQyNmUwIiwiaXNzIjoidXJuOmFwcDo3ZTBkMTg4OTgyMjY0MzczYTVmMGQ0MTVlYTBkMjZlMCIsIm9iaiI6W1t7ImhlaWdodCI6Ijw9OTI1IiwicGF0aCI6Ii9mLzcxMDIxNTYzLWJhMDUtNDFmMi1iY2M0LTE2OWUwYmJhY2FlZS9kaTk3ZXRhLWE5MGNkMDUxLTM1ZGEtNGE3Yi1hYzQ2LTQxYWY5NmU5ZmM2Ny5wbmciLCJ3aWR0aCI6Ijw9MTI4MCJ9XV0sImF1ZCI6WyJ1cm46c2VydmljZTppbWFnZS5vcGVyYXRpb25zIl19.IS3K47MTb114fZ03DGuAR_axiF9F7CX99pWWZ-4nF74"
"2024-09-29T11:22:07-0700","Lace","https://images-wixmp-ed30a86b8c4ca887773594c2.wixmp.com/f/71021563-ba05-41f2-bcc4-169e0bbacaee/di9elxy-af4bc5c4-b804-4c0a-a9bb-b1493f00ff67.png/v1/fill/w_1280,h_887,q_80,strp/lace_by_jaxaaronson_di9elxy-fullview.jpg?token=eyJ0eXAiOiJKV1QiLCJhbGciOiJIUzI1NiJ9.eyJzdWIiOiJ1cm46YXBwOjdlMGQxODg5ODIyNjQzNzNhNWYwZDQxNWVhMGQyNmUwIiwiaXNzIjoidXJuOmFwcDo3ZTBkMTg4OTgyMjY0MzczYTVmMGQ0MTVlYTBkMjZlMCIsIm9iaiI6W1t7ImhlaWdodCI6Ijw9ODg3IiwicGF0aCI6Ii9mLzcxMDIxNTYzLWJhMDUtNDFmMi1iY2M0LTE2OWUwYmJhY2FlZS9kaTllbHh5LWFmNGJjNWM0LWI4MDQtNGMwYS1hOWJiLWIxNDkzZjAwZmY2Ny5wbmciLCJ3aWR0aCI6Ijw9MTI4MCJ9XV0sImF1ZCI6WyJ1cm46c2VydmljZTppbWFnZS5vcGVyYXRpb25zIl19.SLKSg2hWJOlbLlYrlDqX2MQQ0ZV3_VK-GTL5lkiYWA8"
"2024-09-29T19:50:08-0700","Stone","https://images-wixmp-ed30a86b8c4ca887773594c2.wixmp.com/f/71021563-ba05-41f2-bcc4-169e0bbacaee/di9i1zi-25255386-2aae-460d-8284-09b629dc7cf6.png/v1/fill/w_1280,h_747,q_80,strp/stone_by_jaxaaronson_di9i1zi-fullview.jpg?token=eyJ0eXAiOiJKV1QiLCJhbGciOiJIUzI1NiJ9.eyJzdWIiOiJ1cm46YXBwOjdlMGQxODg5ODIyNjQzNzNhNWYwZDQxNWVhMGQyNmUwIiwiaXNzIjoidXJuOmFwcDo3ZTBkMTg4OTgyMjY0MzczYTVmMGQ0MTVlYTBkMjZlMCIsIm9iaiI6W1t7ImhlaWdodCI6Ijw9NzQ3IiwicGF0aCI6Ii9mLzcxMDIxNTYzLWJhMDUtNDFmMi1iY2M0LTE2OWUwYmJhY2FlZS9kaTlpMXppLTI1MjU1Mzg2LTJhYWUtNDYwZC04Mjg0LTA5YjYyOWRjN2NmNi5wbmciLCJ3aWR0aCI6Ijw9MTI4MCJ9XV0sImF1ZCI6WyJ1cm46c2VydmljZTppbWFnZS5vcGVyYXRpb25zIl19.SY1Fxcn7UizQVW6uAVBtYg4LwMThBLwLJDfoqaYSjuU"
"2024-09-30T03:11:27-0700","Fountain","https://images-wixmp-ed30a86b8c4ca887773594c2.wixmp.com/f/71021563-ba05-41f2-bcc4-169e0bbacaee/di9k6ip-4202eb9a-57b1-4073-b39e-2d57e601df3d.png/v1/fill/w_1280,h_1014,q_80,strp/fountain_by_jaxaaronson_di9k6ip-fullview.jpg?token=eyJ0eXAiOiJKV1QiLCJhbGciOiJIUzI1NiJ9.eyJzdWIiOiJ1cm46YXBwOjdlMGQxODg5ODIyNjQzNzNhNWYwZDQxNWVhMGQyNmUwIiwiaXNzIjoidXJuOmFwcDo3ZTBkMTg4OTgyMjY0MzczYTVmMGQ0MTVlYTBkMjZlMCIsIm9iaiI6W1t7ImhlaWdodCI6Ijw9MTAxNCIsInBhdGgiOiIvZi83MTAyMTU2My1iYTA1LTQxZjItYmNjNC0xNjllMGJiYWNhZWUvZGk5azZpcC00MjAyZWI5YS01N2IxLTQwNzMtYjM5ZS0yZDU3ZTYwMWRmM2QucG5nIiwid2lkdGgiOiI8PTEyODAifV1dLCJhdWQiOlsidXJuOnNlcnZpY2U6aW1hZ2Uub3BlcmF0aW9ucyJdfQ.kG1mFf3EL0fwBhlDGT-gJudsa-Ak62ZtVMSNdlcig1g"
"2024-09-30T14:40:22-0700","Prison Yard","https://images-wixmp-ed30a86b8c4ca887773594c2.wixmp.com/f/71021563-ba05-41f2-bcc4-169e0bbacaee/di9oxb8-d0c13b57-1447-4e53-a57b-fc495e443118.png/v1/fill/w_1280,h_960,q_80,strp/prison_yard_by_jaxaaronson_di9oxb8-fullview.jpg?token=eyJ0eXAiOiJKV1QiLCJhbGciOiJIUzI1NiJ9.eyJzdWIiOiJ1cm46YXBwOjdlMGQxODg5ODIyNjQzNzNhNWYwZDQxNWVhMGQyNmUwIiwiaXNzIjoidXJuOmFwcDo3ZTBkMTg4OTgyMjY0MzczYTVmMGQ0MTVlYTBkMjZlMCIsIm9iaiI6W1t7ImhlaWdodCI6Ijw9OTYwIiwicGF0aCI6Ii9mLzcxMDIxNTYzLWJhMDUtNDFmMi1iY2M0LTE2OWUwYmJhY2FlZS9kaTlveGI4LWQwYzEzYjU3LTE0NDctNGU1My1hNTdiLWZjNDk1ZTQ0MzExOC5wbmciLCJ3aWR0aCI6Ijw9MTI4MCJ9XV0sImF1ZCI6WyJ1cm46c2VydmljZTppbWFnZS5vcGVyYXRpb25zIl19.xsP9gLAyDEDFFcWrGhsJJfKWzxC4I85hyvTf6JasPpU"
"2024-09-30T20:18:44-0700","Saloon","https://images-wixmp-ed30a86b8c4ca887773594c2.wixmp.com/f/71021563-ba05-41f2-bcc4-169e0bbacaee/di9r3lw-9b4b3123-5879-4e36-8f21-781a60c1c3c6.png/v1/fill/w_1920,h_1067,q_80,strp/saloon_by_jaxaaronson_di9r3lw-fullview.jpg?token=eyJ0eXAiOiJKV1QiLCJhbGciOiJIUzI1NiJ9.eyJzdWIiOiJ1cm46YXBwOjdlMGQxODg5ODIyNjQzNzNhNWYwZDQxNWVhMGQyNmUwIiwiaXNzIjoidXJuOmFwcDo3ZTBkMTg4OTgyMjY0MzczYTVmMGQ0MTVlYTBkMjZlMCIsIm9iaiI6W1t7ImhlaWdodCI6Ijw9MTA2NyIsInBhdGgiOiIvZi83MTAyMTU2My1iYTA1LTQxZjItYmNjNC0xNjllMGJiYWNhZWUvZGk5cjNsdy05YjRiMzEyMy01ODc5LTRlMzYtOGYyMS03ODFhNjBjMWMzYzYucG5nIiwid2lkdGgiOiI8PTE5MjAifV1dLCJhdWQiOlsidXJuOnNlcnZpY2U6aW1hZ2Uub3BlcmF0aW9ucyJdfQ.MuanOhZkhu6rw32ErdILh0-spErNyJDZbo5Wxm5H4d4"
"2024-10-01T09:41:31-0700","Petals","https://images-wixmp-ed30a86b8c4ca887773594c2.wixmp.com/f/71021563-ba05-41f2-bcc4-169e0bbacaee/di9vrd5-32f5a6dd-f7d7-42ce-bdc2-37f06768d5bd.png/v1/fill/w_1280,h_936,q_80,strp/petals_by_jaxaaronson_di9vrd5-fullview.jpg?token=eyJ0eXAiOiJKV1QiLCJhbGciOiJIUzI1NiJ9.eyJzdWIiOiJ1cm46YXBwOjdlMGQxODg5ODIyNjQzNzNhNWYwZDQxNWVhMGQyNmUwIiwiaXNzIjoidXJuOmFwcDo3ZTBkMTg4OTgyMjY0MzczYTVmMGQ0MTVlYTBkMjZlMCIsIm9iaiI6W1t7ImhlaWdodCI6Ijw9OTM2IiwicGF0aCI6Ii9mLzcxMDIxNTYzLWJhMDUtNDFmMi1iY2M0LTE2OWUwYmJhY2FlZS9kaTl2cmQ1LTMyZjVhNmRkLWY3ZDctNDJjZS1iZGMyLTM3ZjA2NzY4ZDViZC5wbmciLCJ3aWR0aCI6Ijw9MTI4MCJ9XV0sImF1ZCI6WyJ1cm46c2VydmljZTppbWFnZS5vcGVyYXRpb25zIl19.kvNQ78fdRfXjdTXlOozLTbdzEpazOBVFARXWcuq75fM"
"2024-10-03T15:46:42-0700","Security","https://images-wixmp-ed30a86b8c4ca887773594c2.wixmp.com/f/71021563-ba05-41f2-bcc4-169e0bbacaee/diag436-33c8f4bf-ca4a-4873-ae9d-e4798ab8f611.png/v1/fill/w_1280,h_887,q_80,strp/security_by_jaxaaronson_diag436-fullview.jpg?token=eyJ0eXAiOiJKV1QiLCJhbGciOiJIUzI1NiJ9.eyJzdWIiOiJ1cm46YXBwOjdlMGQxODg5ODIyNjQzNzNhNWYwZDQxNWVhMGQyNmUwIiwiaXNzIjoidXJuOmFwcDo3ZTBkMTg4OTgyMjY0MzczYTVmMGQ0MTVlYTBkMjZlMCIsIm9iaiI6W1t7ImhlaWdodCI6Ijw9ODg3IiwicGF0aCI6Ii9mLzcxMDIxNTYzLWJhMDUtNDFmMi1iY2M0LTE2OWUwYmJhY2FlZS9kaWFnNDM2LTMzYzhmNGJmLWNhNGEtNDg3My1hZTlkLWU0Nzk4YWI4ZjYxMS5wbmciLCJ3aWR0aCI6Ijw9MTI4MCJ9XV0sImF1ZCI6WyJ1cm46c2VydmljZTppbWFnZS5vcGVyYXRpb25zIl19.azbkcND5c8EDaTFJ6sgfEdzargPoRcEtBeIQlzlsmNE"
"2024-10-03T21:23:30-0700","Monger","https://images-wixmp-ed30a86b8c4ca887773594c2.wixmp.com/f/71021563-ba05-41f2-bcc4-169e0bbacaee/diai0qm-434dae87-1a2f-487a-bb25-dafd2824b554.png/v1/fill/w_1280,h_840,q_80,strp/monger_by_jaxaaronson_diai0qm-fullview.jpg?token=eyJ0eXAiOiJKV1QiLCJhbGciOiJIUzI1NiJ9.eyJzdWIiOiJ1cm46YXBwOjdlMGQxODg5ODIyNjQzNzNhNWYwZDQxNWVhMGQyNmUwIiwiaXNzIjoidXJuOmFwcDo3ZTBkMTg4OTgyMjY0MzczYTVmMGQ0MTVlYTBkMjZlMCIsIm9iaiI6W1t7ImhlaWdodCI6Ijw9ODQwIiwicGF0aCI6Ii9mLzcxMDIxNTYzLWJhMDUtNDFmMi1iY2M0LTE2OWUwYmJhY2FlZS9kaWFpMHFtLTQzNGRhZTg3LTFhMmYtNDg3YS1iYjI1LWRhZmQyODI0YjU1NC5wbmciLCJ3aWR0aCI6Ijw9MTI4MCJ9XV0sImF1ZCI6WyJ1cm46c2VydmljZTppbWFnZS5vcGVyYXRpb25zIl19.2cGkk4sw3xhco6tStq9UwRBMmQnSegHS36_xe06sJyg"
"2024-10-04T09:38:38-0700","Powder","https://images-wixmp-ed30a86b8c4ca887773594c2.wixmp.com/f/71021563-ba05-41f2-bcc4-169e0bbacaee/diam0px-8e5d2a56-605e-4254-aeab-ef93ac29b09b.png/v1/fill/w_1280,h_1494,q_80,strp/powder_by_jaxaaronson_diam0px-fullview.jpg?token=eyJ0eXAiOiJKV1QiLCJhbGciOiJIUzI1NiJ9.eyJzdWIiOiJ1cm46YXBwOjdlMGQxODg5ODIyNjQzNzNhNWYwZDQxNWVhMGQyNmUwIiwiaXNzIjoidXJuOmFwcDo3ZTBkMTg4OTgyMjY0MzczYTVmMGQ0MTVlYTBkMjZlMCIsIm9iaiI6W1t7ImhlaWdodCI6Ijw9MTQ5NCIsInBhdGgiOiIvZi83MTAyMTU2My1iYTA1LTQxZjItYmNjNC0xNjllMGJiYWNhZWUvZGlhbTBweC04ZTVkMmE1Ni02MDVlLTQyNTQtYWVhYi1lZjkzYWMyOWIwOWIucG5nIiwid2lkdGgiOiI8PTEyODAifV1dLCJhdWQiOlsidXJuOnNlcnZpY2U6aW1hZ2Uub3BlcmF0aW9ucyJdfQ.AqpdIg0I39twNHH8TQLm4ujc_eNWFOl3lwmCVgrj3Nw"
"2024-10-04T17:30:57-0700","Camo","https://images-wixmp-ed30a86b8c4ca887773594c2.wixmp.com/f/71021563-ba05-41f2-bcc4-169e0bbacaee/diap2hx-a84a28f5-9788-4ff0-9d37-dabce0b28d4a.png/v1/fill/w_1280,h_681,q_80,strp/camo_by_jaxaaronson_diap2hx-fullview.jpg?token=eyJ0eXAiOiJKV1QiLCJhbGciOiJIUzI1NiJ9.eyJzdWIiOiJ1cm46YXBwOjdlMGQxODg5ODIyNjQzNzNhNWYwZDQxNWVhMGQyNmUwIiwiaXNzIjoidXJuOmFwcDo3ZTBkMTg4OTgyMjY0MzczYTVmMGQ0MTVlYTBkMjZlMCIsIm9iaiI6W1t7ImhlaWdodCI6Ijw9NjgxIiwicGF0aCI6Ii9mLzcxMDIxNTYzLWJhMDUtNDFmMi1iY2M0LTE2OWUwYmJhY2FlZS9kaWFwMmh4LWE4NGEyOGY1LTk3ODgtNGZmMC05ZDM3LWRhYmNlMGIyOGQ0YS5wbmciLCJ3aWR0aCI6Ijw9MTI4MCJ9XV0sImF1ZCI6WyJ1cm46c2VydmljZTppbWFnZS5vcGVyYXRpb25zIl19.U3eNSrkayxiJwQdUId5DB8tkAc83x1LA-BXQlD6Q9Rg"
"2024-10-04T20:36:01-0700","Chessboard","https://images-wixmp-ed30a86b8c4ca887773594c2.wixmp.com/f/71021563-ba05-41f2-bcc4-169e0bbacaee/diaq2qd-e165c0fe-98be-482d-ab1b-9b2563fd4e1c.png/v1/fill/w_1280,h_702,q_80,strp/chessboard_by_jaxaaronson_diaq2qd-fullview.jpg?token=eyJ0eXAiOiJKV1QiLCJhbGciOiJIUzI1NiJ9.eyJzdWIiOiJ1cm46YXBwOjdlMGQxODg5ODIyNjQzNzNhNWYwZDQxNWVhMGQyNmUwIiwiaXNzIjoidXJuOmFwcDo3ZTBkMTg4OTgyMjY0MzczYTVmMGQ0MTVlYTBkMjZlMCIsIm9iaiI6W1t7ImhlaWdodCI6Ijw9NzAyIiwicGF0aCI6Ii9mLzcxMDIxNTYzLWJhMDUtNDFmMi1iY2M0LTE2OWUwYmJhY2FlZS9kaWFxMnFkLWUxNjVjMGZlLTk4YmUtNDgyZC1hYjFiLTliMjU2M2ZkNGUxYy5wbmciLCJ3aWR0aCI6Ijw9MTI4MCJ9XV0sImF1ZCI6WyJ1cm46c2VydmljZTppbWFnZS5vcGVyYXRpb25zIl19.fIEYymXXEwSjVBm5sui-kZIrwi7xrAqLK7gyLHMhAw4"
"2024-10-05T09:50:20-0700","Toon Life","https://images-wixmp-ed30a86b8c4ca887773594c2.wixmp.com/f/71021563-ba05-41f2-bcc4-169e0bbacaee/diaupqf-a400fbb4-b56e-4130-acf8-ce333833a8fa.png/v1/fill/w_1920,h_1022,q_80,strp/toon_life_by_jaxaaronson_diaupqf-fullview.jpg?token=eyJ0eXAiOiJKV1QiLCJhbGciOiJIUzI1NiJ9.eyJzdWIiOiJ1cm46YXBwOjdlMGQxODg5ODIyNjQzNzNhNWYwZDQxNWVhMGQyNmUwIiwiaXNzIjoidXJuOmFwcDo3ZTBkMTg4OTgyMjY0MzczYTVmMGQ0MTVlYTBkMjZlMCIsIm9iaiI6W1t7ImhlaWdodCI6Ijw9MTAyMiIsInBhdGgiOiIvZi83MTAyMTU2My1iYTA1LTQxZjItYmNjNC0xNjllMGJiYWNhZWUvZGlhdXBxZi1hNDAwZmJiNC1iNTZlLTQxMzAtYWNmOC1jZTMzMzgzM2E4ZmEucG5nIiwid2lkdGgiOiI8PTE5MjAifV1dLCJhdWQiOlsidXJuOnNlcnZpY2U6aW1hZ2Uub3BlcmF0aW9ucyJdfQ.EPOnj8-ogN9ynzqXYFs0pgKWFtEabXoKzt-8j7l__bA"
"2024-10-06T10:10:43-0700","Dojo","https://images-wixmp-ed30a86b8c4ca887773594c2.wixmp.com/f/71021563-ba05-41f2-bcc4-169e0bbacaee/dib3zmv-756d2de0-80ff-4a03-8dcc-e0d220eb19ae.png/v1/fill/w_1280,h_1014,q_80,strp/dojo_by_jaxaaronson_dib3zmv-fullview.jpg?token=eyJ0eXAiOiJKV1QiLCJhbGciOiJIUzI1NiJ9.eyJzdWIiOiJ1cm46YXBwOjdlMGQxODg5ODIyNjQzNzNhNWYwZDQxNWVhMGQyNmUwIiwiaXNzIjoidXJuOmFwcDo3ZTBkMTg4OTgyMjY0MzczYTVmMGQ0MTVlYTBkMjZlMCIsIm9iaiI6W1t7ImhlaWdodCI6Ijw9MTAxNCIsInBhdGgiOiIvZi83MTAyMTU2My1iYTA1LTQxZjItYmNjNC0xNjllMGJiYWNhZWUvZGliM3ptdi03NTZkMmRlMC04MGZmLTRhMDMtOGRjYy1lMGQyMjBlYjE5YWUucG5nIiwid2lkdGgiOiI8PTEyODAifV1dLCJhdWQiOlsidXJuOnNlcnZpY2U6aW1hZ2Uub3BlcmF0aW9ucyJdfQ.JU4sdvEITXtqfb_Ylq47SWhXr0T0RQHvNPT_weR6xEM"
"2024-10-06T14:52:32-0700","Dora","https://images-wixmp-ed30a86b8c4ca887773594c2.wixmp.com/f/71021563-ba05-41f2-bcc4-169e0bbacaee/dib65um-05d9a227-38fe-4bd9-b1f6-e3388e2c1ec8.png/v1/fill/w_1280,h_1330,q_80,strp/dora_by_jaxaaronson_dib65um-fullview.jpg?token=eyJ0eXAiOiJKV1QiLCJhbGciOiJIUzI1NiJ9.eyJzdWIiOiJ1cm46YXBwOjdlMGQxODg5ODIyNjQzNzNhNWYwZDQxNWVhMGQyNmUwIiwiaXNzIjoidXJuOmFwcDo3ZTBkMTg4OTgyMjY0MzczYTVmMGQ0MTVlYTBkMjZlMCIsIm9iaiI6W1t7ImhlaWdodCI6Ijw9MTMzMCIsInBhdGgiOiIvZi83MTAyMTU2My1iYTA1LTQxZjItYmNjNC0xNjllMGJiYWNhZWUvZGliNjV1bS0wNWQ5YTIyNy0zOGZlLTRiZDktYjFmNi1lMzM4OGUyYzFlYzgucG5nIiwid2lkdGgiOiI8PTEyODAifV1dLCJhdWQiOlsidXJuOnNlcnZpY2U6aW1hZ2Uub3BlcmF0aW9ucyJdfQ.I771p-d3SPH0jB-E0_wjZplxLDHloa0ojM9XyLBRGKI"
"2024-10-06T19:11:26-0700","Boardwalk","https://images-wixmp-ed30a86b8c4ca887773594c2.wixmp.com/f/71021563-ba05-41f2-bcc4-169e0bbacaee/dib7rw4-2a302776-c56f-407f-8a7d-b5100a3f395c.png/v1/fill/w_1280,h_1014,q_80,strp/boardwalk_by_jaxaaronson_dib7rw4-fullview.jpg?token=eyJ0eXAiOiJKV1QiLCJhbGciOiJIUzI1NiJ9.eyJzdWIiOiJ1cm46YXBwOjdlMGQxODg5ODIyNjQzNzNhNWYwZDQxNWVhMGQyNmUwIiwiaXNzIjoidXJuOmFwcDo3ZTBkMTg4OTgyMjY0MzczYTVmMGQ0MTVlYTBkMjZlMCIsIm9iaiI6W1t7ImhlaWdodCI6Ijw9MTAxNCIsInBhdGgiOiIvZi83MTAyMTU2My1iYTA1LTQxZjItYmNjNC0xNjllMGJiYWNhZWUvZGliN3J3NC0yYTMwMjc3Ni1jNTZmLTQwN2YtOGE3ZC1iNTEwMGEzZjM5NWMucG5nIiwid2lkdGgiOiI8PTEyODAifV1dLCJhdWQiOlsidXJuOnNlcnZpY2U6aW1hZ2Uub3BlcmF0aW9ucyJdfQ.V0Ka1xtkPoErrmPVIL-RcEp3iGe_CPWoDCYY5E1fV5o"
"2024-10-06T19:40:01-0700","Witch","https://images-wixmp-ed30a86b8c4ca887773594c2.wixmp.com/f/71021563-ba05-41f2-bcc4-169e0bbacaee/dib7yv1-79c7004a-9af9-4f5c-88d0-d91f7da7a58a.png/v1/fill/w_1280,h_591,q_80,strp/witch_by_jaxaaronson_dib7yv1-fullview.jpg?token=eyJ0eXAiOiJKV1QiLCJhbGciOiJIUzI1NiJ9.eyJzdWIiOiJ1cm46YXBwOjdlMGQxODg5ODIyNjQzNzNhNWYwZDQxNWVhMGQyNmUwIiwiaXNzIjoidXJuOmFwcDo3ZTBkMTg4OTgyMjY0MzczYTVmMGQ0MTVlYTBkMjZlMCIsIm9iaiI6W1t7ImhlaWdodCI6Ijw9NTkxIiwicGF0aCI6Ii9mLzcxMDIxNTYzLWJhMDUtNDFmMi1iY2M0LTE2OWUwYmJhY2FlZS9kaWI3eXYxLTc5YzcwMDRhLTlhZjktNGY1Yy04OGQwLWQ5MWY3ZGE3YTU4YS5wbmciLCJ3aWR0aCI6Ijw9MTI4MCJ9XV0sImF1ZCI6WyJ1cm46c2VydmljZTppbWFnZS5vcGVyYXRpb25zIl19.9Vgwismb_x-RZ0_-NOZpnmnyMLu4zVFZvBQPL1-lOA4"
"2024-10-06T22:19:47-0700","Guac","https://images-wixmp-ed30a86b8c4ca887773594c2.wixmp.com/f/71021563-ba05-41f2-bcc4-169e0bbacaee/dib8tvj-d6572434-152d-4eaf-99dd-09bc5ff1304f.png/v1/fill/w_1920,h_1008,q_80,strp/guac_by_jaxaaronson_dib8tvj-fullview.jpg?token=eyJ0eXAiOiJKV1QiLCJhbGciOiJIUzI1NiJ9.eyJzdWIiOiJ1cm46YXBwOjdlMGQxODg5ODIyNjQzNzNhNWYwZDQxNWVhMGQyNmUwIiwiaXNzIjoidXJuOmFwcDo3ZTBkMTg4OTgyMjY0MzczYTVmMGQ0MTVlYTBkMjZlMCIsIm9iaiI6W1t7ImhlaWdodCI6Ijw9MTAwOCIsInBhdGgiOiIvZi83MTAyMTU2My1iYTA1LTQxZjItYmNjNC0xNjllMGJiYWNhZWUvZGliOHR2ai1kNjU3MjQzNC0xNTJkLTRlYWYtOTlkZC0wOWJjNWZmMTMwNGYucG5nIiwid2lkdGgiOiI8PTE5MjAifV1dLCJhdWQiOlsidXJuOnNlcnZpY2U6aW1hZ2Uub3BlcmF0aW9ucyJdfQ.8VoJ0Qo1SYqDg-mjpagctnWGnMNy_EEEbGYHWmkLvm8"
"2024-10-08T12:35:17-0700","Corporate Candidate","https://images-wixmp-ed30a86b8c4ca887773594c2.wixmp.com/f/71021563-ba05-41f2-bcc4-169e0bbacaee/dibm3xj-7fe8ecda-950b-4c7b-ac0d-2409516cf709.png/v1/fill/w_1280,h_887,q_80,strp/corporate_candidate_by_jaxaaronson_dibm3xj-fullview.jpg?token=eyJ0eXAiOiJKV1QiLCJhbGciOiJIUzI1NiJ9.eyJzdWIiOiJ1cm46YXBwOjdlMGQxODg5ODIyNjQzNzNhNWYwZDQxNWVhMGQyNmUwIiwiaXNzIjoidXJuOmFwcDo3ZTBkMTg4OTgyMjY0MzczYTVmMGQ0MTVlYTBkMjZlMCIsIm9iaiI6W1t7ImhlaWdodCI6Ijw9ODg3IiwicGF0aCI6Ii9mLzcxMDIxNTYzLWJhMDUtNDFmMi1iY2M0LTE2OWUwYmJhY2FlZS9kaWJtM3hqLTdmZThlY2RhLTk1MGItNGM3Yi1hYzBkLTI0MDk1MTZjZjcwOS5wbmciLCJ3aWR0aCI6Ijw9MTI4MCJ9XV0sImF1ZCI6WyJ1cm46c2VydmljZTppbWFnZS5vcGVyYXRpb25zIl19.oluBfoTavT1LqD1PEfnM6m20uV863TuTQ25geOcW-X0"
"2024-10-08T13:46:24-0700","Planetarium","https://images-wixmp-ed30a86b8c4ca887773594c2.wixmp.com/f/71021563-ba05-41f2-bcc4-169e0bbacaee/dibml65-b2b804b9-66cd-4fa5-9ce6-ff0c9c65cb6e.png/v1/fill/w_1280,h_712,q_80,strp/planetarium_by_jaxaaronson_dibml65-fullview.jpg?token=eyJ0eXAiOiJKV1QiLCJhbGciOiJIUzI1NiJ9.eyJzdWIiOiJ1cm46YXBwOjdlMGQxODg5ODIyNjQzNzNhNWYwZDQxNWVhMGQyNmUwIiwiaXNzIjoidXJuOmFwcDo3ZTBkMTg4OTgyMjY0MzczYTVmMGQ0MTVlYTBkMjZlMCIsIm9iaiI6W1t7ImhlaWdodCI6Ijw9NzEyIiwicGF0aCI6Ii9mLzcxMDIxNTYzLWJhMDUtNDFmMi1iY2M0LTE2OWUwYmJhY2FlZS9kaWJtbDY1LWIyYjgwNGI5LTY2Y2QtNGZhNS05Y2U2LWZmMGM5YzY1Y2I2ZS5wbmciLCJ3aWR0aCI6Ijw9MTI4MCJ9XV0sImF1ZCI6WyJ1cm46c2VydmljZTppbWFnZS5vcGVyYXRpb25zIl19.ERJR7oHaay_uAQlzns0aCskxhqtM2xtmr95WpVTQq_s"
"2024-10-08T18:11:21-0700","Clean","https://images-wixmp-ed30a86b8c4ca887773594c2.wixmp.com/f/71021563-ba05-41f2-bcc4-169e0bbacaee/dibo6l3-643c5082-6171-4001-8192-b2e57bd3d6f4.png/v1/fill/w_1280,h_840,q_80,strp/clean_by_jaxaaronson_dibo6l3-fullview.jpg?token=eyJ0eXAiOiJKV1QiLCJhbGciOiJIUzI1NiJ9.eyJzdWIiOiJ1cm46YXBwOjdlMGQxODg5ODIyNjQzNzNhNWYwZDQxNWVhMGQyNmUwIiwiaXNzIjoidXJuOmFwcDo3ZTBkMTg4OTgyMjY0MzczYTVmMGQ0MTVlYTBkMjZlMCIsIm9iaiI6W1t7ImhlaWdodCI6Ijw9ODQwIiwicGF0aCI6Ii9mLzcxMDIxNTYzLWJhMDUtNDFmMi1iY2M0LTE2OWUwYmJhY2FlZS9kaWJvNmwzLTY0M2M1MDgyLTYxNzEtNDAwMS04MTkyLWIyZTU3YmQzZDZmNC5wbmciLCJ3aWR0aCI6Ijw9MTI4MCJ9XV0sImF1ZCI6WyJ1cm46c2VydmljZTppbWFnZS5vcGVyYXRpb25zIl19.gWTF-V-rVFiSUEVlD6SPIH3Vkrh8qGaLFQR6ix5jPiw"
"2024-10-08T21:31:45-0700","Athlete","https://images-wixmp-ed30a86b8c4ca887773594c2.wixmp.com/f/71021563-ba05-41f2-bcc4-169e0bbacaee/dibp801-a0c4979f-52bb-4c37-b53d-6ac3ab0701e0.png/v1/fill/w_1280,h_788,q_80,strp/athlete_by_jaxaaronson_dibp801-fullview.jpg?token=eyJ0eXAiOiJKV1QiLCJhbGciOiJIUzI1NiJ9.eyJzdWIiOiJ1cm46YXBwOjdlMGQxODg5ODIyNjQzNzNhNWYwZDQxNWVhMGQyNmUwIiwiaXNzIjoidXJuOmFwcDo3ZTBkMTg4OTgyMjY0MzczYTVmMGQ0MTVlYTBkMjZlMCIsIm9iaiI6W1t7ImhlaWdodCI6Ijw9Nzg4IiwicGF0aCI6Ii9mLzcxMDIxNTYzLWJhMDUtNDFmMi1iY2M0LTE2OWUwYmJhY2FlZS9kaWJwODAxLWEwYzQ5NzlmLTUyYmItNGMzNy1iNTNkLTZhYzNhYjA3MDFlMC5wbmciLCJ3aWR0aCI6Ijw9MTI4MCJ9XV0sImF1ZCI6WyJ1cm46c2VydmljZTppbWFnZS5vcGVyYXRpb25zIl19.dQPTA_6JR5rMNtLtezIckZ_n-iK_K2S-9-f16WVPFoE"
"2024-10-09T10:43:34-0700","Rig","https://images-wixmp-ed30a86b8c4ca887773594c2.wixmp.com/f/71021563-ba05-41f2-bcc4-169e0bbacaee/dibt7vc-e5a8580f-c370-40e8-84e6-05aea5dfd10d.png/v1/fill/w_1280,h_591,q_80,strp/rig_by_jaxaaronson_dibt7vc-fullview.jpg?token=eyJ0eXAiOiJKV1QiLCJhbGciOiJIUzI1NiJ9.eyJzdWIiOiJ1cm46YXBwOjdlMGQxODg5ODIyNjQzNzNhNWYwZDQxNWVhMGQyNmUwIiwiaXNzIjoidXJuOmFwcDo3ZTBkMTg4OTgyMjY0MzczYTVmMGQ0MTVlYTBkMjZlMCIsIm9iaiI6W1t7ImhlaWdodCI6Ijw9NTkxIiwicGF0aCI6Ii9mLzcxMDIxNTYzLWJhMDUtNDFmMi1iY2M0LTE2OWUwYmJhY2FlZS9kaWJ0N3ZjLWU1YTg1ODBmLWMzNzAtNDBlOC04NGU2LTA1YWVhNWRmZDEwZC5wbmciLCJ3aWR0aCI6Ijw9MTI4MCJ9XV0sImF1ZCI6WyJ1cm46c2VydmljZTppbWFnZS5vcGVyYXRpb25zIl19.3Ce0LswRngUJOXnQ5PyH2P5crWGTUJX_dwswbg2-4o0"
"2024-10-09T17:45:17-0700","Cookies","https://images-wixmp-ed30a86b8c4ca887773594c2.wixmp.com/f/71021563-ba05-41f2-bcc4-169e0bbacaee/dibvtty-ab50481e-64c6-48a7-873d-5a27a345c374.png/v1/fill/w_1920,h_1008,q_80,strp/cookies_by_jaxaaronson_dibvtty-fullview.jpg?token=eyJ0eXAiOiJKV1QiLCJhbGciOiJIUzI1NiJ9.eyJzdWIiOiJ1cm46YXBwOjdlMGQxODg5ODIyNjQzNzNhNWYwZDQxNWVhMGQyNmUwIiwiaXNzIjoidXJuOmFwcDo3ZTBkMTg4OTgyMjY0MzczYTVmMGQ0MTVlYTBkMjZlMCIsIm9iaiI6W1t7ImhlaWdodCI6Ijw9MTAwOCIsInBhdGgiOiIvZi83MTAyMTU2My1iYTA1LTQxZjItYmNjNC0xNjllMGJiYWNhZWUvZGlidnR0eS1hYjUwNDgxZS02NGM2LTQ4YTctODczZC01YTI3YTM0NWMzNzQucG5nIiwid2lkdGgiOiI8PTE5MjAifV1dLCJhdWQiOlsidXJuOnNlcnZpY2U6aW1hZ2Uub3BlcmF0aW9ucyJdfQ.83lVNaHBhuplwxYiEh2LBVPCnEBbWM9Y2xRuvJMUQAw"
"2024-10-09T21:40:02-0700","Cats","https://images-wixmp-ed30a86b8c4ca887773594c2.wixmp.com/f/71021563-ba05-41f2-bcc4-169e0bbacaee/dibwy2l-5ffe5ce0-8722-4810-9d67-9e0c0fd0ecbc.png/v1/fill/w_1280,h_1182,q_80,strp/cats_by_jaxaaronson_dibwy2l-fullview.jpg?token=eyJ0eXAiOiJKV1QiLCJhbGciOiJIUzI1NiJ9.eyJzdWIiOiJ1cm46YXBwOjdlMGQxODg5ODIyNjQzNzNhNWYwZDQxNWVhMGQyNmUwIiwiaXNzIjoidXJuOmFwcDo3ZTBkMTg4OTgyMjY0MzczYTVmMGQ0MTVlYTBkMjZlMCIsIm9iaiI6W1t7ImhlaWdodCI6Ijw9MTE4MiIsInBhdGgiOiIvZi83MTAyMTU2My1iYTA1LTQxZjItYmNjNC0xNjllMGJiYWNhZWUvZGlid3kybC01ZmZlNWNlMC04NzIyLTQ4MTAtOWQ2Ny05ZTBjMGZkMGVjYmMucG5nIiwid2lkdGgiOiI8PTEyODAifV1dLCJhdWQiOlsidXJuOnNlcnZpY2U6aW1hZ2Uub3BlcmF0aW9ucyJdfQ.lyUj3d1ukdcv9_n8O1Abbbq8qiIOjKXbFPuifvP97GI"
"2024-10-10T08:30:16-0700","Throne","https://images-wixmp-ed30a86b8c4ca887773594c2.wixmp.com/f/71021563-ba05-41f2-bcc4-169e0bbacaee/dibzyho-9aa8cd8d-c791-4633-8660-29229ea83866.png/v1/fill/w_1280,h_1108,q_80,strp/throne_by_jaxaaronson_dibzyho-fullview.jpg?token=eyJ0eXAiOiJKV1QiLCJhbGciOiJIUzI1NiJ9.eyJzdWIiOiJ1cm46YXBwOjdlMGQxODg5ODIyNjQzNzNhNWYwZDQxNWVhMGQyNmUwIiwiaXNzIjoidXJuOmFwcDo3ZTBkMTg4OTgyMjY0MzczYTVmMGQ0MTVlYTBkMjZlMCIsIm9iaiI6W1t7ImhlaWdodCI6Ijw9MTEwOCIsInBhdGgiOiIvZi83MTAyMTU2My1iYTA1LTQxZjItYmNjNC0xNjllMGJiYWNhZWUvZGlienloby05YWE4Y2Q4ZC1jNzkxLTQ2MzMtODY2MC0yOTIyOWVhODM4NjYucG5nIiwid2lkdGgiOiI8PTEyODAifV1dLCJhdWQiOlsidXJuOnNlcnZpY2U6aW1hZ2Uub3BlcmF0aW9ucyJdfQ.VDobQAQtC_v5oz6YjPnWFIsLm9H0IHb18nkwGZ5S_50"
"2024-10-10T17:07:28-0700","White","https://images-wixmp-ed30a86b8c4ca887773594c2.wixmp.com/f/71021563-ba05-41f2-bcc4-169e0bbacaee/dic31xh-d3c02a3b-a87e-404d-b12a-33402f28473a.png/v1/fill/w_1920,h_1248,q_80,strp/white_by_jaxaaronson_dic31xh-fullview.jpg?token=eyJ0eXAiOiJKV1QiLCJhbGciOiJIUzI1NiJ9.eyJzdWIiOiJ1cm46YXBwOjdlMGQxODg5ODIyNjQzNzNhNWYwZDQxNWVhMGQyNmUwIiwiaXNzIjoidXJuOmFwcDo3ZTBkMTg4OTgyMjY0MzczYTVmMGQ0MTVlYTBkMjZlMCIsIm9iaiI6W1t7ImhlaWdodCI6Ijw9MTI0OCIsInBhdGgiOiIvZi83MTAyMTU2My1iYTA1LTQxZjItYmNjNC0xNjllMGJiYWNhZWUvZGljMzF4aC1kM2MwMmEzYi1hODdlLTQwNGQtYjEyYS0zMzQwMmYyODQ3M2EucG5nIiwid2lkdGgiOiI8PTE5MjAifV1dLCJhdWQiOlsidXJuOnNlcnZpY2U6aW1hZ2Uub3BlcmF0aW9ucyJdfQ.mmH0tMRfs7uXAioOfTFYKV9nHCcxIdheRIKP0uFz0D8"
"2024-10-10T20:15:56-0700","Palms","https://images-wixmp-ed30a86b8c4ca887773594c2.wixmp.com/f/71021563-ba05-41f2-bcc4-169e0bbacaee/dic3z9g-0ecd3559-fe26-4965-b133-48b6cf60e9d9.png/v1/fill/w_1920,h_1200,q_80,strp/palms_by_jaxaaronson_dic3z9g-fullview.jpg?token=eyJ0eXAiOiJKV1QiLCJhbGciOiJIUzI1NiJ9.eyJzdWIiOiJ1cm46YXBwOjdlMGQxODg5ODIyNjQzNzNhNWYwZDQxNWVhMGQyNmUwIiwiaXNzIjoidXJuOmFwcDo3ZTBkMTg4OTgyMjY0MzczYTVmMGQ0MTVlYTBkMjZlMCIsIm9iaiI6W1t7ImhlaWdodCI6Ijw9MTIwMCIsInBhdGgiOiIvZi83MTAyMTU2My1iYTA1LTQxZjItYmNjNC0xNjllMGJiYWNhZWUvZGljM3o5Zy0wZWNkMzU1OS1mZTI2LTQ5NjUtYjEzMy00OGI2Y2Y2MGU5ZDkucG5nIiwid2lkdGgiOiI8PTE5MjAifV1dLCJhdWQiOlsidXJuOnNlcnZpY2U6aW1hZ2Uub3BlcmF0aW9ucyJdfQ.0mo4RBwPKxsN20KYOIuD46v0nRCSycXMU9DmaIsEkIk"
"2024-10-11T10:46:04-0700","Toronto","https://images-wixmp-ed30a86b8c4ca887773594c2.wixmp.com/f/71021563-ba05-41f2-bcc4-169e0bbacaee/dic8gcs-c52ef653-61b7-4c0b-a986-fe4efb784d3e.png/v1/fill/w_1920,h_1064,q_80,strp/toronto_by_jaxaaronson_dic8gcs-fullview.jpg?token=eyJ0eXAiOiJKV1QiLCJhbGciOiJIUzI1NiJ9.eyJzdWIiOiJ1cm46YXBwOjdlMGQxODg5ODIyNjQzNzNhNWYwZDQxNWVhMGQyNmUwIiwiaXNzIjoidXJuOmFwcDo3ZTBkMTg4OTgyMjY0MzczYTVmMGQ0MTVlYTBkMjZlMCIsIm9iaiI6W1t7ImhlaWdodCI6Ijw9MTA2NCIsInBhdGgiOiIvZi83MTAyMTU2My1iYTA1LTQxZjItYmNjNC0xNjllMGJiYWNhZWUvZGljOGdjcy1jNTJlZjY1My02MWI3LTRjMGItYTk4Ni1mZTRlZmI3ODRkM2UucG5nIiwid2lkdGgiOiI8PTE5MjAifV1dLCJhdWQiOlsidXJuOnNlcnZpY2U6aW1hZ2Uub3BlcmF0aW9ucyJdfQ.zEiDXo0jEt1B63nfafLl7C7NUjm5L-5lULUeXgIDtro"
"2024-10-11T17:12:18-0700","Oak","https://images-wixmp-ed30a86b8c4ca887773594c2.wixmp.com/f/71021563-ba05-41f2-bcc4-169e0bbacaee/dicb0un-d1f00465-369a-42e4-be32-134bba9fe951.png/v1/fill/w_1920,h_611,q_80,strp/oak_by_jaxaaronson_dicb0un-fullview.jpg?token=eyJ0eXAiOiJKV1QiLCJhbGciOiJIUzI1NiJ9.eyJzdWIiOiJ1cm46YXBwOjdlMGQxODg5ODIyNjQzNzNhNWYwZDQxNWVhMGQyNmUwIiwiaXNzIjoidXJuOmFwcDo3ZTBkMTg4OTgyMjY0MzczYTVmMGQ0MTVlYTBkMjZlMCIsIm9iaiI6W1t7ImhlaWdodCI6Ijw9NjExIiwicGF0aCI6Ii9mLzcxMDIxNTYzLWJhMDUtNDFmMi1iY2M0LTE2OWUwYmJhY2FlZS9kaWNiMHVuLWQxZjAwNDY1LTM2OWEtNDJlNC1iZTMyLTEzNGJiYTlmZTk1MS5wbmciLCJ3aWR0aCI6Ijw9MTkyMCJ9XV0sImF1ZCI6WyJ1cm46c2VydmljZTppbWFnZS5vcGVyYXRpb25zIl19.E1VRukbH6WI9IO2ytQdKY_RmNUJ4NP2cHnAAbwbXuMM"
"2024-10-11T19:06:29-0700","Public Toilet","https://images-wixmp-ed30a86b8c4ca887773594c2.wixmp.com/f/71021563-ba05-41f2-bcc4-169e0bbacaee/dicbl7x-dbfd63db-ddaf-4fbb-8ca1-8c48c95fde60.png/v1/fill/w_1280,h_1014,q_80,strp/public_toilet_by_jaxaaronson_dicbl7x-fullview.jpg?token=eyJ0eXAiOiJKV1QiLCJhbGciOiJIUzI1NiJ9.eyJzdWIiOiJ1cm46YXBwOjdlMGQxODg5ODIyNjQzNzNhNWYwZDQxNWVhMGQyNmUwIiwiaXNzIjoidXJuOmFwcDo3ZTBkMTg4OTgyMjY0MzczYTVmMGQ0MTVlYTBkMjZlMCIsIm9iaiI6W1t7ImhlaWdodCI6Ijw9MTAxNCIsInBhdGgiOiIvZi83MTAyMTU2My1iYTA1LTQxZjItYmNjNC0xNjllMGJiYWNhZWUvZGljYmw3eC1kYmZkNjNkYi1kZGFmLTRmYmItOGNhMS04YzQ4Yzk1ZmRlNjAucG5nIiwid2lkdGgiOiI8PTEyODAifV1dLCJhdWQiOlsidXJuOnNlcnZpY2U6aW1hZ2Uub3BlcmF0aW9ucyJdfQ.k-ugtLBCmclOJnebOsZC70mVWxuifkrhedrQBC7d06U"
"2024-10-13T11:16:24-0700","Leia","https://images-wixmp-ed30a86b8c4ca887773594c2.wixmp.com/f/71021563-ba05-41f2-bcc4-169e0bbacaee/dicq67f-31e7bfde-c082-4a91-b816-2fbd8fb0f09e.png/v1/fill/w_1280,h_747,q_80,strp/leia_by_jaxaaronson_dicq67f-fullview.jpg?token=eyJ0eXAiOiJKV1QiLCJhbGciOiJIUzI1NiJ9.eyJzdWIiOiJ1cm46YXBwOjdlMGQxODg5ODIyNjQzNzNhNWYwZDQxNWVhMGQyNmUwIiwiaXNzIjoidXJuOmFwcDo3ZTBkMTg4OTgyMjY0MzczYTVmMGQ0MTVlYTBkMjZlMCIsIm9iaiI6W1t7ImhlaWdodCI6Ijw9NzQ3IiwicGF0aCI6Ii9mLzcxMDIxNTYzLWJhMDUtNDFmMi1iY2M0LTE2OWUwYmJhY2FlZS9kaWNxNjdmLTMxZTdiZmRlLWMwODItNGE5MS1iODE2LTJmYmQ4ZmIwZjA5ZS5wbmciLCJ3aWR0aCI6Ijw9MTI4MCJ9XV0sImF1ZCI6WyJ1cm46c2VydmljZTppbWFnZS5vcGVyYXRpb25zIl19.FXT0qHfrObf0ZT4grbkdeZxiWa08pt2AxVLuJY8Xlws"
"2024-10-13T12:53:23-0700","Haunted","https://images-wixmp-ed30a86b8c4ca887773594c2.wixmp.com/f/71021563-ba05-41f2-bcc4-169e0bbacaee/dicqyzn-906fc27f-7afc-4de1-90e7-b08226627f81.png/v1/fill/w_1280,h_1494,q_80,strp/haunted_by_jaxaaronson_dicqyzn-fullview.jpg?token=eyJ0eXAiOiJKV1QiLCJhbGciOiJIUzI1NiJ9.eyJzdWIiOiJ1cm46YXBwOjdlMGQxODg5ODIyNjQzNzNhNWYwZDQxNWVhMGQyNmUwIiwiaXNzIjoidXJuOmFwcDo3ZTBkMTg4OTgyMjY0MzczYTVmMGQ0MTVlYTBkMjZlMCIsIm9iaiI6W1t7ImhlaWdodCI6Ijw9MTQ5NCIsInBhdGgiOiIvZi83MTAyMTU2My1iYTA1LTQxZjItYmNjNC0xNjllMGJiYWNhZWUvZGljcXl6bi05MDZmYzI3Zi03YWZjLTRkZTEtOTBlNy1iMDgyMjY2MjdmODEucG5nIiwid2lkdGgiOiI8PTEyODAifV1dLCJhdWQiOlsidXJuOnNlcnZpY2U6aW1hZ2Uub3BlcmF0aW9ucyJdfQ.msbfRHw19Q51Itu5hMbIpA1dU4ZPIYNLQDtU1eCXzf4"
"2024-10-13T16:42:53-0700","Santorini","https://images-wixmp-ed30a86b8c4ca887773594c2.wixmp.com/f/71021563-ba05-41f2-bcc4-169e0bbacaee/dicsngr-d148fbc7-9e3a-4a15-a068-bd478ea72690.png/v1/fill/w_1920,h_1064,q_80,strp/santorini_by_jaxaaronson_dicsngr-fullview.jpg?token=eyJ0eXAiOiJKV1QiLCJhbGciOiJIUzI1NiJ9.eyJzdWIiOiJ1cm46YXBwOjdlMGQxODg5ODIyNjQzNzNhNWYwZDQxNWVhMGQyNmUwIiwiaXNzIjoidXJuOmFwcDo3ZTBkMTg4OTgyMjY0MzczYTVmMGQ0MTVlYTBkMjZlMCIsIm9iaiI6W1t7ImhlaWdodCI6Ijw9MTA2NCIsInBhdGgiOiIvZi83MTAyMTU2My1iYTA1LTQxZjItYmNjNC0xNjllMGJiYWNhZWUvZGljc25nci1kMTQ4ZmJjNy05ZTNhLTRhMTUtYTA2OC1iZDQ3OGVhNzI2OTAucG5nIiwid2lkdGgiOiI8PTE5MjAifV1dLCJhdWQiOlsidXJuOnNlcnZpY2U6aW1hZ2Uub3BlcmF0aW9ucyJdfQ.X7O0-kItxhjdX2nPW5y9wO0mfLkJytbQ24B_nOZCmGw"
"2024-10-13T21:09:09-0700","Propaganda","https://images-wixmp-ed30a86b8c4ca887773594c2.wixmp.com/f/71021563-ba05-41f2-bcc4-169e0bbacaee/dicu5qb-a4a23ab3-104b-47ef-a22b-a0f37dd94023.png/v1/fill/w_1280,h_1605,q_80,strp/propaganda_by_jaxaaronson_dicu5qb-fullview.jpg?token=eyJ0eXAiOiJKV1QiLCJhbGciOiJIUzI1NiJ9.eyJzdWIiOiJ1cm46YXBwOjdlMGQxODg5ODIyNjQzNzNhNWYwZDQxNWVhMGQyNmUwIiwiaXNzIjoidXJuOmFwcDo3ZTBkMTg4OTgyMjY0MzczYTVmMGQ0MTVlYTBkMjZlMCIsIm9iaiI6W1t7ImhlaWdodCI6Ijw9MTYwNSIsInBhdGgiOiIvZi83MTAyMTU2My1iYTA1LTQxZjItYmNjNC0xNjllMGJiYWNhZWUvZGljdTVxYi1hNGEyM2FiMy0xMDRiLTQ3ZWYtYTIyYi1hMGYzN2RkOTQwMjMucG5nIiwid2lkdGgiOiI8PTEyODAifV1dLCJhdWQiOlsidXJuOnNlcnZpY2U6aW1hZ2Uub3BlcmF0aW9ucyJdfQ.TXMLnCAFZHcKrraBeiZL_9-sY9gVh_32bCb89bwdR_g"
"2024-10-13T21:36:19-0700","Detective","https://images-wixmp-ed30a86b8c4ca887773594c2.wixmp.com/f/71021563-ba05-41f2-bcc4-169e0bbacaee/dicuano-53544502-977c-483a-97c0-77dcfafda612.png/v1/fill/w_1920,h_843,q_80,strp/detective_by_jaxaaronson_dicuano-fullview.jpg?token=eyJ0eXAiOiJKV1QiLCJhbGciOiJIUzI1NiJ9.eyJzdWIiOiJ1cm46YXBwOjdlMGQxODg5ODIyNjQzNzNhNWYwZDQxNWVhMGQyNmUwIiwiaXNzIjoidXJuOmFwcDo3ZTBkMTg4OTgyMjY0MzczYTVmMGQ0MTVlYTBkMjZlMCIsIm9iaiI6W1t7ImhlaWdodCI6Ijw9ODQzIiwicGF0aCI6Ii9mLzcxMDIxNTYzLWJhMDUtNDFmMi1iY2M0LTE2OWUwYmJhY2FlZS9kaWN1YW5vLTUzNTQ0NTAyLTk3N2MtNDgzYS05N2MwLTc3ZGNmYWZkYTYxMi5wbmciLCJ3aWR0aCI6Ijw9MTkyMCJ9XV0sImF1ZCI6WyJ1cm46c2VydmljZTppbWFnZS5vcGVyYXRpb25zIl19.wusaIpgqXqRL4MY097J2nddQx51mMKGpymYRkw9ZhxY"
"2024-10-14T13:44:57-0700","Frozen","https://images-wixmp-ed30a86b8c4ca887773594c2.wixmp.com/f/71021563-ba05-41f2-bcc4-169e0bbacaee/did0dhe-717b2671-2920-4b56-b64d-5e0cc7e71898.png/v1/fill/w_1280,h_1280,q_80,strp/frozen_by_jaxaaronson_did0dhe-fullview.jpg?token=eyJ0eXAiOiJKV1QiLCJhbGciOiJIUzI1NiJ9.eyJzdWIiOiJ1cm46YXBwOjdlMGQxODg5ODIyNjQzNzNhNWYwZDQxNWVhMGQyNmUwIiwiaXNzIjoidXJuOmFwcDo3ZTBkMTg4OTgyMjY0MzczYTVmMGQ0MTVlYTBkMjZlMCIsIm9iaiI6W1t7ImhlaWdodCI6Ijw9MTI4MCIsInBhdGgiOiIvZi83MTAyMTU2My1iYTA1LTQxZjItYmNjNC0xNjllMGJiYWNhZWUvZGlkMGRoZS03MTdiMjY3MS0yOTIwLTRiNTYtYjY0ZC01ZTBjYzdlNzE4OTgucG5nIiwid2lkdGgiOiI8PTEyODAifV1dLCJhdWQiOlsidXJuOnNlcnZpY2U6aW1hZ2Uub3BlcmF0aW9ucyJdfQ.ZSgkb2He4Nnulh52cLMP6bBJ0geBTDlX6vvA_jKH7b0"
"2024-10-14T17:12:43-0700","Play Room","https://images-wixmp-ed30a86b8c4ca887773594c2.wixmp.com/f/71021563-ba05-41f2-bcc4-169e0bbacaee/did1gh0-243a264e-405e-493c-90a3-ac41b35cc028.png/v1/fill/w_1280,h_840,q_80,strp/play_room_by_jaxaaronson_did1gh0-fullview.jpg?token=eyJ0eXAiOiJKV1QiLCJhbGciOiJIUzI1NiJ9.eyJzdWIiOiJ1cm46YXBwOjdlMGQxODg5ODIyNjQzNzNhNWYwZDQxNWVhMGQyNmUwIiwiaXNzIjoidXJuOmFwcDo3ZTBkMTg4OTgyMjY0MzczYTVmMGQ0MTVlYTBkMjZlMCIsIm9iaiI6W1t7ImhlaWdodCI6Ijw9ODQwIiwicGF0aCI6Ii9mLzcxMDIxNTYzLWJhMDUtNDFmMi1iY2M0LTE2OWUwYmJhY2FlZS9kaWQxZ2gwLTI0M2EyNjRlLTQwNWUtNDkzYy05MGEzLWFjNDFiMzVjYzAyOC5wbmciLCJ3aWR0aCI6Ijw9MTI4MCJ9XV0sImF1ZCI6WyJ1cm46c2VydmljZTppbWFnZS5vcGVyYXRpb25zIl19.zwHHdtiyRMI4Yj_chuHamXX8arDbbrI-eYIkB2rqins"
"2024-10-14T18:24:28-0700","Gangster","https://images-wixmp-ed30a86b8c4ca887773594c2.wixmp.com/f/71021563-ba05-41f2-bcc4-169e0bbacaee/did1uw3-58db6401-9fc2-44f0-bd59-0ebbdc525f33.png/v1/fill/w_1280,h_1014,q_80,strp/gangster_by_jaxaaronson_did1uw3-fullview.jpg?token=eyJ0eXAiOiJKV1QiLCJhbGciOiJIUzI1NiJ9.eyJzdWIiOiJ1cm46YXBwOjdlMGQxODg5ODIyNjQzNzNhNWYwZDQxNWVhMGQyNmUwIiwiaXNzIjoidXJuOmFwcDo3ZTBkMTg4OTgyMjY0MzczYTVmMGQ0MTVlYTBkMjZlMCIsIm9iaiI6W1t7ImhlaWdodCI6Ijw9MTAxNCIsInBhdGgiOiIvZi83MTAyMTU2My1iYTA1LTQxZjItYmNjNC0xNjllMGJiYWNhZWUvZGlkMXV3My01OGRiNjQwMS05ZmMyLTQ0ZjAtYmQ1OS0wZWJiZGM1MjVmMzMucG5nIiwid2lkdGgiOiI8PTEyODAifV1dLCJhdWQiOlsidXJuOnNlcnZpY2U6aW1hZ2Uub3BlcmF0aW9ucyJdfQ.KrAnFLrFlargQTLZqbIEBUB58qYN--YNmtabCdT-qmY"
"2024-10-14T19:38:55-0700","Flight Deck","https://images-wixmp-ed30a86b8c4ca887773594c2.wixmp.com/f/71021563-ba05-41f2-bcc4-169e0bbacaee/did2b0g-f7c93786-70ac-4e92-bf3e-33ae007b3293.png/v1/fill/w_1280,h_925,q_80,strp/flight_deck_by_jaxaaronson_did2b0g-fullview.jpg?token=eyJ0eXAiOiJKV1QiLCJhbGciOiJIUzI1NiJ9.eyJzdWIiOiJ1cm46YXBwOjdlMGQxODg5ODIyNjQzNzNhNWYwZDQxNWVhMGQyNmUwIiwiaXNzIjoidXJuOmFwcDo3ZTBkMTg4OTgyMjY0MzczYTVmMGQ0MTVlYTBkMjZlMCIsIm9iaiI6W1t7ImhlaWdodCI6Ijw9OTI1IiwicGF0aCI6Ii9mLzcxMDIxNTYzLWJhMDUtNDFmMi1iY2M0LTE2OWUwYmJhY2FlZS9kaWQyYjBnLWY3YzkzNzg2LTcwYWMtNGU5Mi1iZjNlLTMzYWUwMDdiMzI5My5wbmciLCJ3aWR0aCI6Ijw9MTI4MCJ9XV0sImF1ZCI6WyJ1cm46c2VydmljZTppbWFnZS5vcGVyYXRpb25zIl19.lbjD1aWcffYvqY33fNMEPr0ggdMr1UBgVriTYWQltVM"
"2024-10-15T10:57:45-0700","Spa","https://images-wixmp-ed30a86b8c4ca887773594c2.wixmp.com/f/71021563-ba05-41f2-bcc4-169e0bbacaee/did7aqu-dc4d20f4-4339-436b-b7dd-993aeff41e93.png/v1/fill/w_1280,h_936,q_80,strp/spa_by_jaxaaronson_did7aqu-fullview.jpg?token=eyJ0eXAiOiJKV1QiLCJhbGciOiJIUzI1NiJ9.eyJzdWIiOiJ1cm46YXBwOjdlMGQxODg5ODIyNjQzNzNhNWYwZDQxNWVhMGQyNmUwIiwiaXNzIjoidXJuOmFwcDo3ZTBkMTg4OTgyMjY0MzczYTVmMGQ0MTVlYTBkMjZlMCIsIm9iaiI6W1t7ImhlaWdodCI6Ijw9OTM2IiwicGF0aCI6Ii9mLzcxMDIxNTYzLWJhMDUtNDFmMi1iY2M0LTE2OWUwYmJhY2FlZS9kaWQ3YXF1LWRjNGQyMGY0LTQzMzktNDM2Yi1iN2RkLTk5M2FlZmY0MWU5My5wbmciLCJ3aWR0aCI6Ijw9MTI4MCJ9XV0sImF1ZCI6WyJ1cm46c2VydmljZTppbWFnZS5vcGVyYXRpb25zIl19.mArYFGmHyQLy1rW-9j5gKni8IQyYNjA6pCd6f9UOFv8"
"2024-10-15T18:16:35-0700","Creek","https://images-wixmp-ed30a86b8c4ca887773594c2.wixmp.com/f/71021563-ba05-41f2-bcc4-169e0bbacaee/dida3gq-d403cef0-30bd-47c1-8631-e92da021548c.png/v1/fill/w_1280,h_887,q_80,strp/creek_by_jaxaaronson_dida3gq-fullview.jpg?token=eyJ0eXAiOiJKV1QiLCJhbGciOiJIUzI1NiJ9.eyJzdWIiOiJ1cm46YXBwOjdlMGQxODg5ODIyNjQzNzNhNWYwZDQxNWVhMGQyNmUwIiwiaXNzIjoidXJuOmFwcDo3ZTBkMTg4OTgyMjY0MzczYTVmMGQ0MTVlYTBkMjZlMCIsIm9iaiI6W1t7ImhlaWdodCI6Ijw9ODg3IiwicGF0aCI6Ii9mLzcxMDIxNTYzLWJhMDUtNDFmMi1iY2M0LTE2OWUwYmJhY2FlZS9kaWRhM2dxLWQ0MDNjZWYwLTMwYmQtNDdjMS04NjMxLWU5MmRhMDIxNTQ4Yy5wbmciLCJ3aWR0aCI6Ijw9MTI4MCJ9XV0sImF1ZCI6WyJ1cm46c2VydmljZTppbWFnZS5vcGVyYXRpb25zIl19.xA5pg0lLEISiW13OoDTqCeN1Qu-Rz5ebVtT1129ASow"
"2024-10-15T19:48:35-0700","Turtleneck","https://images-wixmp-ed30a86b8c4ca887773594c2.wixmp.com/f/71021563-ba05-41f2-bcc4-169e0bbacaee/didak30-0fd2709b-b0dd-4a23-ad70-f19a50230d51.png/v1/fill/w_1920,h_917,q_80,strp/turtleneck_by_jaxaaronson_didak30-fullview.jpg?token=eyJ0eXAiOiJKV1QiLCJhbGciOiJIUzI1NiJ9.eyJzdWIiOiJ1cm46YXBwOjdlMGQxODg5ODIyNjQzNzNhNWYwZDQxNWVhMGQyNmUwIiwiaXNzIjoidXJuOmFwcDo3ZTBkMTg4OTgyMjY0MzczYTVmMGQ0MTVlYTBkMjZlMCIsIm9iaiI6W1t7ImhlaWdodCI6Ijw9OTE3IiwicGF0aCI6Ii9mLzcxMDIxNTYzLWJhMDUtNDFmMi1iY2M0LTE2OWUwYmJhY2FlZS9kaWRhazMwLTBmZDI3MDliLWIwZGQtNGEyMy1hZDcwLWYxOWE1MDIzMGQ1MS5wbmciLCJ3aWR0aCI6Ijw9MTkyMCJ9XV0sImF1ZCI6WyJ1cm46c2VydmljZTppbWFnZS5vcGVyYXRpb25zIl19.3S42KAobaQvE_CJK0w8WwEehgBUaVl_zMK5g17BXVkk"
"2024-10-16T15:36:42-0700","Catholic","https://images-wixmp-ed30a86b8c4ca887773594c2.wixmp.com/f/71021563-ba05-41f2-bcc4-169e0bbacaee/didh05k-1a48e2db-49df-4ae2-99b4-5d2f0f689fb2.png/v1/fill/w_1920,h_1120,q_80,strp/catholic_by_jaxaaronson_didh05k-fullview.jpg?token=eyJ0eXAiOiJKV1QiLCJhbGciOiJIUzI1NiJ9.eyJzdWIiOiJ1cm46YXBwOjdlMGQxODg5ODIyNjQzNzNhNWYwZDQxNWVhMGQyNmUwIiwiaXNzIjoidXJuOmFwcDo3ZTBkMTg4OTgyMjY0MzczYTVmMGQ0MTVlYTBkMjZlMCIsIm9iaiI6W1t7ImhlaWdodCI6Ijw9MTEyMCIsInBhdGgiOiIvZi83MTAyMTU2My1iYTA1LTQxZjItYmNjNC0xNjllMGJiYWNhZWUvZGlkaDA1ay0xYTQ4ZTJkYi00OWRmLTRhZTItOTliNC01ZDJmMGY2ODlmYjIucG5nIiwid2lkdGgiOiI8PTE5MjAifV1dLCJhdWQiOlsidXJuOnNlcnZpY2U6aW1hZ2Uub3BlcmF0aW9ucyJdfQ.jCU_y1nsxnjj6KR_IIzkFI-Wm3F-FdPd-ILoQp4CeK4"
"2024-10-16T19:32:03-0700","Whiskey","https://images-wixmp-ed30a86b8c4ca887773594c2.wixmp.com/f/71021563-ba05-41f2-bcc4-169e0bbacaee/didi7vu-0ae66b18-2863-4c3c-aff8-64777d8c8178.png/v1/fill/w_1280,h_702,q_80,strp/whiskey_by_jaxaaronson_didi7vu-fullview.jpg?token=eyJ0eXAiOiJKV1QiLCJhbGciOiJIUzI1NiJ9.eyJzdWIiOiJ1cm46YXBwOjdlMGQxODg5ODIyNjQzNzNhNWYwZDQxNWVhMGQyNmUwIiwiaXNzIjoidXJuOmFwcDo3ZTBkMTg4OTgyMjY0MzczYTVmMGQ0MTVlYTBkMjZlMCIsIm9iaiI6W1t7ImhlaWdodCI6Ijw9NzAyIiwicGF0aCI6Ii9mLzcxMDIxNTYzLWJhMDUtNDFmMi1iY2M0LTE2OWUwYmJhY2FlZS9kaWRpN3Z1LTBhZTY2YjE4LTI4NjMtNGMzYy1hZmY4LTY0Nzc3ZDhjODE3OC5wbmciLCJ3aWR0aCI6Ijw9MTI4MCJ9XV0sImF1ZCI6WyJ1cm46c2VydmljZTppbWFnZS5vcGVyYXRpb25zIl19.KYEwOHtGS1zIsp0a_tVth4yHxQSkvc8edC0II2zL6EQ"
"2024-10-17T08:14:31-0700","Flintstones","https://images-wixmp-ed30a86b8c4ca887773594c2.wixmp.com/f/71021563-ba05-41f2-bcc4-169e0bbacaee/didlnpr-7ea96ca1-ae35-4bfd-9969-12d5567d01f3.png/v1/fill/w_1280,h_1014,q_80,strp/flintstones_by_jaxaaronson_didlnpr-fullview.jpg?token=eyJ0eXAiOiJKV1QiLCJhbGciOiJIUzI1NiJ9.eyJzdWIiOiJ1cm46YXBwOjdlMGQxODg5ODIyNjQzNzNhNWYwZDQxNWVhMGQyNmUwIiwiaXNzIjoidXJuOmFwcDo3ZTBkMTg4OTgyMjY0MzczYTVmMGQ0MTVlYTBkMjZlMCIsIm9iaiI6W1t7ImhlaWdodCI6Ijw9MTAxNCIsInBhdGgiOiIvZi83MTAyMTU2My1iYTA1LTQxZjItYmNjNC0xNjllMGJiYWNhZWUvZGlkbG5wci03ZWE5NmNhMS1hZTM1LTRiZmQtOTk2OS0xMmQ1NTY3ZDAxZjMucG5nIiwid2lkdGgiOiI8PTEyODAifV1dLCJhdWQiOlsidXJuOnNlcnZpY2U6aW1hZ2Uub3BlcmF0aW9ucyJdfQ.5Sw-Ywh-a5Eo_5avOXVGX7jnOlVslpOa2LqMzoiD508"
"2024-10-17T10:47:58-0700","Paleo","https://images-wixmp-ed30a86b8c4ca887773594c2.wixmp.com/f/71021563-ba05-41f2-bcc4-169e0bbacaee/didmn2z-be92bde2-247c-4006-940a-996a391786c0.png/v1/fill/w_1920,h_1120,q_80,strp/paleo_by_jaxaaronson_didmn2z-fullview.jpg?token=eyJ0eXAiOiJKV1QiLCJhbGciOiJIUzI1NiJ9.eyJzdWIiOiJ1cm46YXBwOjdlMGQxODg5ODIyNjQzNzNhNWYwZDQxNWVhMGQyNmUwIiwiaXNzIjoidXJuOmFwcDo3ZTBkMTg4OTgyMjY0MzczYTVmMGQ0MTVlYTBkMjZlMCIsIm9iaiI6W1t7ImhlaWdodCI6Ijw9MTEyMCIsInBhdGgiOiIvZi83MTAyMTU2My1iYTA1LTQxZjItYmNjNC0xNjllMGJiYWNhZWUvZGlkbW4yei1iZTkyYmRlMi0yNDdjLTQwMDYtOTQwYS05OTZhMzkxNzg2YzAucG5nIiwid2lkdGgiOiI8PTE5MjAifV1dLCJhdWQiOlsidXJuOnNlcnZpY2U6aW1hZ2Uub3BlcmF0aW9ucyJdfQ.kvzKDwcKYMgRdJcN42PbktGmLwAqUg-mhMMhOqCZIjs"
"2024-10-18T10:40:13-0700","Wallpaper","https://images-wixmp-ed30a86b8c4ca887773594c2.wixmp.com/f/71021563-ba05-41f2-bcc4-169e0bbacaee/didu9qn-e511b1d6-6f85-4943-a7eb-bb82b5b0cf1a.png/v1/fill/w_1280,h_788,q_80,strp/wallpaper_by_jaxaaronson_didu9qn-fullview.jpg?token=eyJ0eXAiOiJKV1QiLCJhbGciOiJIUzI1NiJ9.eyJzdWIiOiJ1cm46YXBwOjdlMGQxODg5ODIyNjQzNzNhNWYwZDQxNWVhMGQyNmUwIiwiaXNzIjoidXJuOmFwcDo3ZTBkMTg4OTgyMjY0MzczYTVmMGQ0MTVlYTBkMjZlMCIsIm9iaiI6W1t7ImhlaWdodCI6Ijw9Nzg4IiwicGF0aCI6Ii9mLzcxMDIxNTYzLWJhMDUtNDFmMi1iY2M0LTE2OWUwYmJhY2FlZS9kaWR1OXFuLWU1MTFiMWQ2LTZmODUtNDk0My1hN2ViLWJiODJiNWIwY2YxYS5wbmciLCJ3aWR0aCI6Ijw9MTI4MCJ9XV0sImF1ZCI6WyJ1cm46c2VydmljZTppbWFnZS5vcGVyYXRpb25zIl19.OabF3W2orV5JxPNlRUzheFfkVWVFfM9xhaAO5HRF-j4"
"2024-10-19T17:26:56-0700","Skin Flick","https://images-wixmp-ed30a86b8c4ca887773594c2.wixmp.com/f/71021563-ba05-41f2-bcc4-169e0bbacaee/die4h0j-d6785dad-47bf-4e2c-9acf-e69ab430778a.png/v1/fill/w_1280,h_985,q_80,strp/skin_flick_by_jaxaaronson_die4h0j-fullview.jpg?token=eyJ0eXAiOiJKV1QiLCJhbGciOiJIUzI1NiJ9.eyJzdWIiOiJ1cm46YXBwOjdlMGQxODg5ODIyNjQzNzNhNWYwZDQxNWVhMGQyNmUwIiwiaXNzIjoidXJuOmFwcDo3ZTBkMTg4OTgyMjY0MzczYTVmMGQ0MTVlYTBkMjZlMCIsIm9iaiI6W1t7ImhlaWdodCI6Ijw9OTg1IiwicGF0aCI6Ii9mLzcxMDIxNTYzLWJhMDUtNDFmMi1iY2M0LTE2OWUwYmJhY2FlZS9kaWU0aDBqLWQ2Nzg1ZGFkLTQ3YmYtNGUyYy05YWNmLWU2OWFiNDMwNzc4YS5wbmciLCJ3aWR0aCI6Ijw9MTI4MCJ9XV0sImF1ZCI6WyJ1cm46c2VydmljZTppbWFnZS5vcGVyYXRpb25zIl19.GjfS8Q6Zwq9MPIReZCbFkDjoCdrTUCIJ4Tv6LTjpjCA"
"2024-10-19T19:06:58-0700","Boulevard","https://images-wixmp-ed30a86b8c4ca887773594c2.wixmp.com/f/71021563-ba05-41f2-bcc4-169e0bbacaee/die50k8-2172183b-8edd-4499-8ef2-919f3d1c0289.png/v1/fill/w_1920,h_1124,q_80,strp/boulevard_by_jaxaaronson_die50k8-fullview.jpg?token=eyJ0eXAiOiJKV1QiLCJhbGciOiJIUzI1NiJ9.eyJzdWIiOiJ1cm46YXBwOjdlMGQxODg5ODIyNjQzNzNhNWYwZDQxNWVhMGQyNmUwIiwiaXNzIjoidXJuOmFwcDo3ZTBkMTg4OTgyMjY0MzczYTVmMGQ0MTVlYTBkMjZlMCIsIm9iaiI6W1t7ImhlaWdodCI6Ijw9MTEyNCIsInBhdGgiOiIvZi83MTAyMTU2My1iYTA1LTQxZjItYmNjNC0xNjllMGJiYWNhZWUvZGllNTBrOC0yMTcyMTgzYi04ZWRkLTQ0OTktOGVmMi05MTlmM2QxYzAyODkucG5nIiwid2lkdGgiOiI8PTE5MjAifV1dLCJhdWQiOlsidXJuOnNlcnZpY2U6aW1hZ2Uub3BlcmF0aW9ucyJdfQ.5OFP3M_ktQv5tyrRRd_HvVQBgCs6vnx2UF4YBZ_FFb8"
"2024-10-19T22:24:14-0700","Gray","https://images-wixmp-ed30a86b8c4ca887773594c2.wixmp.com/f/71021563-ba05-41f2-bcc4-169e0bbacaee/die5w9s-3beaffdb-6b10-42a0-9261-a2f60a6ead00.png/v1/fill/w_1600,h_1267,q_80,strp/gray_by_jaxaaronson_die5w9s-fullview.jpg?token=eyJ0eXAiOiJKV1QiLCJhbGciOiJIUzI1NiJ9.eyJzdWIiOiJ1cm46YXBwOjdlMGQxODg5ODIyNjQzNzNhNWYwZDQxNWVhMGQyNmUwIiwiaXNzIjoidXJuOmFwcDo3ZTBkMTg4OTgyMjY0MzczYTVmMGQ0MTVlYTBkMjZlMCIsIm9iaiI6W1t7ImhlaWdodCI6Ijw9MTI2NyIsInBhdGgiOiIvZi83MTAyMTU2My1iYTA1LTQxZjItYmNjNC0xNjllMGJiYWNhZWUvZGllNXc5cy0zYmVhZmZkYi02YjEwLTQyYTAtOTI2MS1hMmY2MGE2ZWFkMDAucG5nIiwid2lkdGgiOiI8PTE2MDAifV1dLCJhdWQiOlsidXJuOnNlcnZpY2U6aW1hZ2Uub3BlcmF0aW9ucyJdfQ.U5AbCXuauDF1mkKiRJzUjKIwuOQ3DOCo5ZvCN2lbOWs"
"2024-10-20T21:14:56-0700","Alley","https://images-wixmp-ed30a86b8c4ca887773594c2.wixmp.com/f/71021563-ba05-41f2-bcc4-169e0bbacaee/dieenxj-2f20a677-e381-4302-9428-20e315e08ce8.png/v1/fill/w_1920,h_917,q_80,strp/alley_by_jaxaaronson_dieenxj-fullview.jpg?token=eyJ0eXAiOiJKV1QiLCJhbGciOiJIUzI1NiJ9.eyJzdWIiOiJ1cm46YXBwOjdlMGQxODg5ODIyNjQzNzNhNWYwZDQxNWVhMGQyNmUwIiwiaXNzIjoidXJuOmFwcDo3ZTBkMTg4OTgyMjY0MzczYTVmMGQ0MTVlYTBkMjZlMCIsIm9iaiI6W1t7ImhlaWdodCI6Ijw9OTE3IiwicGF0aCI6Ii9mLzcxMDIxNTYzLWJhMDUtNDFmMi1iY2M0LTE2OWUwYmJhY2FlZS9kaWVlbnhqLTJmMjBhNjc3LWUzODEtNDMwMi05NDI4LTIwZTMxNWUwOGNlOC5wbmciLCJ3aWR0aCI6Ijw9MTkyMCJ9XV0sImF1ZCI6WyJ1cm46c2VydmljZTppbWFnZS5vcGVyYXRpb25zIl19.BVDZcjOcvMOGaHy32rJ1RiV2H48vl4dWT0HDBCVtDT0"
"2024-10-21T10:10:23-0700","Pagoda","https://images-wixmp-ed30a86b8c4ca887773594c2.wixmp.com/f/71021563-ba05-41f2-bcc4-169e0bbacaee/dieiz8m-8b98ea7e-6eb3-4ec2-8bb4-ac3c38918d7a.png/v1/fill/w_1920,h_1182,q_80,strp/pagoda_by_jaxaaronson_dieiz8m-fullview.jpg?token=eyJ0eXAiOiJKV1QiLCJhbGciOiJIUzI1NiJ9.eyJzdWIiOiJ1cm46YXBwOjdlMGQxODg5ODIyNjQzNzNhNWYwZDQxNWVhMGQyNmUwIiwiaXNzIjoidXJuOmFwcDo3ZTBkMTg4OTgyMjY0MzczYTVmMGQ0MTVlYTBkMjZlMCIsIm9iaiI6W1t7ImhlaWdodCI6Ijw9MTE4MiIsInBhdGgiOiIvZi83MTAyMTU2My1iYTA1LTQxZjItYmNjNC0xNjllMGJiYWNhZWUvZGllaXo4bS04Yjk4ZWE3ZS02ZWIzLTRlYzItOGJiNC1hYzNjMzg5MThkN2EucG5nIiwid2lkdGgiOiI8PTE5MjAifV1dLCJhdWQiOlsidXJuOnNlcnZpY2U6aW1hZ2Uub3BlcmF0aW9ucyJdfQ.2CpjWTL8qDVGmGkY71J54PPY8RkZy7XIs-kWH-iGCg0"
"2024-10-21T15:17:13-0700","Bird","https://images-wixmp-ed30a86b8c4ca887773594c2.wixmp.com/f/71021563-ba05-41f2-bcc4-169e0bbacaee/diel4gw-44d049dc-0e16-4303-9f0a-fce5bea0a5f7.png/v1/fill/w_1280,h_591,q_80,strp/bird_by_jaxaaronson_diel4gw-fullview.jpg?token=eyJ0eXAiOiJKV1QiLCJhbGciOiJIUzI1NiJ9.eyJzdWIiOiJ1cm46YXBwOjdlMGQxODg5ODIyNjQzNzNhNWYwZDQxNWVhMGQyNmUwIiwiaXNzIjoidXJuOmFwcDo3ZTBkMTg4OTgyMjY0MzczYTVmMGQ0MTVlYTBkMjZlMCIsIm9iaiI6W1t7ImhlaWdodCI6Ijw9NTkxIiwicGF0aCI6Ii9mLzcxMDIxNTYzLWJhMDUtNDFmMi1iY2M0LTE2OWUwYmJhY2FlZS9kaWVsNGd3LTQ0ZDA0OWRjLTBlMTYtNDMwMy05ZjBhLWZjZTViZWEwYTVmNy5wbmciLCJ3aWR0aCI6Ijw9MTI4MCJ9XV0sImF1ZCI6WyJ1cm46c2VydmljZTppbWFnZS5vcGVyYXRpb25zIl19.9co1Uaurur18KIigYKXQ74-79esrsH-nnk1SwPngW1E"
"2024-10-21T18:06:28-0700","North Pole","https://images-wixmp-ed30a86b8c4ca887773594c2.wixmp.com/f/71021563-ba05-41f2-bcc4-169e0bbacaee/diem3qv-8d5daebf-c85a-4503-8533-0a43be35aac1.png/v1/fill/w_1280,h_498,q_80,strp/north_pole_by_jaxaaronson_diem3qv-fullview.jpg?token=eyJ0eXAiOiJKV1QiLCJhbGciOiJIUzI1NiJ9.eyJzdWIiOiJ1cm46YXBwOjdlMGQxODg5ODIyNjQzNzNhNWYwZDQxNWVhMGQyNmUwIiwiaXNzIjoidXJuOmFwcDo3ZTBkMTg4OTgyMjY0MzczYTVmMGQ0MTVlYTBkMjZlMCIsIm9iaiI6W1t7ImhlaWdodCI6Ijw9NDk4IiwicGF0aCI6Ii9mLzcxMDIxNTYzLWJhMDUtNDFmMi1iY2M0LTE2OWUwYmJhY2FlZS9kaWVtM3F2LThkNWRhZWJmLWM4NWEtNDUwMy04NTMzLTBhNDNiZTM1YWFjMS5wbmciLCJ3aWR0aCI6Ijw9MTI4MCJ9XV0sImF1ZCI6WyJ1cm46c2VydmljZTppbWFnZS5vcGVyYXRpb25zIl19.J4b1Xgq49iJhw7AXdJoAhZ5KJ5LVdXNkikFaXNubXjI"
"2024-10-22T09:59:05-0700","Mint","https://images-wixmp-ed30a86b8c4ca887773594c2.wixmp.com/f/71021563-ba05-41f2-bcc4-169e0bbacaee/diequza-125cbc81-ae9a-458c-8127-9c297da5705c.png/v1/fill/w_1280,h_985,q_80,strp/mint_by_jaxaaronson_diequza-fullview.jpg?token=eyJ0eXAiOiJKV1QiLCJhbGciOiJIUzI1NiJ9.eyJzdWIiOiJ1cm46YXBwOjdlMGQxODg5ODIyNjQzNzNhNWYwZDQxNWVhMGQyNmUwIiwiaXNzIjoidXJuOmFwcDo3ZTBkMTg4OTgyMjY0MzczYTVmMGQ0MTVlYTBkMjZlMCIsIm9iaiI6W1t7ImhlaWdodCI6Ijw9OTg1IiwicGF0aCI6Ii9mLzcxMDIxNTYzLWJhMDUtNDFmMi1iY2M0LTE2OWUwYmJhY2FlZS9kaWVxdXphLTEyNWNiYzgxLWFlOWEtNDU4Yy04MTI3LTljMjk3ZGE1NzA1Yy5wbmciLCJ3aWR0aCI6Ijw9MTI4MCJ9XV0sImF1ZCI6WyJ1cm46c2VydmljZTppbWFnZS5vcGVyYXRpb25zIl19.Kof7OVI99-E_I5m9AG6b4cDOaTqdi4dvFi4bZyKTJOg"
"2024-10-22T15:03:32-0700","Skateboard","https://images-wixmp-ed30a86b8c4ca887773594c2.wixmp.com/f/71021563-ba05-41f2-bcc4-169e0bbacaee/diesz6g-361542d1-4532-4418-86b4-5a0a524ab903.png/v1/fill/w_1920,h_917,q_80,strp/skateboard_by_jaxaaronson_diesz6g-fullview.jpg?token=eyJ0eXAiOiJKV1QiLCJhbGciOiJIUzI1NiJ9.eyJzdWIiOiJ1cm46YXBwOjdlMGQxODg5ODIyNjQzNzNhNWYwZDQxNWVhMGQyNmUwIiwiaXNzIjoidXJuOmFwcDo3ZTBkMTg4OTgyMjY0MzczYTVmMGQ0MTVlYTBkMjZlMCIsIm9iaiI6W1t7ImhlaWdodCI6Ijw9OTE3IiwicGF0aCI6Ii9mLzcxMDIxNTYzLWJhMDUtNDFmMi1iY2M0LTE2OWUwYmJhY2FlZS9kaWVzejZnLTM2MTU0MmQxLTQ1MzItNDQxOC04NmI0LTVhMGE1MjRhYjkwMy5wbmciLCJ3aWR0aCI6Ijw9MTkyMCJ9XV0sImF1ZCI6WyJ1cm46c2VydmljZTppbWFnZS5vcGVyYXRpb25zIl19.RXsYidBDLmuWV9FYZRUc_umte7TgJV6rvXcjNo8oPRs"
"2024-10-22T18:49:16-0700","Tile Floor","https://images-wixmp-ed30a86b8c4ca887773594c2.wixmp.com/f/71021563-ba05-41f2-bcc4-169e0bbacaee/dieu9cb-8a9f9830-e131-484a-86f8-b486864c352e.png/v1/fill/w_1280,h_1520,q_80,strp/tile_floor_by_jaxaaronson_dieu9cb-fullview.jpg?token=eyJ0eXAiOiJKV1QiLCJhbGciOiJIUzI1NiJ9.eyJzdWIiOiJ1cm46YXBwOjdlMGQxODg5ODIyNjQzNzNhNWYwZDQxNWVhMGQyNmUwIiwiaXNzIjoidXJuOmFwcDo3ZTBkMTg4OTgyMjY0MzczYTVmMGQ0MTVlYTBkMjZlMCIsIm9iaiI6W1t7ImhlaWdodCI6Ijw9MTUyMCIsInBhdGgiOiIvZi83MTAyMTU2My1iYTA1LTQxZjItYmNjNC0xNjllMGJiYWNhZWUvZGlldTljYi04YTlmOTgzMC1lMTMxLTQ4NGEtODZmOC1iNDg2ODY0YzM1MmUucG5nIiwid2lkdGgiOiI8PTEyODAifV1dLCJhdWQiOlsidXJuOnNlcnZpY2U6aW1hZ2Uub3BlcmF0aW9ucyJdfQ._7_dS9Hnwp3rRgnN3Z1KiXjx6KEE1z8oBcussXxTATc"
"2024-10-22T19:19:17-0700","Succulents","https://images-wixmp-ed30a86b8c4ca887773594c2.wixmp.com/f/71021563-ba05-41f2-bcc4-169e0bbacaee/dieuetp-dd37e41c-5178-4110-bf03-b66e48223fa6.png/v1/fill/w_1920,h_1064,q_80,strp/succulents_by_jaxaaronson_dieuetp-fullview.jpg?token=eyJ0eXAiOiJKV1QiLCJhbGciOiJIUzI1NiJ9.eyJzdWIiOiJ1cm46YXBwOjdlMGQxODg5ODIyNjQzNzNhNWYwZDQxNWVhMGQyNmUwIiwiaXNzIjoidXJuOmFwcDo3ZTBkMTg4OTgyMjY0MzczYTVmMGQ0MTVlYTBkMjZlMCIsIm9iaiI6W1t7ImhlaWdodCI6Ijw9MTA2NCIsInBhdGgiOiIvZi83MTAyMTU2My1iYTA1LTQxZjItYmNjNC0xNjllMGJiYWNhZWUvZGlldWV0cC1kZDM3ZTQxYy01MTc4LTQxMTAtYmYwMy1iNjZlNDgyMjNmYTYucG5nIiwid2lkdGgiOiI8PTE5MjAifV1dLCJhdWQiOlsidXJuOnNlcnZpY2U6aW1hZ2Uub3BlcmF0aW9ucyJdfQ.svbMKqQolsCXsf6wtn37K4AWSZ3mHRzf-kAR_Y1vMaQ"
"2024-10-23T08:41:50-0700","Trick-or-Treat","https://images-wixmp-ed30a86b8c4ca887773594c2.wixmp.com/f/71021563-ba05-41f2-bcc4-169e0bbacaee/dieyazx-82635fce-7adc-48d0-88e6-e4da7f5bb6ad.png/v1/fill/w_1920,h_1124,q_80,strp/trick_or_treat_by_jaxaaronson_dieyazx-fullview.jpg?token=eyJ0eXAiOiJKV1QiLCJhbGciOiJIUzI1NiJ9.eyJzdWIiOiJ1cm46YXBwOjdlMGQxODg5ODIyNjQzNzNhNWYwZDQxNWVhMGQyNmUwIiwiaXNzIjoidXJuOmFwcDo3ZTBkMTg4OTgyMjY0MzczYTVmMGQ0MTVlYTBkMjZlMCIsIm9iaiI6W1t7ImhlaWdodCI6Ijw9MTEyNCIsInBhdGgiOiIvZi83MTAyMTU2My1iYTA1LTQxZjItYmNjNC0xNjllMGJiYWNhZWUvZGlleWF6eC04MjYzNWZjZS03YWRjLTQ4ZDAtODhlNi1lNGRhN2Y1YmI2YWQucG5nIiwid2lkdGgiOiI8PTE5MjAifV1dLCJhdWQiOlsidXJuOnNlcnZpY2U6aW1hZ2Uub3BlcmF0aW9ucyJdfQ.xk-bjckx4Hjuzp2ZPTWS5wp3do5tmR4Hsf8s6f5mR9Q"
"2024-10-23T12:40:08-0700","Bugs","https://images-wixmp-ed30a86b8c4ca887773594c2.wixmp.com/f/71021563-ba05-41f2-bcc4-169e0bbacaee/diezrq4-3441d3b5-4253-4e1b-ae2f-b0433123d29c.png/v1/fill/w_1920,h_614,q_80,strp/bugs_by_jaxaaronson_diezrq4-fullview.jpg?token=eyJ0eXAiOiJKV1QiLCJhbGciOiJIUzI1NiJ9.eyJzdWIiOiJ1cm46YXBwOjdlMGQxODg5ODIyNjQzNzNhNWYwZDQxNWVhMGQyNmUwIiwiaXNzIjoidXJuOmFwcDo3ZTBkMTg4OTgyMjY0MzczYTVmMGQ0MTVlYTBkMjZlMCIsIm9iaiI6W1t7ImhlaWdodCI6Ijw9NjE0IiwicGF0aCI6Ii9mLzcxMDIxNTYzLWJhMDUtNDFmMi1iY2M0LTE2OWUwYmJhY2FlZS9kaWV6cnE0LTM0NDFkM2I1LTQyNTMtNGUxYi1hZTJmLWIwNDMzMTIzZDI5Yy5wbmciLCJ3aWR0aCI6Ijw9MTkyMCJ9XV0sImF1ZCI6WyJ1cm46c2VydmljZTppbWFnZS5vcGVyYXRpb25zIl19.BAhf4rxQBZrYfbJAt-o--ZhgdDGuYoltO2EnX2bGPZo"
"2024-10-23T14:39:09-0700","Bubblegum","https://images-wixmp-ed30a86b8c4ca887773594c2.wixmp.com/f/71021563-ba05-41f2-bcc4-169e0bbacaee/dif0la0-1d17c8f4-1ee9-49e3-a0e5-a0dd13065ae7.png/v1/fill/w_1280,h_1665,q_80,strp/bubblegum_by_jaxaaronson_dif0la0-fullview.jpg?token=eyJ0eXAiOiJKV1QiLCJhbGciOiJIUzI1NiJ9.eyJzdWIiOiJ1cm46YXBwOjdlMGQxODg5ODIyNjQzNzNhNWYwZDQxNWVhMGQyNmUwIiwiaXNzIjoidXJuOmFwcDo3ZTBkMTg4OTgyMjY0MzczYTVmMGQ0MTVlYTBkMjZlMCIsIm9iaiI6W1t7ImhlaWdodCI6Ijw9MTY2NSIsInBhdGgiOiIvZi83MTAyMTU2My1iYTA1LTQxZjItYmNjNC0xNjllMGJiYWNhZWUvZGlmMGxhMC0xZDE3YzhmNC0xZWU5LTQ5ZTMtYTBlNS1hMGRkMTMwNjVhZTcucG5nIiwid2lkdGgiOiI8PTEyODAifV1dLCJhdWQiOlsidXJuOnNlcnZpY2U6aW1hZ2Uub3BlcmF0aW9ucyJdfQ.URp-H2JgNMx0Fv2HQNcWlr8EPQbT7CADkIrQH1_tnu0"
"2024-10-23T16:16:59-0700","Soup","https://images-wixmp-ed30a86b8c4ca887773594c2.wixmp.com/f/71021563-ba05-41f2-bcc4-169e0bbacaee/dif15ac-a215dce8-29d4-4743-a1a2-dddcc7abd5b2.png/v1/fill/w_1920,h_917,q_80,strp/soup_by_jaxaaronson_dif15ac-fullview.jpg?token=eyJ0eXAiOiJKV1QiLCJhbGciOiJIUzI1NiJ9.eyJzdWIiOiJ1cm46YXBwOjdlMGQxODg5ODIyNjQzNzNhNWYwZDQxNWVhMGQyNmUwIiwiaXNzIjoidXJuOmFwcDo3ZTBkMTg4OTgyMjY0MzczYTVmMGQ0MTVlYTBkMjZlMCIsIm9iaiI6W1t7ImhlaWdodCI6Ijw9OTE3IiwicGF0aCI6Ii9mLzcxMDIxNTYzLWJhMDUtNDFmMi1iY2M0LTE2OWUwYmJhY2FlZS9kaWYxNWFjLWEyMTVkY2U4LTI5ZDQtNDc0My1hMWEyLWRkZGNjN2FiZDViMi5wbmciLCJ3aWR0aCI6Ijw9MTkyMCJ9XV0sImF1ZCI6WyJ1cm46c2VydmljZTppbWFnZS5vcGVyYXRpb25zIl19.uMzHiiHz87n0PO8cbqur1dwd6vpuQEV4saiJJyAdreI"
"2024-10-23T18:27:33-0700","Suitcase","https://images-wixmp-ed30a86b8c4ca887773594c2.wixmp.com/f/71021563-ba05-41f2-bcc4-169e0bbacaee/dif1rf9-e17fdf2c-7fbf-4b93-bef0-8ed88b4ae133.png/v1/fill/w_1920,h_1330,q_80,strp/suitcase_by_jaxaaronson_dif1rf9-fullview.jpg?token=eyJ0eXAiOiJKV1QiLCJhbGciOiJIUzI1NiJ9.eyJzdWIiOiJ1cm46YXBwOjdlMGQxODg5ODIyNjQzNzNhNWYwZDQxNWVhMGQyNmUwIiwiaXNzIjoidXJuOmFwcDo3ZTBkMTg4OTgyMjY0MzczYTVmMGQ0MTVlYTBkMjZlMCIsIm9iaiI6W1t7ImhlaWdodCI6Ijw9MTMzMCIsInBhdGgiOiIvZi83MTAyMTU2My1iYTA1LTQxZjItYmNjNC0xNjllMGJiYWNhZWUvZGlmMXJmOS1lMTdmZGYyYy03ZmJmLTRiOTMtYmVmMC04ZWQ4OGI0YWUxMzMucG5nIiwid2lkdGgiOiI8PTE5MjAifV1dLCJhdWQiOlsidXJuOnNlcnZpY2U6aW1hZ2Uub3BlcmF0aW9ucyJdfQ.XsOf8EzrhgBOL9YNRN_DSdGuHCo26FzZqrYU2Cf_0eo"
"2024-10-24T13:21:36-0700","Classic","https://images-wixmp-ed30a86b8c4ca887773594c2.wixmp.com/f/71021563-ba05-41f2-bcc4-169e0bbacaee/dif7k56-4a802cf3-c602-4978-9cd0-bbd8688303ba.png/v1/fill/w_1920,h_1586,q_80,strp/classic_by_jaxaaronson_dif7k56-fullview.jpg?token=eyJ0eXAiOiJKV1QiLCJhbGciOiJIUzI1NiJ9.eyJzdWIiOiJ1cm46YXBwOjdlMGQxODg5ODIyNjQzNzNhNWYwZDQxNWVhMGQyNmUwIiwiaXNzIjoidXJuOmFwcDo3ZTBkMTg4OTgyMjY0MzczYTVmMGQ0MTVlYTBkMjZlMCIsIm9iaiI6W1t7ImhlaWdodCI6Ijw9MTU4NiIsInBhdGgiOiIvZi83MTAyMTU2My1iYTA1LTQxZjItYmNjNC0xNjllMGJiYWNhZWUvZGlmN2s1Ni00YTgwMmNmMy1jNjAyLTQ5NzgtOWNkMC1iYmQ4Njg4MzAzYmEucG5nIiwid2lkdGgiOiI8PTE5MjAifV1dLCJhdWQiOlsidXJuOnNlcnZpY2U6aW1hZ2Uub3BlcmF0aW9ucyJdfQ.1QeB3PL81Y7wpCva-AjXGsjlYvXqQbNdQ7SBxVSpg5s"
"2024-10-24T16:36:12-0700","Culture Wall","https://images-wixmp-ed30a86b8c4ca887773594c2.wixmp.com/f/71021563-ba05-41f2-bcc4-169e0bbacaee/dif8o7f-1e318250-8c0b-4cd3-835d-249cd147a3f0.png/v1/fill/w_1920,h_840,q_80,strp/culture_wall_by_jaxaaronson_dif8o7f-fullview.jpg?token=eyJ0eXAiOiJKV1QiLCJhbGciOiJIUzI1NiJ9.eyJzdWIiOiJ1cm46YXBwOjdlMGQxODg5ODIyNjQzNzNhNWYwZDQxNWVhMGQyNmUwIiwiaXNzIjoidXJuOmFwcDo3ZTBkMTg4OTgyMjY0MzczYTVmMGQ0MTVlYTBkMjZlMCIsIm9iaiI6W1t7ImhlaWdodCI6Ijw9ODQwIiwicGF0aCI6Ii9mLzcxMDIxNTYzLWJhMDUtNDFmMi1iY2M0LTE2OWUwYmJhY2FlZS9kaWY4bzdmLTFlMzE4MjUwLThjMGItNGNkMy04MzVkLTI0OWNkMTQ3YTNmMC5wbmciLCJ3aWR0aCI6Ijw9MTkyMCJ9XV0sImF1ZCI6WyJ1cm46c2VydmljZTppbWFnZS5vcGVyYXRpb25zIl19.TzvZGVC595yn4WHTM-rMO6nYJbQ4qPOJs-8rfm05Mic"
"2024-10-24T18:08:30-0700","Gems","https://images-wixmp-ed30a86b8c4ca887773594c2.wixmp.com/f/71021563-ba05-41f2-bcc4-169e0bbacaee/dif94ob-b430ac98-676b-43ea-a22d-3403fd084ee9.png/v1/fill/w_1920,h_887,q_80,strp/gems_by_jaxaaronson_dif94ob-fullview.jpg?token=eyJ0eXAiOiJKV1QiLCJhbGciOiJIUzI1NiJ9.eyJzdWIiOiJ1cm46YXBwOjdlMGQxODg5ODIyNjQzNzNhNWYwZDQxNWVhMGQyNmUwIiwiaXNzIjoidXJuOmFwcDo3ZTBkMTg4OTgyMjY0MzczYTVmMGQ0MTVlYTBkMjZlMCIsIm9iaiI6W1t7ImhlaWdodCI6Ijw9ODg3IiwicGF0aCI6Ii9mLzcxMDIxNTYzLWJhMDUtNDFmMi1iY2M0LTE2OWUwYmJhY2FlZS9kaWY5NG9iLWI0MzBhYzk4LTY3NmItNDNlYS1hMjJkLTM0MDNmZDA4NGVlOS5wbmciLCJ3aWR0aCI6Ijw9MTkyMCJ9XV0sImF1ZCI6WyJ1cm46c2VydmljZTppbWFnZS5vcGVyYXRpb25zIl19.bLiLYeLdNm0eI6q1pUrMdwFxTQ9P4KOcvsvRKjGCd_0"
"2024-10-24T19:20:08-0700","Planks","https://images-wixmp-ed30a86b8c4ca887773594c2.wixmp.com/f/71021563-ba05-41f2-bcc4-169e0bbacaee/dif9j9l-5002449b-ba2b-4dc9-9302-131292764d78.png/v1/fill/w_1920,h_1209,q_80,strp/planks_by_jaxaaronson_dif9j9l-fullview.jpg?token=eyJ0eXAiOiJKV1QiLCJhbGciOiJIUzI1NiJ9.eyJzdWIiOiJ1cm46YXBwOjdlMGQxODg5ODIyNjQzNzNhNWYwZDQxNWVhMGQyNmUwIiwiaXNzIjoidXJuOmFwcDo3ZTBkMTg4OTgyMjY0MzczYTVmMGQ0MTVlYTBkMjZlMCIsIm9iaiI6W1t7ImhlaWdodCI6Ijw9MTIwOSIsInBhdGgiOiIvZi83MTAyMTU2My1iYTA1LTQxZjItYmNjNC0xNjllMGJiYWNhZWUvZGlmOWo5bC01MDAyNDQ5Yi1iYTJiLTRkYzktOTMwMi0xMzEyOTI3NjRkNzgucG5nIiwid2lkdGgiOiI8PTE5MjAifV1dLCJhdWQiOlsidXJuOnNlcnZpY2U6aW1hZ2Uub3BlcmF0aW9ucyJdfQ.14q5IU7IP7ByVNB8bI68tzsLUKKont67L7OqBNVuGXo"
"2024-10-24T21:14:46-0700","Bamboo","https://images-wixmp-ed30a86b8c4ca887773594c2.wixmp.com/f/71021563-ba05-41f2-bcc4-169e0bbacaee/difa1my-1d7d0d28-36fd-4d18-90c8-26d7d33cc13e.png/v1/fill/w_1920,h_1872,q_80,strp/bamboo_by_jaxaaronson_difa1my-fullview.jpg?token=eyJ0eXAiOiJKV1QiLCJhbGciOiJIUzI1NiJ9.eyJzdWIiOiJ1cm46YXBwOjdlMGQxODg5ODIyNjQzNzNhNWYwZDQxNWVhMGQyNmUwIiwiaXNzIjoidXJuOmFwcDo3ZTBkMTg4OTgyMjY0MzczYTVmMGQ0MTVlYTBkMjZlMCIsIm9iaiI6W1t7ImhlaWdodCI6Ijw9MTg3MiIsInBhdGgiOiIvZi83MTAyMTU2My1iYTA1LTQxZjItYmNjNC0xNjllMGJiYWNhZWUvZGlmYTFteS0xZDdkMGQyOC0zNmZkLTRkMTgtOTBjOC0yNmQ3ZDMzY2MxM2UucG5nIiwid2lkdGgiOiI8PTE5MjAifV1dLCJhdWQiOlsidXJuOnNlcnZpY2U6aW1hZ2Uub3BlcmF0aW9ucyJdfQ.iWINn53wotCUQ9OOzdViZfxpb_ooQS7iCm6prEXQxRU"
"2024-10-25T10:11:22-0700","Neighborly","https://images-wixmp-ed30a86b8c4ca887773594c2.wixmp.com/f/71021563-ba05-41f2-bcc4-169e0bbacaee/difdvua-889f217a-fba8-45e6-8617-0eb10ecfd538.png/v1/fill/w_1280,h_788,q_80,strp/neighborly_by_jaxaaronson_difdvua-fullview.jpg?token=eyJ0eXAiOiJKV1QiLCJhbGciOiJIUzI1NiJ9.eyJzdWIiOiJ1cm46YXBwOjdlMGQxODg5ODIyNjQzNzNhNWYwZDQxNWVhMGQyNmUwIiwiaXNzIjoidXJuOmFwcDo3ZTBkMTg4OTgyMjY0MzczYTVmMGQ0MTVlYTBkMjZlMCIsIm9iaiI6W1t7ImhlaWdodCI6Ijw9Nzg4IiwicGF0aCI6Ii9mLzcxMDIxNTYzLWJhMDUtNDFmMi1iY2M0LTE2OWUwYmJhY2FlZS9kaWZkdnVhLTg4OWYyMTdhLWZiYTgtNDVlNi04NjE3LTBlYjEwZWNmZDUzOC5wbmciLCJ3aWR0aCI6Ijw9MTI4MCJ9XV0sImF1ZCI6WyJ1cm46c2VydmljZTppbWFnZS5vcGVyYXRpb25zIl19.4LSfdpEDetpPy1nR6lX7G87F2LiFRuyurfB9Khbsp-I"
"2024-10-25T15:40:59-0700","Daytime","https://images-wixmp-ed30a86b8c4ca887773594c2.wixmp.com/f/71021563-ba05-41f2-bcc4-169e0bbacaee/difg18w-a8df91cc-96e2-4d01-86ef-be0f5ac2f172.png/v1/fill/w_1280,h_1280,q_80,strp/daytime_by_jaxaaronson_difg18w-fullview.jpg?token=eyJ0eXAiOiJKV1QiLCJhbGciOiJIUzI1NiJ9.eyJzdWIiOiJ1cm46YXBwOjdlMGQxODg5ODIyNjQzNzNhNWYwZDQxNWVhMGQyNmUwIiwiaXNzIjoidXJuOmFwcDo3ZTBkMTg4OTgyMjY0MzczYTVmMGQ0MTVlYTBkMjZlMCIsIm9iaiI6W1t7ImhlaWdodCI6Ijw9MTI4MCIsInBhdGgiOiIvZi83MTAyMTU2My1iYTA1LTQxZjItYmNjNC0xNjllMGJiYWNhZWUvZGlmZzE4dy1hOGRmOTFjYy05NmUyLTRkMDEtODZlZi1iZTBmNWFjMmYxNzIucG5nIiwid2lkdGgiOiI8PTEyODAifV1dLCJhdWQiOlsidXJuOnNlcnZpY2U6aW1hZ2Uub3BlcmF0aW9ucyJdfQ.MojmYix8WQFrHghfzKeWlC_kC2xkXwXqs3AnCHGBs9k"
"2024-10-25T18:16:09-0700","Dim Sum","https://images-wixmp-ed30a86b8c4ca887773594c2.wixmp.com/f/71021563-ba05-41f2-bcc4-169e0bbacaee/difgtl3-2be38c3b-ff04-4cb7-942e-fe05259519d8.png/v1/fill/w_1280,h_1267,q_80,strp/dim_sum_by_jaxaaronson_difgtl3-fullview.jpg?token=eyJ0eXAiOiJKV1QiLCJhbGciOiJIUzI1NiJ9.eyJzdWIiOiJ1cm46YXBwOjdlMGQxODg5ODIyNjQzNzNhNWYwZDQxNWVhMGQyNmUwIiwiaXNzIjoidXJuOmFwcDo3ZTBkMTg4OTgyMjY0MzczYTVmMGQ0MTVlYTBkMjZlMCIsIm9iaiI6W1t7ImhlaWdodCI6Ijw9MTI2NyIsInBhdGgiOiIvZi83MTAyMTU2My1iYTA1LTQxZjItYmNjNC0xNjllMGJiYWNhZWUvZGlmZ3RsMy0yYmUzOGMzYi1mZjA0LTRjYjctOTQyZS1mZTA1MjU5NTE5ZDgucG5nIiwid2lkdGgiOiI8PTEyODAifV1dLCJhdWQiOlsidXJuOnNlcnZpY2U6aW1hZ2Uub3BlcmF0aW9ucyJdfQ.XLdzQ-YsnLZLGipQro3__NcDqt-L6MxYRTmXgiyTDxE"
"2024-10-25T20:17:12-0700","Wine","https://images-wixmp-ed30a86b8c4ca887773594c2.wixmp.com/f/71021563-ba05-41f2-bcc4-169e0bbacaee/difhedz-f508fdbc-9d26-4bfd-91b1-70bc4a49e496.png/v1/fill/w_1920,h_840,q_80,strp/wine_by_jaxaaronson_difhedz-fullview.jpg?token=eyJ0eXAiOiJKV1QiLCJhbGciOiJIUzI1NiJ9.eyJzdWIiOiJ1cm46YXBwOjdlMGQxODg5ODIyNjQzNzNhNWYwZDQxNWVhMGQyNmUwIiwiaXNzIjoidXJuOmFwcDo3ZTBkMTg4OTgyMjY0MzczYTVmMGQ0MTVlYTBkMjZlMCIsIm9iaiI6W1t7ImhlaWdodCI6Ijw9ODQwIiwicGF0aCI6Ii9mLzcxMDIxNTYzLWJhMDUtNDFmMi1iY2M0LTE2OWUwYmJhY2FlZS9kaWZoZWR6LWY1MDhmZGJjLTlkMjYtNGJmZC05MWIxLTcwYmM0YTQ5ZTQ5Ni5wbmciLCJ3aWR0aCI6Ijw9MTkyMCJ9XV0sImF1ZCI6WyJ1cm46c2VydmljZTppbWFnZS5vcGVyYXRpb25zIl19.y-gYm6O-AY3915aM5uRpTLWPgS1YeERtYjn7UzYwRrU"
"2024-10-26T04:37:19-0700","La Muerta","https://images-wixmp-ed30a86b8c4ca887773594c2.wixmp.com/f/71021563-ba05-41f2-bcc4-169e0bbacaee/difjoyc-56633afb-9240-4c8b-8c25-bdeb005920bc.png/v1/fill/w_1280,h_936,q_80,strp/la_muerta_by_jaxaaronson_difjoyc-fullview.jpg?token=eyJ0eXAiOiJKV1QiLCJhbGciOiJIUzI1NiJ9.eyJzdWIiOiJ1cm46YXBwOjdlMGQxODg5ODIyNjQzNzNhNWYwZDQxNWVhMGQyNmUwIiwiaXNzIjoidXJuOmFwcDo3ZTBkMTg4OTgyMjY0MzczYTVmMGQ0MTVlYTBkMjZlMCIsIm9iaiI6W1t7ImhlaWdodCI6Ijw9OTM2IiwicGF0aCI6Ii9mLzcxMDIxNTYzLWJhMDUtNDFmMi1iY2M0LTE2OWUwYmJhY2FlZS9kaWZqb3ljLTU2NjMzYWZiLTkyNDAtNGM4Yi04YzI1LWJkZWIwMDU5MjBiYy5wbmciLCJ3aWR0aCI6Ijw9MTI4MCJ9XV0sImF1ZCI6WyJ1cm46c2VydmljZTppbWFnZS5vcGVyYXRpb25zIl19.GfTJP1L95gya3ZzGsWYKBjEa4vidEIrV19hxE-6gfB4"
"2024-10-26T15:19:59-0700","USA shades","https://images-wixmp-ed30a86b8c4ca887773594c2.wixmp.com/f/71021563-ba05-41f2-bcc4-169e0bbacaee/difnm4r-f508d7ba-2050-4256-b001-309be16d2999.png/v1/fill/w_1280,h_1120,q_80,strp/usa_shades_by_jaxaaronson_difnm4r-fullview.jpg?token=eyJ0eXAiOiJKV1QiLCJhbGciOiJIUzI1NiJ9.eyJzdWIiOiJ1cm46YXBwOjdlMGQxODg5ODIyNjQzNzNhNWYwZDQxNWVhMGQyNmUwIiwiaXNzIjoidXJuOmFwcDo3ZTBkMTg4OTgyMjY0MzczYTVmMGQ0MTVlYTBkMjZlMCIsIm9iaiI6W1t7ImhlaWdodCI6Ijw9MTEyMCIsInBhdGgiOiIvZi83MTAyMTU2My1iYTA1LTQxZjItYmNjNC0xNjllMGJiYWNhZWUvZGlmbm00ci1mNTA4ZDdiYS0yMDUwLTQyNTYtYjAwMS0zMDliZTE2ZDI5OTkucG5nIiwid2lkdGgiOiI8PTEyODAifV1dLCJhdWQiOlsidXJuOnNlcnZpY2U6aW1hZ2Uub3BlcmF0aW9ucyJdfQ.2_7tjSOHwLf106Jb9nh6xL_HHRAhIrIY7rJ40hkPUZc"
"2024-10-26T18:19:54-0700","Prom","https://images-wixmp-ed30a86b8c4ca887773594c2.wixmp.com/f/71021563-ba05-41f2-bcc4-169e0bbacaee/difokj8-1b740a80-955b-4ca6-aefd-edb9ec11b8dc.png/v1/fill/w_1920,h_1214,q_80,strp/prom_by_jaxaaronson_difokj8-fullview.jpg?token=eyJ0eXAiOiJKV1QiLCJhbGciOiJIUzI1NiJ9.eyJzdWIiOiJ1cm46YXBwOjdlMGQxODg5ODIyNjQzNzNhNWYwZDQxNWVhMGQyNmUwIiwiaXNzIjoidXJuOmFwcDo3ZTBkMTg4OTgyMjY0MzczYTVmMGQ0MTVlYTBkMjZlMCIsIm9iaiI6W1t7ImhlaWdodCI6Ijw9MTIxNCIsInBhdGgiOiIvZi83MTAyMTU2My1iYTA1LTQxZjItYmNjNC0xNjllMGJiYWNhZWUvZGlmb2tqOC0xYjc0MGE4MC05NTViLTRjYTYtYWVmZC1lZGI5ZWMxMWI4ZGMucG5nIiwid2lkdGgiOiI8PTE5MjAifV1dLCJhdWQiOlsidXJuOnNlcnZpY2U6aW1hZ2Uub3BlcmF0aW9ucyJdfQ.2Qyp4J8-caUT0tOxJb-KUamio8WcllPwUmrwe63jLSw"
"2024-10-26T19:55:33-0700","Pumpkin Patch","https://images-wixmp-ed30a86b8c4ca887773594c2.wixmp.com/f/71021563-ba05-41f2-bcc4-169e0bbacaee/difp0at-d9e54803-2cc4-48ef-ac12-c72c9d8dcb73.png/v1/fill/w_1280,h_1618,q_80,strp/pumpkin_patch_by_jaxaaronson_difp0at-fullview.jpg?token=eyJ0eXAiOiJKV1QiLCJhbGciOiJIUzI1NiJ9.eyJzdWIiOiJ1cm46YXBwOjdlMGQxODg5ODIyNjQzNzNhNWYwZDQxNWVhMGQyNmUwIiwiaXNzIjoidXJuOmFwcDo3ZTBkMTg4OTgyMjY0MzczYTVmMGQ0MTVlYTBkMjZlMCIsIm9iaiI6W1t7ImhlaWdodCI6Ijw9MTYxOCIsInBhdGgiOiIvZi83MTAyMTU2My1iYTA1LTQxZjItYmNjNC0xNjllMGJiYWNhZWUvZGlmcDBhdC1kOWU1NDgwMy0yY2M0LTQ4ZWYtYWMxMi1jNzJjOWQ4ZGNiNzMucG5nIiwid2lkdGgiOiI8PTEyODAifV1dLCJhdWQiOlsidXJuOnNlcnZpY2U6aW1hZ2Uub3BlcmF0aW9ucyJdfQ.D9oJdEAoX06g7zeO-yAicv3VlKHhuPMJp-NzcnpJnxM"
"2024-10-26T23:39:42-0700","Hairdo","https://images-wixmp-ed30a86b8c4ca887773594c2.wixmp.com/f/71021563-ba05-41f2-bcc4-169e0bbacaee/difq001-5dba994d-f316-4983-a9d5-7e6ebd2a5540.png/v1/fill/w_1920,h_1023,q_80,strp/hairdo_by_jaxaaronson_difq001-fullview.jpg?token=eyJ0eXAiOiJKV1QiLCJhbGciOiJIUzI1NiJ9.eyJzdWIiOiJ1cm46YXBwOjdlMGQxODg5ODIyNjQzNzNhNWYwZDQxNWVhMGQyNmUwIiwiaXNzIjoidXJuOmFwcDo3ZTBkMTg4OTgyMjY0MzczYTVmMGQ0MTVlYTBkMjZlMCIsIm9iaiI6W1t7ImhlaWdodCI6Ijw9MTAyMyIsInBhdGgiOiIvZi83MTAyMTU2My1iYTA1LTQxZjItYmNjNC0xNjllMGJiYWNhZWUvZGlmcTAwMS01ZGJhOTk0ZC1mMzE2LTQ5ODMtYTlkNS03ZTZlYmQyYTU1NDAucG5nIiwid2lkdGgiOiI8PTE5MjAifV1dLCJhdWQiOlsidXJuOnNlcnZpY2U6aW1hZ2Uub3BlcmF0aW9ucyJdfQ.Ll9JdtmIfqrN1I5MSkj4FkceiCyWcb_IYDk0Mu1MQSg"
"2024-10-27T20:21:27-0700","City Legs","https://images-wixmp-ed30a86b8c4ca887773594c2.wixmp.com/f/71021563-ba05-41f2-bcc4-169e0bbacaee/dify2qx-f65488e3-4c19-409a-abdd-3c635c1435f5.png/v1/fill/w_1920,h_1324,q_80,strp/city_legs_by_jaxaaronson_dify2qx-fullview.jpg?token=eyJ0eXAiOiJKV1QiLCJhbGciOiJIUzI1NiJ9.eyJzdWIiOiJ1cm46YXBwOjdlMGQxODg5ODIyNjQzNzNhNWYwZDQxNWVhMGQyNmUwIiwiaXNzIjoidXJuOmFwcDo3ZTBkMTg4OTgyMjY0MzczYTVmMGQ0MTVlYTBkMjZlMCIsIm9iaiI6W1t7ImhlaWdodCI6Ijw9MTMyNCIsInBhdGgiOiIvZi83MTAyMTU2My1iYTA1LTQxZjItYmNjNC0xNjllMGJiYWNhZWUvZGlmeTJxeC1mNjU0ODhlMy00YzE5LTQwOWEtYWJkZC0zYzYzNWMxNDM1ZjUucG5nIiwid2lkdGgiOiI8PTE5MjAifV1dLCJhdWQiOlsidXJuOnNlcnZpY2U6aW1hZ2Uub3BlcmF0aW9ucyJdfQ.RFB2JPfAfDkAFjHZx2wIgbpvTRIGMeyI8i0L4XSeU8k"
"2024-10-28T16:54:26-0700","Machu Picchu","https://images-wixmp-ed30a86b8c4ca887773594c2.wixmp.com/f/71021563-ba05-41f2-bcc4-169e0bbacaee/dig59tw-2401f726-7627-4f25-9bd6-a2d09da3bc31.png/v1/fill/w_1280,h_788,q_80,strp/machu_picchu_by_jaxaaronson_dig59tw-fullview.jpg?token=eyJ0eXAiOiJKV1QiLCJhbGciOiJIUzI1NiJ9.eyJzdWIiOiJ1cm46YXBwOjdlMGQxODg5ODIyNjQzNzNhNWYwZDQxNWVhMGQyNmUwIiwiaXNzIjoidXJuOmFwcDo3ZTBkMTg4OTgyMjY0MzczYTVmMGQ0MTVlYTBkMjZlMCIsIm9iaiI6W1t7ImhlaWdodCI6Ijw9Nzg4IiwicGF0aCI6Ii9mLzcxMDIxNTYzLWJhMDUtNDFmMi1iY2M0LTE2OWUwYmJhY2FlZS9kaWc1OXR3LTI0MDFmNzI2LTc2MjctNGYyNS05YmQ2LWEyZDA5ZGEzYmMzMS5wbmciLCJ3aWR0aCI6Ijw9MTI4MCJ9XV0sImF1ZCI6WyJ1cm46c2VydmljZTppbWFnZS5vcGVyYXRpb25zIl19.2gMu2mLso-zfbnKJo7pc6cnPNOI9nOBuhbQTJV_TebM"
"2024-10-28T19:51:52-0700","Donuts","https://images-wixmp-ed30a86b8c4ca887773594c2.wixmp.com/f/71021563-ba05-41f2-bcc4-169e0bbacaee/dig6dep-6e8ba6c2-9474-4c93-9ce9-eb4082e91d25.png/v1/fill/w_1280,h_1108,q_80,strp/donuts_by_jaxaaronson_dig6dep-fullview.jpg?token=eyJ0eXAiOiJKV1QiLCJhbGciOiJIUzI1NiJ9.eyJzdWIiOiJ1cm46YXBwOjdlMGQxODg5ODIyNjQzNzNhNWYwZDQxNWVhMGQyNmUwIiwiaXNzIjoidXJuOmFwcDo3ZTBkMTg4OTgyMjY0MzczYTVmMGQ0MTVlYTBkMjZlMCIsIm9iaiI6W1t7ImhlaWdodCI6Ijw9MTEwOCIsInBhdGgiOiIvZi83MTAyMTU2My1iYTA1LTQxZjItYmNjNC0xNjllMGJiYWNhZWUvZGlnNmRlcC02ZThiYTZjMi05NDc0LTRjOTMtOWNlOS1lYjQwODJlOTFkMjUucG5nIiwid2lkdGgiOiI8PTEyODAifV1dLCJhdWQiOlsidXJuOnNlcnZpY2U6aW1hZ2Uub3BlcmF0aW9ucyJdfQ.14ekgbZhqpsbFv9CGHP3RKpfmBrU-hY4DUB3C2spdUg"
"2024-10-28T20:35:42-0700","Pollo","https://images-wixmp-ed30a86b8c4ca887773594c2.wixmp.com/f/71021563-ba05-41f2-bcc4-169e0bbacaee/dig6lei-e30b0f77-0aed-498e-b42c-41e82c8794da.png/v1/fill/w_1280,h_624,q_80,strp/pollo_by_jaxaaronson_dig6lei-fullview.jpg?token=eyJ0eXAiOiJKV1QiLCJhbGciOiJIUzI1NiJ9.eyJzdWIiOiJ1cm46YXBwOjdlMGQxODg5ODIyNjQzNzNhNWYwZDQxNWVhMGQyNmUwIiwiaXNzIjoidXJuOmFwcDo3ZTBkMTg4OTgyMjY0MzczYTVmMGQ0MTVlYTBkMjZlMCIsIm9iaiI6W1t7ImhlaWdodCI6Ijw9NjI0IiwicGF0aCI6Ii9mLzcxMDIxNTYzLWJhMDUtNDFmMi1iY2M0LTE2OWUwYmJhY2FlZS9kaWc2bGVpLWUzMGIwZjc3LTBhZWQtNDk4ZS1iNDJjLTQxZTgyYzg3OTRkYS5wbmciLCJ3aWR0aCI6Ijw9MTI4MCJ9XV0sImF1ZCI6WyJ1cm46c2VydmljZTppbWFnZS5vcGVyYXRpb25zIl19.M_eIggMTuzqNSfxZ9kmYQHSmW9xoWcAwmkULa7pR8lw"
"2024-10-29T20:31:36-0700","Holly","https://images-wixmp-ed30a86b8c4ca887773594c2.wixmp.com/f/71021563-ba05-41f2-bcc4-169e0bbacaee/digesux-a4ef39c2-511b-464b-910c-c61e9245aa20.png/v1/fill/w_1280,h_747,q_80,strp/holly_by_jaxaaronson_digesux-fullview.jpg?token=eyJ0eXAiOiJKV1QiLCJhbGciOiJIUzI1NiJ9.eyJzdWIiOiJ1cm46YXBwOjdlMGQxODg5ODIyNjQzNzNhNWYwZDQxNWVhMGQyNmUwIiwiaXNzIjoidXJuOmFwcDo3ZTBkMTg4OTgyMjY0MzczYTVmMGQ0MTVlYTBkMjZlMCIsIm9iaiI6W1t7ImhlaWdodCI6Ijw9NzQ3IiwicGF0aCI6Ii9mLzcxMDIxNTYzLWJhMDUtNDFmMi1iY2M0LTE2OWUwYmJhY2FlZS9kaWdlc3V4LWE0ZWYzOWMyLTUxMWItNDY0Yi05MTBjLWM2MWU5MjQ1YWEyMC5wbmciLCJ3aWR0aCI6Ijw9MTI4MCJ9XV0sImF1ZCI6WyJ1cm46c2VydmljZTppbWFnZS5vcGVyYXRpb25zIl19.o2AI7oLaL0TKfGR4-9nnw2InTg8ybWHT0YPiDKIXrE4"
"2024-10-29T20:31:55-0700","Dorothy","https://images-wixmp-ed30a86b8c4ca887773594c2.wixmp.com/f/71021563-ba05-41f2-bcc4-169e0bbacaee/digesvl-4be25206-0dfb-4a09-8a26-d2f2c167d192.png/v1/fill/w_1280,h_747,q_80,strp/dorothy_by_jaxaaronson_digesvl-fullview.jpg?token=eyJ0eXAiOiJKV1QiLCJhbGciOiJIUzI1NiJ9.eyJzdWIiOiJ1cm46YXBwOjdlMGQxODg5ODIyNjQzNzNhNWYwZDQxNWVhMGQyNmUwIiwiaXNzIjoidXJuOmFwcDo3ZTBkMTg4OTgyMjY0MzczYTVmMGQ0MTVlYTBkMjZlMCIsIm9iaiI6W1t7ImhlaWdodCI6Ijw9NzQ3IiwicGF0aCI6Ii9mLzcxMDIxNTYzLWJhMDUtNDFmMi1iY2M0LTE2OWUwYmJhY2FlZS9kaWdlc3ZsLTRiZTI1MjA2LTBkZmItNGEwOS04YTI2LWQyZjJjMTY3ZDE5Mi5wbmciLCJ3aWR0aCI6Ijw9MTI4MCJ9XV0sImF1ZCI6WyJ1cm46c2VydmljZTppbWFnZS5vcGVyYXRpb25zIl19.DIP0uTeZqo6aCCTbIqIrom79UQaOAcwQu9ZOiBH8Amo"
"2024-10-29T20:32:13-0700","Daenerys","https://images-wixmp-ed30a86b8c4ca887773594c2.wixmp.com/f/71021563-ba05-41f2-bcc4-169e0bbacaee/digesw2-107bcc46-7fee-4f88-ba5d-8e3f8f1f79fc.png/v1/fill/w_1280,h_747,q_80,strp/daenerys_by_jaxaaronson_digesw2-fullview.jpg?token=eyJ0eXAiOiJKV1QiLCJhbGciOiJIUzI1NiJ9.eyJzdWIiOiJ1cm46YXBwOjdlMGQxODg5ODIyNjQzNzNhNWYwZDQxNWVhMGQyNmUwIiwiaXNzIjoidXJuOmFwcDo3ZTBkMTg4OTgyMjY0MzczYTVmMGQ0MTVlYTBkMjZlMCIsIm9iaiI6W1t7ImhlaWdodCI6Ijw9NzQ3IiwicGF0aCI6Ii9mLzcxMDIxNTYzLWJhMDUtNDFmMi1iY2M0LTE2OWUwYmJhY2FlZS9kaWdlc3cyLTEwN2JjYzQ2LTdmZWUtNGY4OC1iYTVkLThlM2Y4ZjFmNzlmYy5wbmciLCJ3aWR0aCI6Ijw9MTI4MCJ9XV0sImF1ZCI6WyJ1cm46c2VydmljZTppbWFnZS5vcGVyYXRpb25zIl19.zB8RlZSEiQA1t7FG9UDMZJwrvUT0z89OfPcn5DxZZvQ"
"2024-10-29T20:32:33-0700","The Bride","https://images-wixmp-ed30a86b8c4ca887773594c2.wixmp.com/f/71021563-ba05-41f2-bcc4-169e0bbacaee/digeswe-7a4f5e33-5b54-4e75-8ac2-1dfbb5e869ff.png/v1/fill/w_1280,h_747,q_80,strp/the_bride_by_jaxaaronson_digeswe-fullview.jpg?token=eyJ0eXAiOiJKV1QiLCJhbGciOiJIUzI1NiJ9.eyJzdWIiOiJ1cm46YXBwOjdlMGQxODg5ODIyNjQzNzNhNWYwZDQxNWVhMGQyNmUwIiwiaXNzIjoidXJuOmFwcDo3ZTBkMTg4OTgyMjY0MzczYTVmMGQ0MTVlYTBkMjZlMCIsIm9iaiI6W1t7ImhlaWdodCI6Ijw9NzQ3IiwicGF0aCI6Ii9mLzcxMDIxNTYzLWJhMDUtNDFmMi1iY2M0LTE2OWUwYmJhY2FlZS9kaWdlc3dlLTdhNGY1ZTMzLTViNTQtNGU3NS04YWMyLTFkZmJiNWU4NjlmZi5wbmciLCJ3aWR0aCI6Ijw9MTI4MCJ9XV0sImF1ZCI6WyJ1cm46c2VydmljZTppbWFnZS5vcGVyYXRpb25zIl19.ZaB7TpDM2AgdVjzyWdyS03r7qkSqIvb1sLAqs9cnAuc"
"2024-10-30T18:55:58-0700","Miami","https://images-wixmp-ed30a86b8c4ca887773594c2.wixmp.com/f/71021563-ba05-41f2-bcc4-169e0bbacaee/digmffz-cc48cdcf-7fbe-4fc5-a5d2-3de18579ece9.png/v1/fill/w_1280,h_532,q_80,strp/miami_by_jaxaaronson_digmffz-fullview.jpg?token=eyJ0eXAiOiJKV1QiLCJhbGciOiJIUzI1NiJ9.eyJzdWIiOiJ1cm46YXBwOjdlMGQxODg5ODIyNjQzNzNhNWYwZDQxNWVhMGQyNmUwIiwiaXNzIjoidXJuOmFwcDo3ZTBkMTg4OTgyMjY0MzczYTVmMGQ0MTVlYTBkMjZlMCIsIm9iaiI6W1t7ImhlaWdodCI6Ijw9NTMyIiwicGF0aCI6Ii9mLzcxMDIxNTYzLWJhMDUtNDFmMi1iY2M0LTE2OWUwYmJhY2FlZS9kaWdtZmZ6LWNjNDhjZGNmLTdmYmUtNGZjNS1hNWQyLTNkZTE4NTc5ZWNlOS5wbmciLCJ3aWR0aCI6Ijw9MTI4MCJ9XV0sImF1ZCI6WyJ1cm46c2VydmljZTppbWFnZS5vcGVyYXRpb25zIl19.5WPgX0X884mLnerZ9mTROE6LCc2w09jV4tT6mBlmKR8"
"2024-10-30T20:20:27-0700","Voting","https://images-wixmp-ed30a86b8c4ca887773594c2.wixmp.com/f/71021563-ba05-41f2-bcc4-169e0bbacaee/digmtsi-4673c094-4dce-4dec-9e8c-9d4954a47be4.png/v1/fill/w_1280,h_788,q_80,strp/voting_by_jaxaaronson_digmtsi-fullview.jpg?token=eyJ0eXAiOiJKV1QiLCJhbGciOiJIUzI1NiJ9.eyJzdWIiOiJ1cm46YXBwOjdlMGQxODg5ODIyNjQzNzNhNWYwZDQxNWVhMGQyNmUwIiwiaXNzIjoidXJuOmFwcDo3ZTBkMTg4OTgyMjY0MzczYTVmMGQ0MTVlYTBkMjZlMCIsIm9iaiI6W1t7ImhlaWdodCI6Ijw9Nzg4IiwicGF0aCI6Ii9mLzcxMDIxNTYzLWJhMDUtNDFmMi1iY2M0LTE2OWUwYmJhY2FlZS9kaWdtdHNpLTQ2NzNjMDk0LTRkY2UtNGRlYy05ZThjLTlkNDk1NGE0N2JlNC5wbmciLCJ3aWR0aCI6Ijw9MTI4MCJ9XV0sImF1ZCI6WyJ1cm46c2VydmljZTppbWFnZS5vcGVyYXRpb25zIl19.jvwoGAZoJMtbVQn4Mr3W8oQTi22xuJWGuDly-BcILJY"
"2024-10-30T21:40:06-0700","Scoreboard","https://images-wixmp-ed30a86b8c4ca887773594c2.wixmp.com/f/71021563-ba05-41f2-bcc4-169e0bbacaee/dign6wf-8ff5dc87-eb8c-4d04-b748-86f0ea3fb932.png/v1/fill/w_1920,h_1528,q_80,strp/scoreboard_by_jaxaaronson_dign6wf-fullview.jpg?token=eyJ0eXAiOiJKV1QiLCJhbGciOiJIUzI1NiJ9.eyJzdWIiOiJ1cm46YXBwOjdlMGQxODg5ODIyNjQzNzNhNWYwZDQxNWVhMGQyNmUwIiwiaXNzIjoidXJuOmFwcDo3ZTBkMTg4OTgyMjY0MzczYTVmMGQ0MTVlYTBkMjZlMCIsIm9iaiI6W1t7ImhlaWdodCI6Ijw9MTUyOCIsInBhdGgiOiIvZi83MTAyMTU2My1iYTA1LTQxZjItYmNjNC0xNjllMGJiYWNhZWUvZGlnbjZ3Zi04ZmY1ZGM4Ny1lYjhjLTRkMDQtYjc0OC04NmYwZWEzZmI5MzIucG5nIiwid2lkdGgiOiI8PTE5MjAifV1dLCJhdWQiOlsidXJuOnNlcnZpY2U6aW1hZ2Uub3BlcmF0aW9ucyJdfQ.xSgOVmKTJCujRTJGiegBqD7rKK92v4oEux4ZUrP6P8Q"
"2024-10-31T12:12:00-0700","Pyongyang","https://images-wixmp-ed30a86b8c4ca887773594c2.wixmp.com/f/71021563-ba05-41f2-bcc4-169e0bbacaee/digrywu-b7adc194-5c54-4e76-a025-163c9a801f76.png/v1/fill/w_1280,h_1040,q_80,strp/pyongyang_by_jaxaaronson_digrywu-fullview.jpg?token=eyJ0eXAiOiJKV1QiLCJhbGciOiJIUzI1NiJ9.eyJzdWIiOiJ1cm46YXBwOjdlMGQxODg5ODIyNjQzNzNhNWYwZDQxNWVhMGQyNmUwIiwiaXNzIjoidXJuOmFwcDo3ZTBkMTg4OTgyMjY0MzczYTVmMGQ0MTVlYTBkMjZlMCIsIm9iaiI6W1t7ImhlaWdodCI6Ijw9MTA0MCIsInBhdGgiOiIvZi83MTAyMTU2My1iYTA1LTQxZjItYmNjNC0xNjllMGJiYWNhZWUvZGlncnl3dS1iN2FkYzE5NC01YzU0LTRlNzYtYTAyNS0xNjNjOWE4MDFmNzYucG5nIiwid2lkdGgiOiI8PTEyODAifV1dLCJhdWQiOlsidXJuOnNlcnZpY2U6aW1hZ2Uub3BlcmF0aW9ucyJdfQ.c5SZvTq6v1IRoqRY6F0qHxRH-2okl60UgL1S706bwDg"
"2024-11-01T00:00:20-0700","The Cartel","https://images-wixmp-ed30a86b8c4ca887773594c2.wixmp.com/f/71021563-ba05-41f2-bcc4-169e0bbacaee/digw6uy-74c27fe1-cbd2-45c3-b11b-6bc3b18b161b.png/v1/fill/w_1280,h_834,q_80,strp/the_cartel_by_jaxaaronson_digw6uy-fullview.jpg?token=eyJ0eXAiOiJKV1QiLCJhbGciOiJIUzI1NiJ9.eyJzdWIiOiJ1cm46YXBwOjdlMGQxODg5ODIyNjQzNzNhNWYwZDQxNWVhMGQyNmUwIiwiaXNzIjoidXJuOmFwcDo3ZTBkMTg4OTgyMjY0MzczYTVmMGQ0MTVlYTBkMjZlMCIsIm9iaiI6W1t7ImhlaWdodCI6Ijw9ODM0IiwicGF0aCI6Ii9mLzcxMDIxNTYzLWJhMDUtNDFmMi1iY2M0LTE2OWUwYmJhY2FlZS9kaWd3NnV5LTc0YzI3ZmUxLWNiZDItNDVjMy1iMTFiLTZiYzNiMThiMTYxYi5wbmciLCJ3aWR0aCI6Ijw9MTI4MCJ9XV0sImF1ZCI6WyJ1cm46c2VydmljZTppbWFnZS5vcGVyYXRpb25zIl19.OgLHahX-XlK81068I0Sens1CZ7lRnqxCqN3cu9d5hsw"
"2024-11-01T09:15:49-0700","Peach","https://images-wixmp-ed30a86b8c4ca887773594c2.wixmp.com/f/71021563-ba05-41f2-bcc4-169e0bbacaee/digzfjr-1cf42971-54f2-464a-be0c-9389f4d3fb2f.png/v1/fill/w_1280,h_887,q_80,strp/peach_by_jaxaaronson_digzfjr-fullview.jpg?token=eyJ0eXAiOiJKV1QiLCJhbGciOiJIUzI1NiJ9.eyJzdWIiOiJ1cm46YXBwOjdlMGQxODg5ODIyNjQzNzNhNWYwZDQxNWVhMGQyNmUwIiwiaXNzIjoidXJuOmFwcDo3ZTBkMTg4OTgyMjY0MzczYTVmMGQ0MTVlYTBkMjZlMCIsIm9iaiI6W1t7ImhlaWdodCI6Ijw9ODg3IiwicGF0aCI6Ii9mLzcxMDIxNTYzLWJhMDUtNDFmMi1iY2M0LTE2OWUwYmJhY2FlZS9kaWd6ZmpyLTFjZjQyOTcxLTU0ZjItNDY0YS1iZTBjLTkzODlmNGQzZmIyZi5wbmciLCJ3aWR0aCI6Ijw9MTI4MCJ9XV0sImF1ZCI6WyJ1cm46c2VydmljZTppbWFnZS5vcGVyYXRpb25zIl19.DOosNooiX1E7sYYBEBHW8L1-IbAcUvfdvgT6baQyhoU"
"2024-11-01T14:22:08-0700","Relax","https://images-wixmp-ed30a86b8c4ca887773594c2.wixmp.com/f/71021563-ba05-41f2-bcc4-169e0bbacaee/dih1voc-5a642aa3-6a59-45dd-9d78-478e0adf8d30.png/v1/fill/w_1280,h_1024,q_80,strp/relax_by_jaxaaronson_dih1voc-fullview.jpg?token=eyJ0eXAiOiJKV1QiLCJhbGciOiJIUzI1NiJ9.eyJzdWIiOiJ1cm46YXBwOjdlMGQxODg5ODIyNjQzNzNhNWYwZDQxNWVhMGQyNmUwIiwiaXNzIjoidXJuOmFwcDo3ZTBkMTg4OTgyMjY0MzczYTVmMGQ0MTVlYTBkMjZlMCIsIm9iaiI6W1t7ImhlaWdodCI6Ijw9MTAyNCIsInBhdGgiOiIvZi83MTAyMTU2My1iYTA1LTQxZjItYmNjNC0xNjllMGJiYWNhZWUvZGloMXZvYy01YTY0MmFhMy02YTU5LTQ1ZGQtOWQ3OC00NzhlMGFkZjhkMzAucG5nIiwid2lkdGgiOiI8PTEyODAifV1dLCJhdWQiOlsidXJuOnNlcnZpY2U6aW1hZ2Uub3BlcmF0aW9ucyJdfQ.ZTXqBMISxJ1Uxf4X-zCC5JxZZaUoAeuP2scCJnN1hII"
"2024-11-01T17:09:40-0700","Burlap","https://images-wixmp-ed30a86b8c4ca887773594c2.wixmp.com/f/71021563-ba05-41f2-bcc4-169e0bbacaee/dih32e4-5934f890-2f7e-4aab-b9fe-3f1c193f2a6b.png/v1/fill/w_1280,h_1014,q_80,strp/burlap_by_jaxaaronson_dih32e4-fullview.jpg?token=eyJ0eXAiOiJKV1QiLCJhbGciOiJIUzI1NiJ9.eyJzdWIiOiJ1cm46YXBwOjdlMGQxODg5ODIyNjQzNzNhNWYwZDQxNWVhMGQyNmUwIiwiaXNzIjoidXJuOmFwcDo3ZTBkMTg4OTgyMjY0MzczYTVmMGQ0MTVlYTBkMjZlMCIsIm9iaiI6W1t7ImhlaWdodCI6Ijw9MTAxNCIsInBhdGgiOiIvZi83MTAyMTU2My1iYTA1LTQxZjItYmNjNC0xNjllMGJiYWNhZWUvZGloMzJlNC01OTM0Zjg5MC0yZjdlLTRhYWItYjlmZS0zZjFjMTkzZjJhNmIucG5nIiwid2lkdGgiOiI8PTEyODAifV1dLCJhdWQiOlsidXJuOnNlcnZpY2U6aW1hZ2Uub3BlcmF0aW9ucyJdfQ.WHZXm9jWmOj_6XKkc6Xz4RnoTAUEW3zvtwfIKxR5yLo"
"2024-11-03T16:33:57-0800","Van","https://images-wixmp-ed30a86b8c4ca887773594c2.wixmp.com/f/71021563-ba05-41f2-bcc4-169e0bbacaee/dihm72l-3dc8a75a-a6dc-489e-a146-2c3bbba18da0.png/v1/fill/w_1920,h_887,q_80,strp/van_by_jaxaaronson_dihm72l-fullview.jpg?token=eyJ0eXAiOiJKV1QiLCJhbGciOiJIUzI1NiJ9.eyJzdWIiOiJ1cm46YXBwOjdlMGQxODg5ODIyNjQzNzNhNWYwZDQxNWVhMGQyNmUwIiwiaXNzIjoidXJuOmFwcDo3ZTBkMTg4OTgyMjY0MzczYTVmMGQ0MTVlYTBkMjZlMCIsIm9iaiI6W1t7ImhlaWdodCI6Ijw9ODg3IiwicGF0aCI6Ii9mLzcxMDIxNTYzLWJhMDUtNDFmMi1iY2M0LTE2OWUwYmJhY2FlZS9kaWhtNzJsLTNkYzhhNzVhLWE2ZGMtNDg5ZS1hMTQ2LTJjM2JiYmExOGRhMC5wbmciLCJ3aWR0aCI6Ijw9MTkyMCJ9XV0sImF1ZCI6WyJ1cm46c2VydmljZTppbWFnZS5vcGVyYXRpb25zIl19.KEgZchWJVTs_fFWloYeJg3ilW_qjvyrPC16xp8L4vz0"
"2024-11-03T20:31:55-0800","Housing","https://images-wixmp-ed30a86b8c4ca887773594c2.wixmp.com/f/71021563-ba05-41f2-bcc4-169e0bbacaee/dihnlf2-1b4be590-807f-4af4-914e-49f4a955a458.png/v1/fill/w_1280,h_800,q_80,strp/housing_by_jaxaaronson_dihnlf2-fullview.jpg?token=eyJ0eXAiOiJKV1QiLCJhbGciOiJIUzI1NiJ9.eyJzdWIiOiJ1cm46YXBwOjdlMGQxODg5ODIyNjQzNzNhNWYwZDQxNWVhMGQyNmUwIiwiaXNzIjoidXJuOmFwcDo3ZTBkMTg4OTgyMjY0MzczYTVmMGQ0MTVlYTBkMjZlMCIsIm9iaiI6W1t7ImhlaWdodCI6Ijw9ODAwIiwicGF0aCI6Ii9mLzcxMDIxNTYzLWJhMDUtNDFmMi1iY2M0LTE2OWUwYmJhY2FlZS9kaWhubGYyLTFiNGJlNTkwLTgwN2YtNGFmNC05MTRlLTQ5ZjRhOTU1YTQ1OC5wbmciLCJ3aWR0aCI6Ijw9MTI4MCJ9XV0sImF1ZCI6WyJ1cm46c2VydmljZTppbWFnZS5vcGVyYXRpb25zIl19.us8SMGJegdQCLezTzu7kr-nPj2-6JaR0gwaR3iSPOMM"
"2024-11-04T12:58:26-0800","Feral","https://images-wixmp-ed30a86b8c4ca887773594c2.wixmp.com/f/71021563-ba05-41f2-bcc4-169e0bbacaee/dihtmwb-ef68dfe8-e912-4754-a43f-2a433c106e8f.png/v1/fill/w_1920,h_967,q_80,strp/feral_by_jaxaaronson_dihtmwb-fullview.jpg?token=eyJ0eXAiOiJKV1QiLCJhbGciOiJIUzI1NiJ9.eyJzdWIiOiJ1cm46YXBwOjdlMGQxODg5ODIyNjQzNzNhNWYwZDQxNWVhMGQyNmUwIiwiaXNzIjoidXJuOmFwcDo3ZTBkMTg4OTgyMjY0MzczYTVmMGQ0MTVlYTBkMjZlMCIsIm9iaiI6W1t7ImhlaWdodCI6Ijw9OTY3IiwicGF0aCI6Ii9mLzcxMDIxNTYzLWJhMDUtNDFmMi1iY2M0LTE2OWUwYmJhY2FlZS9kaWh0bXdiLWVmNjhkZmU4LWU5MTItNDc1NC1hNDNmLTJhNDMzYzEwNmU4Zi5wbmciLCJ3aWR0aCI6Ijw9MTkyMCJ9XV0sImF1ZCI6WyJ1cm46c2VydmljZTppbWFnZS5vcGVyYXRpb25zIl19.TUR5-ms83TZM7Lbd77F3VpJzRdHarNG4jBX_CSWecLk"
"2024-11-04T16:36:01-0800","Fettuccine","https://images-wixmp-ed30a86b8c4ca887773594c2.wixmp.com/f/71021563-ba05-41f2-bcc4-169e0bbacaee/dihv4bc-791691a7-f340-4f9b-9e32-ea1ba72d0bbd.png/v1/fill/w_1280,h_1120,q_80,strp/fettuccine_by_jaxaaronson_dihv4bc-fullview.jpg?token=eyJ0eXAiOiJKV1QiLCJhbGciOiJIUzI1NiJ9.eyJzdWIiOiJ1cm46YXBwOjdlMGQxODg5ODIyNjQzNzNhNWYwZDQxNWVhMGQyNmUwIiwiaXNzIjoidXJuOmFwcDo3ZTBkMTg4OTgyMjY0MzczYTVmMGQ0MTVlYTBkMjZlMCIsIm9iaiI6W1t7ImhlaWdodCI6Ijw9MTEyMCIsInBhdGgiOiIvZi83MTAyMTU2My1iYTA1LTQxZjItYmNjNC0xNjllMGJiYWNhZWUvZGlodjRiYy03OTE2OTFhNy1mMzQwLTRmOWItOWUzMi1lYTFiYTcyZDBiYmQucG5nIiwid2lkdGgiOiI8PTEyODAifV1dLCJhdWQiOlsidXJuOnNlcnZpY2U6aW1hZ2Uub3BlcmF0aW9ucyJdfQ.gl269ltOWX_Q1y88CZk7qvJIWasdfBFqGU4jP3RPfGA"
"2024-11-04T19:02:02-0800","Bonnet","https://images-wixmp-ed30a86b8c4ca887773594c2.wixmp.com/f/71021563-ba05-41f2-bcc4-169e0bbacaee/dihvydz-6ed58893-ea62-46bc-9473-c21e0e93edeb.png/v1/fill/w_1920,h_648,q_80,strp/bonnet_by_jaxaaronson_dihvydz-fullview.jpg?token=eyJ0eXAiOiJKV1QiLCJhbGciOiJIUzI1NiJ9.eyJzdWIiOiJ1cm46YXBwOjdlMGQxODg5ODIyNjQzNzNhNWYwZDQxNWVhMGQyNmUwIiwiaXNzIjoidXJuOmFwcDo3ZTBkMTg4OTgyMjY0MzczYTVmMGQ0MTVlYTBkMjZlMCIsIm9iaiI6W1t7ImhlaWdodCI6Ijw9NjQ4IiwicGF0aCI6Ii9mLzcxMDIxNTYzLWJhMDUtNDFmMi1iY2M0LTE2OWUwYmJhY2FlZS9kaWh2eWR6LTZlZDU4ODkzLWVhNjItNDZiYy05NDczLWMyMWUwZTkzZWRlYi5wbmciLCJ3aWR0aCI6Ijw9MTkyMCJ9XV0sImF1ZCI6WyJ1cm46c2VydmljZTppbWFnZS5vcGVyYXRpb25zIl19.FU1bXVsxGwlhNNuNrTVM8r43_sDxGBvnvELrA9A7c60"
"2024-11-04T21:14:09-0800","Marble","https://images-wixmp-ed30a86b8c4ca887773594c2.wixmp.com/f/71021563-ba05-41f2-bcc4-169e0bbacaee/dihwope-eb21d0ca-42f5-48d0-832c-7ed026a5acf1.png/v1/fill/w_1280,h_1280,q_80,strp/marble_by_jaxaaronson_dihwope-fullview.jpg?token=eyJ0eXAiOiJKV1QiLCJhbGciOiJIUzI1NiJ9.eyJzdWIiOiJ1cm46YXBwOjdlMGQxODg5ODIyNjQzNzNhNWYwZDQxNWVhMGQyNmUwIiwiaXNzIjoidXJuOmFwcDo3ZTBkMTg4OTgyMjY0MzczYTVmMGQ0MTVlYTBkMjZlMCIsIm9iaiI6W1t7ImhlaWdodCI6Ijw9MTI4MCIsInBhdGgiOiIvZi83MTAyMTU2My1iYTA1LTQxZjItYmNjNC0xNjllMGJiYWNhZWUvZGlod29wZS1lYjIxZDBjYS00MmY1LTQ4ZDAtODMyYy03ZWQwMjZhNWFjZjEucG5nIiwid2lkdGgiOiI8PTEyODAifV1dLCJhdWQiOlsidXJuOnNlcnZpY2U6aW1hZ2Uub3BlcmF0aW9ucyJdfQ.BQQPGCmKRUEdU0h-ImD8320YwAnnXSzgiIDK65sNSo4"
"2024-11-05T10:22:50-0800","Dunes","https://images-wixmp-ed30a86b8c4ca887773594c2.wixmp.com/f/71021563-ba05-41f2-bcc4-169e0bbacaee/dii12s8-bce7095e-bc64-47fb-a211-b2b392b2d898.png/v1/fill/w_1280,h_985,q_80,strp/dunes_by_jaxaaronson_dii12s8-fullview.jpg?token=eyJ0eXAiOiJKV1QiLCJhbGciOiJIUzI1NiJ9.eyJzdWIiOiJ1cm46YXBwOjdlMGQxODg5ODIyNjQzNzNhNWYwZDQxNWVhMGQyNmUwIiwiaXNzIjoidXJuOmFwcDo3ZTBkMTg4OTgyMjY0MzczYTVmMGQ0MTVlYTBkMjZlMCIsIm9iaiI6W1t7ImhlaWdodCI6Ijw9OTg1IiwicGF0aCI6Ii9mLzcxMDIxNTYzLWJhMDUtNDFmMi1iY2M0LTE2OWUwYmJhY2FlZS9kaWkxMnM4LWJjZTcwOTVlLWJjNjQtNDdmYi1hMjExLWIyYjM5MmIyZDg5OC5wbmciLCJ3aWR0aCI6Ijw9MTI4MCJ9XV0sImF1ZCI6WyJ1cm46c2VydmljZTppbWFnZS5vcGVyYXRpb25zIl19.FZjqMGskz5UcWcIcobKTBHmgHefEpT_yEWr3jzrRW7k"
"2024-11-05T12:44:47-0800","Uniform","https://images-wixmp-ed30a86b8c4ca887773594c2.wixmp.com/f/71021563-ba05-41f2-bcc4-169e0bbacaee/dii22jp-d76b7b94-b6c5-4458-8e97-3acfc626727b.png/v1/fill/w_1920,h_917,q_80,strp/uniform_by_jaxaaronson_dii22jp-fullview.jpg?token=eyJ0eXAiOiJKV1QiLCJhbGciOiJIUzI1NiJ9.eyJzdWIiOiJ1cm46YXBwOjdlMGQxODg5ODIyNjQzNzNhNWYwZDQxNWVhMGQyNmUwIiwiaXNzIjoidXJuOmFwcDo3ZTBkMTg4OTgyMjY0MzczYTVmMGQ0MTVlYTBkMjZlMCIsIm9iaiI6W1t7ImhlaWdodCI6Ijw9OTE3IiwicGF0aCI6Ii9mLzcxMDIxNTYzLWJhMDUtNDFmMi1iY2M0LTE2OWUwYmJhY2FlZS9kaWkyMmpwLWQ3NmI3Yjk0LWI2YzUtNDQ1OC04ZTk3LTNhY2ZjNjI2NzI3Yi5wbmciLCJ3aWR0aCI6Ijw9MTkyMCJ9XV0sImF1ZCI6WyJ1cm46c2VydmljZTppbWFnZS5vcGVyYXRpb25zIl19.KxzkXMCS0F91133fbO01JGgBkDCEUTthj__aJgA3lGQ"
"2024-11-05T16:38:42-0800","Artsy","https://images-wixmp-ed30a86b8c4ca887773594c2.wixmp.com/f/71021563-ba05-41f2-bcc4-169e0bbacaee/dii3lh9-a9477086-493e-4019-a42a-9665e1fbfca6.png/v1/fill/w_1280,h_1014,q_80,strp/artsy_by_jaxaaronson_dii3lh9-fullview.jpg?token=eyJ0eXAiOiJKV1QiLCJhbGciOiJIUzI1NiJ9.eyJzdWIiOiJ1cm46YXBwOjdlMGQxODg5ODIyNjQzNzNhNWYwZDQxNWVhMGQyNmUwIiwiaXNzIjoidXJuOmFwcDo3ZTBkMTg4OTgyMjY0MzczYTVmMGQ0MTVlYTBkMjZlMCIsIm9iaiI6W1t7ImhlaWdodCI6Ijw9MTAxNCIsInBhdGgiOiIvZi83MTAyMTU2My1iYTA1LTQxZjItYmNjNC0xNjllMGJiYWNhZWUvZGlpM2xoOS1hOTQ3NzA4Ni00OTNlLTQwMTktYTQyYS05NjY1ZTFmYmZjYTYucG5nIiwid2lkdGgiOiI8PTEyODAifV1dLCJhdWQiOlsidXJuOnNlcnZpY2U6aW1hZ2Uub3BlcmF0aW9ucyJdfQ.wvfwSFBSwIHP9g-6Rh-M5SBL9UmpEZ-RHkWtg__gqiY"
"2024-11-05T19:16:30-0800","Colada","https://images-wixmp-ed30a86b8c4ca887773594c2.wixmp.com/f/71021563-ba05-41f2-bcc4-169e0bbacaee/dii4feq-621ae6a4-65bf-4ccd-96dc-eb70f4ea94e0.png/v1/fill/w_1920,h_614,q_80,strp/colada_by_jaxaaronson_dii4feq-fullview.jpg?token=eyJ0eXAiOiJKV1QiLCJhbGciOiJIUzI1NiJ9.eyJzdWIiOiJ1cm46YXBwOjdlMGQxODg5ODIyNjQzNzNhNWYwZDQxNWVhMGQyNmUwIiwiaXNzIjoidXJuOmFwcDo3ZTBkMTg4OTgyMjY0MzczYTVmMGQ0MTVlYTBkMjZlMCIsIm9iaiI6W1t7ImhlaWdodCI6Ijw9NjE0IiwicGF0aCI6Ii9mLzcxMDIxNTYzLWJhMDUtNDFmMi1iY2M0LTE2OWUwYmJhY2FlZS9kaWk0ZmVxLTYyMWFlNmE0LTY1YmYtNGNjZC05NmRjLWViNzBmNGVhOTRlMC5wbmciLCJ3aWR0aCI6Ijw9MTkyMCJ9XV0sImF1ZCI6WyJ1cm46c2VydmljZTppbWFnZS5vcGVyYXRpb25zIl19.0Qbj1ksr8b4bcOuDf_y-SOq25OukZUARQcrymIMA0WQ"
"2024-11-06T07:21:33-0800","Shade","https://images-wixmp-ed30a86b8c4ca887773594c2.wixmp.com/f/71021563-ba05-41f2-bcc4-169e0bbacaee/dii834l-38fb77f9-5833-4ecb-b4f4-3967eff6ed3b.png/v1/fill/w_1920,h_1170,q_80,strp/shade_by_jaxaaronson_dii834l-fullview.jpg?token=eyJ0eXAiOiJKV1QiLCJhbGciOiJIUzI1NiJ9.eyJzdWIiOiJ1cm46YXBwOjdlMGQxODg5ODIyNjQzNzNhNWYwZDQxNWVhMGQyNmUwIiwiaXNzIjoidXJuOmFwcDo3ZTBkMTg4OTgyMjY0MzczYTVmMGQ0MTVlYTBkMjZlMCIsIm9iaiI6W1t7ImhlaWdodCI6Ijw9MTE3MCIsInBhdGgiOiIvZi83MTAyMTU2My1iYTA1LTQxZjItYmNjNC0xNjllMGJiYWNhZWUvZGlpODM0bC0zOGZiNzdmOS01ODMzLTRlY2ItYjRmNC0zOTY3ZWZmNmVkM2IucG5nIiwid2lkdGgiOiI8PTE5MjAifV1dLCJhdWQiOlsidXJuOnNlcnZpY2U6aW1hZ2Uub3BlcmF0aW9ucyJdfQ.GKBQktv3VK-1ALRdjpgbinfVjLtETIYujLWlj-SthoE"
"2024-11-06T19:27:20-0800","Estudious","https://images-wixmp-ed30a86b8c4ca887773594c2.wixmp.com/f/71021563-ba05-41f2-bcc4-169e0bbacaee/diicob3-c553826d-ab83-466c-9e81-0d6827b1fb9d.png/v1/fill/w_1280,h_788,q_80,strp/estudious_by_jaxaaronson_diicob3-fullview.jpg?token=eyJ0eXAiOiJKV1QiLCJhbGciOiJIUzI1NiJ9.eyJzdWIiOiJ1cm46YXBwOjdlMGQxODg5ODIyNjQzNzNhNWYwZDQxNWVhMGQyNmUwIiwiaXNzIjoidXJuOmFwcDo3ZTBkMTg4OTgyMjY0MzczYTVmMGQ0MTVlYTBkMjZlMCIsIm9iaiI6W1t7ImhlaWdodCI6Ijw9Nzg4IiwicGF0aCI6Ii9mLzcxMDIxNTYzLWJhMDUtNDFmMi1iY2M0LTE2OWUwYmJhY2FlZS9kaWljb2IzLWM1NTM4MjZkLWFiODMtNDY2Yy05ZTgxLTBkNjgyN2IxZmI5ZC5wbmciLCJ3aWR0aCI6Ijw9MTI4MCJ9XV0sImF1ZCI6WyJ1cm46c2VydmljZTppbWFnZS5vcGVyYXRpb25zIl19.-miF6xERHnOhXBVVoMzgScoKyuK3wNgjWRJTzYfyquk"
"2024-11-06T20:46:46-0800","Puppy","https://images-wixmp-ed30a86b8c4ca887773594c2.wixmp.com/f/71021563-ba05-41f2-bcc4-169e0bbacaee/diid2xi-6b2f780b-522a-4be0-addf-20d24e83ef2b.png/v1/fill/w_1280,h_749,q_80,strp/puppy_by_jaxaaronson_diid2xi-fullview.jpg?token=eyJ0eXAiOiJKV1QiLCJhbGciOiJIUzI1NiJ9.eyJzdWIiOiJ1cm46YXBwOjdlMGQxODg5ODIyNjQzNzNhNWYwZDQxNWVhMGQyNmUwIiwiaXNzIjoidXJuOmFwcDo3ZTBkMTg4OTgyMjY0MzczYTVmMGQ0MTVlYTBkMjZlMCIsIm9iaiI6W1t7ImhlaWdodCI6Ijw9NzQ5IiwicGF0aCI6Ii9mLzcxMDIxNTYzLWJhMDUtNDFmMi1iY2M0LTE2OWUwYmJhY2FlZS9kaWlkMnhpLTZiMmY3ODBiLTUyMmEtNGJlMC1hZGRmLTIwZDI0ZTgzZWYyYi5wbmciLCJ3aWR0aCI6Ijw9MTI4MCJ9XV0sImF1ZCI6WyJ1cm46c2VydmljZTppbWFnZS5vcGVyYXRpb25zIl19.9dwBthR8onBCfhsJ3GwK2hkCAPnZuB9i4Zy_SICysE4"
"2024-11-06T22:16:49-0800","Chicago","https://images-wixmp-ed30a86b8c4ca887773594c2.wixmp.com/f/71021563-ba05-41f2-bcc4-169e0bbacaee/diidj96-a6c2cca9-cafd-40c8-b993-cf9f33a29084.png/v1/fill/w_1920,h_1400,q_80,strp/chicago_by_jaxaaronson_diidj96-fullview.jpg?token=eyJ0eXAiOiJKV1QiLCJhbGciOiJIUzI1NiJ9.eyJzdWIiOiJ1cm46YXBwOjdlMGQxODg5ODIyNjQzNzNhNWYwZDQxNWVhMGQyNmUwIiwiaXNzIjoidXJuOmFwcDo3ZTBkMTg4OTgyMjY0MzczYTVmMGQ0MTVlYTBkMjZlMCIsIm9iaiI6W1t7ImhlaWdodCI6Ijw9MTQwMCIsInBhdGgiOiIvZi83MTAyMTU2My1iYTA1LTQxZjItYmNjNC0xNjllMGJiYWNhZWUvZGlpZGo5Ni1hNmMyY2NhOS1jYWZkLTQwYzgtYjk5My1jZjlmMzNhMjkwODQucG5nIiwid2lkdGgiOiI8PTE5MjAifV1dLCJhdWQiOlsidXJuOnNlcnZpY2U6aW1hZ2Uub3BlcmF0aW9ucyJdfQ.An7XXnzkKNmRBBfQFt5E19huJZUqI3Lgf1Jowo9x0so"
"2024-11-07T11:30:02-0800","Pastel","https://images-wixmp-ed30a86b8c4ca887773594c2.wixmp.com/f/71021563-ba05-41f2-bcc4-169e0bbacaee/diii2qf-ff4f676e-9435-4045-8122-946619b37acb.png/v1/fill/w_1280,h_985,q_80,strp/pastel_by_jaxaaronson_diii2qf-fullview.jpg?token=eyJ0eXAiOiJKV1QiLCJhbGciOiJIUzI1NiJ9.eyJzdWIiOiJ1cm46YXBwOjdlMGQxODg5ODIyNjQzNzNhNWYwZDQxNWVhMGQyNmUwIiwiaXNzIjoidXJuOmFwcDo3ZTBkMTg4OTgyMjY0MzczYTVmMGQ0MTVlYTBkMjZlMCIsIm9iaiI6W1t7ImhlaWdodCI6Ijw9OTg1IiwicGF0aCI6Ii9mLzcxMDIxNTYzLWJhMDUtNDFmMi1iY2M0LTE2OWUwYmJhY2FlZS9kaWlpMnFmLWZmNGY2NzZlLTk0MzUtNDA0NS04MTIyLTk0NjYxOWIzN2FjYi5wbmciLCJ3aWR0aCI6Ijw9MTI4MCJ9XV0sImF1ZCI6WyJ1cm46c2VydmljZTppbWFnZS5vcGVyYXRpb25zIl19.AP-GhWRecioKIO2iu_9asPjdqgmtTTnge4gQm1c5LSk"
"2024-11-07T13:20:12-0800","Hanukkah","https://images-wixmp-ed30a86b8c4ca887773594c2.wixmp.com/f/71021563-ba05-41f2-bcc4-169e0bbacaee/diiirac-c235036f-b581-43fa-a83f-4a0a8f8eef85.png/v1/fill/w_1920,h_843,q_80,strp/hanukkah_by_jaxaaronson_diiirac-fullview.jpg?token=eyJ0eXAiOiJKV1QiLCJhbGciOiJIUzI1NiJ9.eyJzdWIiOiJ1cm46YXBwOjdlMGQxODg5ODIyNjQzNzNhNWYwZDQxNWVhMGQyNmUwIiwiaXNzIjoidXJuOmFwcDo3ZTBkMTg4OTgyMjY0MzczYTVmMGQ0MTVlYTBkMjZlMCIsIm9iaiI6W1t7ImhlaWdodCI6Ijw9ODQzIiwicGF0aCI6Ii9mLzcxMDIxNTYzLWJhMDUtNDFmMi1iY2M0LTE2OWUwYmJhY2FlZS9kaWlpcmFjLWMyMzUwMzZmLWI1ODEtNDNmYS1hODNmLTRhMGE4ZjhlZWY4NS5wbmciLCJ3aWR0aCI6Ijw9MTkyMCJ9XV0sImF1ZCI6WyJ1cm46c2VydmljZTppbWFnZS5vcGVyYXRpb25zIl19.Jv20cwFpvuwwB2fnF6762Xm4N_ukSkiGdrvrVDXEU6A"
"2024-11-07T16:12:34-0800","Umbrella","https://images-wixmp-ed30a86b8c4ca887773594c2.wixmp.com/f/71021563-ba05-41f2-bcc4-169e0bbacaee/diijttd-0d0d784b-ad35-460a-9b6d-f39fb38b2f5f.png/v1/fill/w_1280,h_1014,q_80,strp/umbrella_by_jaxaaronson_diijttd-fullview.jpg?token=eyJ0eXAiOiJKV1QiLCJhbGciOiJIUzI1NiJ9.eyJzdWIiOiJ1cm46YXBwOjdlMGQxODg5ODIyNjQzNzNhNWYwZDQxNWVhMGQyNmUwIiwiaXNzIjoidXJuOmFwcDo3ZTBkMTg4OTgyMjY0MzczYTVmMGQ0MTVlYTBkMjZlMCIsIm9iaiI6W1t7ImhlaWdodCI6Ijw9MTAxNCIsInBhdGgiOiIvZi83MTAyMTU2My1iYTA1LTQxZjItYmNjNC0xNjllMGJiYWNhZWUvZGlpanR0ZC0wZDBkNzg0Yi1hZDM1LTQ2MGEtOWI2ZC1mMzlmYjM4YjJmNWYucG5nIiwid2lkdGgiOiI8PTEyODAifV1dLCJhdWQiOlsidXJuOnNlcnZpY2U6aW1hZ2Uub3BlcmF0aW9ucyJdfQ.E3rY4f8bas2BYSW3KKuojEE1SvlAM4YNZ2OZRmbjHRA"
"2024-11-07T17:39:25-0800","Precious Metal","https://images-wixmp-ed30a86b8c4ca887773594c2.wixmp.com/f/71021563-ba05-41f2-bcc4-169e0bbacaee/diik963-ff259cd6-3d67-475f-8751-1e26e3d25427.png/v1/fill/w_1920,h_1182,q_80,strp/precious_metal_by_jaxaaronson_diik963-fullview.jpg?token=eyJ0eXAiOiJKV1QiLCJhbGciOiJIUzI1NiJ9.eyJzdWIiOiJ1cm46YXBwOjdlMGQxODg5ODIyNjQzNzNhNWYwZDQxNWVhMGQyNmUwIiwiaXNzIjoidXJuOmFwcDo3ZTBkMTg4OTgyMjY0MzczYTVmMGQ0MTVlYTBkMjZlMCIsIm9iaiI6W1t7ImhlaWdodCI6Ijw9MTE4MiIsInBhdGgiOiIvZi83MTAyMTU2My1iYTA1LTQxZjItYmNjNC0xNjllMGJiYWNhZWUvZGlpazk2My1mZjI1OWNkNi0zZDY3LTQ3NWYtODc1MS0xZTI2ZTNkMjU0MjcucG5nIiwid2lkdGgiOiI8PTE5MjAifV1dLCJhdWQiOlsidXJuOnNlcnZpY2U6aW1hZ2Uub3BlcmF0aW9ucyJdfQ.Vv7nk1P9NmY2Zq799oSUqrjzprmPcCuN3rMFo9uogBI"
"2024-11-08T09:36:50-0800","Boardroom","https://images-wixmp-ed30a86b8c4ca887773594c2.wixmp.com/f/71021563-ba05-41f2-bcc4-169e0bbacaee/diip9c9-d36de55a-fc1c-4b46-a9b0-3c58c142d49e.png/v1/fill/w_1280,h_936,q_80,strp/boardroom_by_jaxaaronson_diip9c9-fullview.jpg?token=eyJ0eXAiOiJKV1QiLCJhbGciOiJIUzI1NiJ9.eyJzdWIiOiJ1cm46YXBwOjdlMGQxODg5ODIyNjQzNzNhNWYwZDQxNWVhMGQyNmUwIiwiaXNzIjoidXJuOmFwcDo3ZTBkMTg4OTgyMjY0MzczYTVmMGQ0MTVlYTBkMjZlMCIsIm9iaiI6W1t7ImhlaWdodCI6Ijw9OTM2IiwicGF0aCI6Ii9mLzcxMDIxNTYzLWJhMDUtNDFmMi1iY2M0LTE2OWUwYmJhY2FlZS9kaWlwOWM5LWQzNmRlNTVhLWZjMWMtNGI0Ni1hOWIwLTNjNThjMTQyZDQ5ZS5wbmciLCJ3aWR0aCI6Ijw9MTI4MCJ9XV0sImF1ZCI6WyJ1cm46c2VydmljZTppbWFnZS5vcGVyYXRpb25zIl19.e2Ol1HNyPAYAINoHbWfeuA6eA0HtBe34A1U9VGcb12A"
"2024-11-08T15:02:51-0800","Fire","https://images-wixmp-ed30a86b8c4ca887773594c2.wixmp.com/f/71021563-ba05-41f2-bcc4-169e0bbacaee/diircaa-25df3323-06ed-46c2-9576-da08c3e66050.png/v1/fill/w_1280,h_788,q_80,strp/fire_by_jaxaaronson_diircaa-fullview.jpg?token=eyJ0eXAiOiJKV1QiLCJhbGciOiJIUzI1NiJ9.eyJzdWIiOiJ1cm46YXBwOjdlMGQxODg5ODIyNjQzNzNhNWYwZDQxNWVhMGQyNmUwIiwiaXNzIjoidXJuOmFwcDo3ZTBkMTg4OTgyMjY0MzczYTVmMGQ0MTVlYTBkMjZlMCIsIm9iaiI6W1t7ImhlaWdodCI6Ijw9Nzg4IiwicGF0aCI6Ii9mLzcxMDIxNTYzLWJhMDUtNDFmMi1iY2M0LTE2OWUwYmJhY2FlZS9kaWlyY2FhLTI1ZGYzMzIzLTA2ZWQtNDZjMi05NTc2LWRhMDhjM2U2NjA1MC5wbmciLCJ3aWR0aCI6Ijw9MTI4MCJ9XV0sImF1ZCI6WyJ1cm46c2VydmljZTppbWFnZS5vcGVyYXRpb25zIl19.Ecym9JAq37Xamg0jd7IgxS0mXbDRTJHAytoWMugPhXc"
"2024-11-08T20:02:01-0800","Blueprint","https://images-wixmp-ed30a86b8c4ca887773594c2.wixmp.com/f/71021563-ba05-41f2-bcc4-169e0bbacaee/diistsf-05568987-42d9-4ac8-9637-1abcdff8a2e5.png/v1/fill/w_1920,h_917,q_80,strp/blueprint_by_jaxaaronson_diistsf-fullview.jpg?token=eyJ0eXAiOiJKV1QiLCJhbGciOiJIUzI1NiJ9.eyJzdWIiOiJ1cm46YXBwOjdlMGQxODg5ODIyNjQzNzNhNWYwZDQxNWVhMGQyNmUwIiwiaXNzIjoidXJuOmFwcDo3ZTBkMTg4OTgyMjY0MzczYTVmMGQ0MTVlYTBkMjZlMCIsIm9iaiI6W1t7ImhlaWdodCI6Ijw9OTE3IiwicGF0aCI6Ii9mLzcxMDIxNTYzLWJhMDUtNDFmMi1iY2M0LTE2OWUwYmJhY2FlZS9kaWlzdHNmLTA1NTY4OTg3LTQyZDktNGFjOC05NjM3LTFhYmNkZmY4YTJlNS5wbmciLCJ3aWR0aCI6Ijw9MTkyMCJ9XV0sImF1ZCI6WyJ1cm46c2VydmljZTppbWFnZS5vcGVyYXRpb25zIl19.6-2zAM-jSLp7d_cwyCTMERbWQnBWn3UZeYHj6652LiY"
"2024-11-10T19:10:31-0800","NCAA Animal","https://images-wixmp-ed30a86b8c4ca887773594c2.wixmp.com/f/71021563-ba05-41f2-bcc4-169e0bbacaee/dij9yca-2f406a1d-1acf-423d-a658-aca4cbf636d1.png/v1/fill/w_1920,h_1330,q_80,strp/ncaa_animal_by_jaxaaronson_dij9yca-fullview.jpg?token=eyJ0eXAiOiJKV1QiLCJhbGciOiJIUzI1NiJ9.eyJzdWIiOiJ1cm46YXBwOjdlMGQxODg5ODIyNjQzNzNhNWYwZDQxNWVhMGQyNmUwIiwiaXNzIjoidXJuOmFwcDo3ZTBkMTg4OTgyMjY0MzczYTVmMGQ0MTVlYTBkMjZlMCIsIm9iaiI6W1t7ImhlaWdodCI6Ijw9MTMzMCIsInBhdGgiOiIvZi83MTAyMTU2My1iYTA1LTQxZjItYmNjNC0xNjllMGJiYWNhZWUvZGlqOXljYS0yZjQwNmExZC0xYWNmLTQyM2QtYTY1OC1hY2E0Y2JmNjM2ZDEucG5nIiwid2lkdGgiOiI8PTE5MjAifV1dLCJhdWQiOlsidXJuOnNlcnZpY2U6aW1hZ2Uub3BlcmF0aW9ucyJdfQ.lOtSelK-gUdjCb9c0Om9B5zns-0Bpk6RVTRdeLXYWxs"
"2024-11-10T22:28:36-0800","Gotham","https://images-wixmp-ed30a86b8c4ca887773594c2.wixmp.com/f/71021563-ba05-41f2-bcc4-169e0bbacaee/dijazc3-563b029c-0851-40f5-981f-a1ae5df7b8ac.png/v1/fill/w_1920,h_1680,q_80,strp/gotham_by_jaxaaronson_dijazc3-fullview.jpg?token=eyJ0eXAiOiJKV1QiLCJhbGciOiJIUzI1NiJ9.eyJzdWIiOiJ1cm46YXBwOjdlMGQxODg5ODIyNjQzNzNhNWYwZDQxNWVhMGQyNmUwIiwiaXNzIjoidXJuOmFwcDo3ZTBkMTg4OTgyMjY0MzczYTVmMGQ0MTVlYTBkMjZlMCIsIm9iaiI6W1t7ImhlaWdodCI6Ijw9MTY4MCIsInBhdGgiOiIvZi83MTAyMTU2My1iYTA1LTQxZjItYmNjNC0xNjllMGJiYWNhZWUvZGlqYXpjMy01NjNiMDI5Yy0wODUxLTQwZjUtOTgxZi1hMWFlNWRmN2I4YWMucG5nIiwid2lkdGgiOiI8PTE5MjAifV1dLCJhdWQiOlsidXJuOnNlcnZpY2U6aW1hZ2Uub3BlcmF0aW9ucyJdfQ.v_d68q7OqweF9dmLoIFZihyAHIUsFSJ6kmWuh8qpJrM"
"2024-11-11T18:15:52-0800","Delivery","https://images-wixmp-ed30a86b8c4ca887773594c2.wixmp.com/f/71021563-ba05-41f2-bcc4-169e0bbacaee/dijiec6-4e68f3fd-10a5-46ae-a3b7-cbcfd95025e2.png/v1/fill/w_1280,h_887,q_80,strp/delivery_by_jaxaaronson_dijiec6-fullview.jpg?token=eyJ0eXAiOiJKV1QiLCJhbGciOiJIUzI1NiJ9.eyJzdWIiOiJ1cm46YXBwOjdlMGQxODg5ODIyNjQzNzNhNWYwZDQxNWVhMGQyNmUwIiwiaXNzIjoidXJuOmFwcDo3ZTBkMTg4OTgyMjY0MzczYTVmMGQ0MTVlYTBkMjZlMCIsIm9iaiI6W1t7ImhlaWdodCI6Ijw9ODg3IiwicGF0aCI6Ii9mLzcxMDIxNTYzLWJhMDUtNDFmMi1iY2M0LTE2OWUwYmJhY2FlZS9kaWppZWM2LTRlNjhmM2ZkLTEwYTUtNDZhZS1hM2I3LWNiY2ZkOTUwMjVlMi5wbmciLCJ3aWR0aCI6Ijw9MTI4MCJ9XV0sImF1ZCI6WyJ1cm46c2VydmljZTppbWFnZS5vcGVyYXRpb25zIl19.BORwRx8ziRgTokXAZGX4NOUa05p3qjx1k_r2j1_x3to"
"2024-11-11T19:52:07-0800","Butter","https://images-wixmp-ed30a86b8c4ca887773594c2.wixmp.com/f/71021563-ba05-41f2-bcc4-169e0bbacaee/dijix6t-63be9ccc-1eb4-4f92-a5f1-479cd807bd97.png/v1/fill/w_1280,h_591,q_80,strp/butter_by_jaxaaronson_dijix6t-fullview.jpg?token=eyJ0eXAiOiJKV1QiLCJhbGciOiJIUzI1NiJ9.eyJzdWIiOiJ1cm46YXBwOjdlMGQxODg5ODIyNjQzNzNhNWYwZDQxNWVhMGQyNmUwIiwiaXNzIjoidXJuOmFwcDo3ZTBkMTg4OTgyMjY0MzczYTVmMGQ0MTVlYTBkMjZlMCIsIm9iaiI6W1t7ImhlaWdodCI6Ijw9NTkxIiwicGF0aCI6Ii9mLzcxMDIxNTYzLWJhMDUtNDFmMi1iY2M0LTE2OWUwYmJhY2FlZS9kaWppeDZ0LTYzYmU5Y2NjLTFlYjQtNGY5Mi1hNWYxLTQ3OWNkODA3YmQ5Ny5wbmciLCJ3aWR0aCI6Ijw9MTI4MCJ9XV0sImF1ZCI6WyJ1cm46c2VydmljZTppbWFnZS5vcGVyYXRpb25zIl19.pXgSc_QKU-8lcPGF3zS5xOYUWKzbnrcP_Ry-GsJ6SSs"
"2024-11-12T16:21:38-0800","Europina","https://images-wixmp-ed30a86b8c4ca887773594c2.wixmp.com/f/71021563-ba05-41f2-bcc4-169e0bbacaee/dijpx7l-7dab1552-52d2-4bb6-8466-1dd933b7a80a.png/v1/fill/w_1920,h_1222,q_80,strp/europina_by_jaxaaronson_dijpx7l-fullview.jpg?token=eyJ0eXAiOiJKV1QiLCJhbGciOiJIUzI1NiJ9.eyJzdWIiOiJ1cm46YXBwOjdlMGQxODg5ODIyNjQzNzNhNWYwZDQxNWVhMGQyNmUwIiwiaXNzIjoidXJuOmFwcDo3ZTBkMTg4OTgyMjY0MzczYTVmMGQ0MTVlYTBkMjZlMCIsIm9iaiI6W1t7ImhlaWdodCI6Ijw9MTIyMiIsInBhdGgiOiIvZi83MTAyMTU2My1iYTA1LTQxZjItYmNjNC0xNjllMGJiYWNhZWUvZGlqcHg3bC03ZGFiMTU1Mi01MmQyLTRiYjYtODQ2Ni0xZGQ5MzNiN2E4MGEucG5nIiwid2lkdGgiOiI8PTE5MjAifV1dLCJhdWQiOlsidXJuOnNlcnZpY2U6aW1hZ2Uub3BlcmF0aW9ucyJdfQ.9FE68QYb9DfjNJ7XeJ54ALRL7k2yTzA4macMHl8Ltc4"
"2024-11-12T19:55:41-0800","Latin","https://images-wixmp-ed30a86b8c4ca887773594c2.wixmp.com/f/71021563-ba05-41f2-bcc4-169e0bbacaee/dijr4kk-f2bba824-195a-4589-8f6d-c7d93c751e7d.png/v1/fill/w_1920,h_1680,q_80,strp/latin_by_jaxaaronson_dijr4kk-fullview.jpg?token=eyJ0eXAiOiJKV1QiLCJhbGciOiJIUzI1NiJ9.eyJzdWIiOiJ1cm46YXBwOjdlMGQxODg5ODIyNjQzNzNhNWYwZDQxNWVhMGQyNmUwIiwiaXNzIjoidXJuOmFwcDo3ZTBkMTg4OTgyMjY0MzczYTVmMGQ0MTVlYTBkMjZlMCIsIm9iaiI6W1t7ImhlaWdodCI6Ijw9MTY4MCIsInBhdGgiOiIvZi83MTAyMTU2My1iYTA1LTQxZjItYmNjNC0xNjllMGJiYWNhZWUvZGlqcjRray1mMmJiYTgyNC0xOTVhLTQ1ODktOGY2ZC1jN2Q5M2M3NTFlN2QucG5nIiwid2lkdGgiOiI8PTE5MjAifV1dLCJhdWQiOlsidXJuOnNlcnZpY2U6aW1hZ2Uub3BlcmF0aW9ucyJdfQ.iFfBAEo2qykDjrDapJH8TEbN8tHlqYhdQaJ2SNVHWN4"
"2024-11-12T22:49:06-0800","APAC","https://images-wixmp-ed30a86b8c4ca887773594c2.wixmp.com/f/71021563-ba05-41f2-bcc4-169e0bbacaee/dijs0de-a513882f-81c4-496c-9051-3dc61bf98cbf.png/v1/fill/w_1280,h_1014,q_80,strp/apac_by_jaxaaronson_dijs0de-fullview.jpg?token=eyJ0eXAiOiJKV1QiLCJhbGciOiJIUzI1NiJ9.eyJzdWIiOiJ1cm46YXBwOjdlMGQxODg5ODIyNjQzNzNhNWYwZDQxNWVhMGQyNmUwIiwiaXNzIjoidXJuOmFwcDo3ZTBkMTg4OTgyMjY0MzczYTVmMGQ0MTVlYTBkMjZlMCIsIm9iaiI6W1t7ImhlaWdodCI6Ijw9MTAxNCIsInBhdGgiOiIvZi83MTAyMTU2My1iYTA1LTQxZjItYmNjNC0xNjllMGJiYWNhZWUvZGlqczBkZS1hNTEzODgyZi04MWM0LTQ5NmMtOTA1MS0zZGM2MWJmOThjYmYucG5nIiwid2lkdGgiOiI8PTEyODAifV1dLCJhdWQiOlsidXJuOnNlcnZpY2U6aW1hZ2Uub3BlcmF0aW9ucyJdfQ.FhXvMnFdvpQrgl_W6mJNMGSDY9g16khIIapPgBOOABY"
"2024-11-13T17:29:34-0800","Caliphia","https://images-wixmp-ed30a86b8c4ca887773594c2.wixmp.com/f/71021563-ba05-41f2-bcc4-169e0bbacaee/dijyijp-62a15206-1e52-4057-8da8-d961cfe8c967.png/v1/fill/w_1920,h_1560,q_80,strp/caliphia_by_jaxaaronson_dijyijp-fullview.jpg?token=eyJ0eXAiOiJKV1QiLCJhbGciOiJIUzI1NiJ9.eyJzdWIiOiJ1cm46YXBwOjdlMGQxODg5ODIyNjQzNzNhNWYwZDQxNWVhMGQyNmUwIiwiaXNzIjoidXJuOmFwcDo3ZTBkMTg4OTgyMjY0MzczYTVmMGQ0MTVlYTBkMjZlMCIsIm9iaiI6W1t7ImhlaWdodCI6Ijw9MTU2MCIsInBhdGgiOiIvZi83MTAyMTU2My1iYTA1LTQxZjItYmNjNC0xNjllMGJiYWNhZWUvZGlqeWlqcC02MmExNTIwNi0xZTUyLTQwNTctOGRhOC1kOTYxY2ZlOGM5NjcucG5nIiwid2lkdGgiOiI8PTE5MjAifV1dLCJhdWQiOlsidXJuOnNlcnZpY2U6aW1hZ2Uub3BlcmF0aW9ucyJdfQ.3vk2Ua52DH_0OW-PaAaQsSn7kiW3-xXcLgsAq2PxAbM"
"2024-11-13T19:47:59-0800","Towel Vest","https://images-wixmp-ed30a86b8c4ca887773594c2.wixmp.com/f/71021563-ba05-41f2-bcc4-169e0bbacaee/dijz4t3-d928a21e-24c1-4bba-bbb3-f4fb4f5b0c77.png/v1/fill/w_1280,h_887,q_80,strp/towel_vest_by_jaxaaronson_dijz4t3-fullview.jpg?token=eyJ0eXAiOiJKV1QiLCJhbGciOiJIUzI1NiJ9.eyJzdWIiOiJ1cm46YXBwOjdlMGQxODg5ODIyNjQzNzNhNWYwZDQxNWVhMGQyNmUwIiwiaXNzIjoidXJuOmFwcDo3ZTBkMTg4OTgyMjY0MzczYTVmMGQ0MTVlYTBkMjZlMCIsIm9iaiI6W1t7ImhlaWdodCI6Ijw9ODg3IiwicGF0aCI6Ii9mLzcxMDIxNTYzLWJhMDUtNDFmMi1iY2M0LTE2OWUwYmJhY2FlZS9kaWp6NHQzLWQ5MjhhMjFlLTI0YzEtNGJiYS1iYmIzLWY0ZmI0ZjViMGM3Ny5wbmciLCJ3aWR0aCI6Ijw9MTI4MCJ9XV0sImF1ZCI6WyJ1cm46c2VydmljZTppbWFnZS5vcGVyYXRpb25zIl19.050nzK7tCGj3hm-3b7scWAf_ZUoFM1y6x3KnjhYMrAc"
"2024-11-14T07:25:17-0800","Hawaii","https://images-wixmp-ed30a86b8c4ca887773594c2.wixmp.com/f/71021563-ba05-41f2-bcc4-169e0bbacaee/dik2eni-6474a0c0-ddf7-4aa5-b79a-2fd5bbd7f678.png/v1/fill/w_1920,h_776,q_80,strp/hawaii_by_jaxaaronson_dik2eni-fullview.jpg?token=eyJ0eXAiOiJKV1QiLCJhbGciOiJIUzI1NiJ9.eyJzdWIiOiJ1cm46YXBwOjdlMGQxODg5ODIyNjQzNzNhNWYwZDQxNWVhMGQyNmUwIiwiaXNzIjoidXJuOmFwcDo3ZTBkMTg4OTgyMjY0MzczYTVmMGQ0MTVlYTBkMjZlMCIsIm9iaiI6W1t7ImhlaWdodCI6Ijw9Nzc2IiwicGF0aCI6Ii9mLzcxMDIxNTYzLWJhMDUtNDFmMi1iY2M0LTE2OWUwYmJhY2FlZS9kaWsyZW5pLTY0NzRhMGMwLWRkZjctNGFhNS1iNzlhLTJmZDViYmQ3ZjY3OC5wbmciLCJ3aWR0aCI6Ijw9MTkyMCJ9XV0sImF1ZCI6WyJ1cm46c2VydmljZTppbWFnZS5vcGVyYXRpb25zIl19.nj5pbXUYGtj9VuEWWYPg8eS1L867GI44HD4jHKHcl3A"
"2024-11-14T11:10:07-0800","Hourglass","https://images-wixmp-ed30a86b8c4ca887773594c2.wixmp.com/f/71021563-ba05-41f2-bcc4-169e0bbacaee/dik3pqm-fe21aa34-75c3-4984-99eb-8be9f9748cb5.png/v1/fill/w_1280,h_832,q_80,strp/hourglass_by_jaxaaronson_dik3pqm-fullview.jpg?token=eyJ0eXAiOiJKV1QiLCJhbGciOiJIUzI1NiJ9.eyJzdWIiOiJ1cm46YXBwOjdlMGQxODg5ODIyNjQzNzNhNWYwZDQxNWVhMGQyNmUwIiwiaXNzIjoidXJuOmFwcDo3ZTBkMTg4OTgyMjY0MzczYTVmMGQ0MTVlYTBkMjZlMCIsIm9iaiI6W1t7ImhlaWdodCI6Ijw9ODMyIiwicGF0aCI6Ii9mLzcxMDIxNTYzLWJhMDUtNDFmMi1iY2M0LTE2OWUwYmJhY2FlZS9kaWszcHFtLWZlMjFhYTM0LTc1YzMtNDk4NC05OWViLThiZTlmOTc0OGNiNS5wbmciLCJ3aWR0aCI6Ijw9MTI4MCJ9XV0sImF1ZCI6WyJ1cm46c2VydmljZTppbWFnZS5vcGVyYXRpb25zIl19.ig_g82yeDGOnurGaFXIBzTGvbkUvEojyiG8xWXps-YE"
"2024-11-14T20:36:13-0800","Hej","https://images-wixmp-ed30a86b8c4ca887773594c2.wixmp.com/f/71021563-ba05-41f2-bcc4-169e0bbacaee/dik6tme-0a9e7945-d93e-40b3-a005-5a391b872ef2.png/v1/fill/w_1920,h_1064,q_80,strp/hej_by_jaxaaronson_dik6tme-fullview.jpg?token=eyJ0eXAiOiJKV1QiLCJhbGciOiJIUzI1NiJ9.eyJzdWIiOiJ1cm46YXBwOjdlMGQxODg5ODIyNjQzNzNhNWYwZDQxNWVhMGQyNmUwIiwiaXNzIjoidXJuOmFwcDo3ZTBkMTg4OTgyMjY0MzczYTVmMGQ0MTVlYTBkMjZlMCIsIm9iaiI6W1t7ImhlaWdodCI6Ijw9MTA2NCIsInBhdGgiOiIvZi83MTAyMTU2My1iYTA1LTQxZjItYmNjNC0xNjllMGJiYWNhZWUvZGlrNnRtZS0wYTllNzk0NS1kOTNlLTQwYjMtYTAwNS01YTM5MWI4NzJlZjIucG5nIiwid2lkdGgiOiI8PTE5MjAifV1dLCJhdWQiOlsidXJuOnNlcnZpY2U6aW1hZ2Uub3BlcmF0aW9ucyJdfQ.zVvEHwgLtnCVtoIMPblQUb4j5mIGAilr3e8w7js18SI"
"2024-11-15T09:03:30-0800","Hot Air","https://images-wixmp-ed30a86b8c4ca887773594c2.wixmp.com/f/71021563-ba05-41f2-bcc4-169e0bbacaee/dikak5s-d94687e4-880a-4cee-8468-e571b4923347.png/v1/fill/w_1920,h_776,q_80,strp/hot_air_by_jaxaaronson_dikak5s-fullview.jpg?token=eyJ0eXAiOiJKV1QiLCJhbGciOiJIUzI1NiJ9.eyJzdWIiOiJ1cm46YXBwOjdlMGQxODg5ODIyNjQzNzNhNWYwZDQxNWVhMGQyNmUwIiwiaXNzIjoidXJuOmFwcDo3ZTBkMTg4OTgyMjY0MzczYTVmMGQ0MTVlYTBkMjZlMCIsIm9iaiI6W1t7ImhlaWdodCI6Ijw9Nzc2IiwicGF0aCI6Ii9mLzcxMDIxNTYzLWJhMDUtNDFmMi1iY2M0LTE2OWUwYmJhY2FlZS9kaWthazVzLWQ5NDY4N2U0LTg4MGEtNGNlZS04NDY4LWU1NzFiNDkyMzM0Ny5wbmciLCJ3aWR0aCI6Ijw9MTkyMCJ9XV0sImF1ZCI6WyJ1cm46c2VydmljZTppbWFnZS5vcGVyYXRpb25zIl19.f4ofo4DLskR4gwQQeeI7bDPDO1JYtJJx9lBE193id_w"
"2024-11-15T12:44:44-0800","Burgundy","https://images-wixmp-ed30a86b8c4ca887773594c2.wixmp.com/f/71021563-ba05-41f2-bcc4-169e0bbacaee/dikbz8m-c322f845-126a-4ceb-91f3-28c17c3884c9.png/v1/fill/w_1280,h_887,q_80,strp/burgundy_by_jaxaaronson_dikbz8m-fullview.jpg?token=eyJ0eXAiOiJKV1QiLCJhbGciOiJIUzI1NiJ9.eyJzdWIiOiJ1cm46YXBwOjdlMGQxODg5ODIyNjQzNzNhNWYwZDQxNWVhMGQyNmUwIiwiaXNzIjoidXJuOmFwcDo3ZTBkMTg4OTgyMjY0MzczYTVmMGQ0MTVlYTBkMjZlMCIsIm9iaiI6W1t7ImhlaWdodCI6Ijw9ODg3IiwicGF0aCI6Ii9mLzcxMDIxNTYzLWJhMDUtNDFmMi1iY2M0LTE2OWUwYmJhY2FlZS9kaWtiejhtLWMzMjJmODQ1LTEyNmEtNGNlYi05MWYzLTI4YzE3YzM4ODRjOS5wbmciLCJ3aWR0aCI6Ijw9MTI4MCJ9XV0sImF1ZCI6WyJ1cm46c2VydmljZTppbWFnZS5vcGVyYXRpb25zIl19.mHepoWrPjJ_r0VXP0BUKx12EWPh0iIfsTYwtWAh8reo"
"2024-11-15T15:33:14-0800","Grass","https://images-wixmp-ed30a86b8c4ca887773594c2.wixmp.com/f/71021563-ba05-41f2-bcc4-169e0bbacaee/dikczbi-dce12792-f9a8-4508-93c0-18088c550a38.png/v1/fill/w_1280,h_747,q_80,strp/grass_by_jaxaaronson_dikczbi-fullview.jpg?token=eyJ0eXAiOiJKV1QiLCJhbGciOiJIUzI1NiJ9.eyJzdWIiOiJ1cm46YXBwOjdlMGQxODg5ODIyNjQzNzNhNWYwZDQxNWVhMGQyNmUwIiwiaXNzIjoidXJuOmFwcDo3ZTBkMTg4OTgyMjY0MzczYTVmMGQ0MTVlYTBkMjZlMCIsIm9iaiI6W1t7ImhlaWdodCI6Ijw9NzQ3IiwicGF0aCI6Ii9mLzcxMDIxNTYzLWJhMDUtNDFmMi1iY2M0LTE2OWUwYmJhY2FlZS9kaWtjemJpLWRjZTEyNzkyLWY5YTgtNDUwOC05M2MwLTE4MDg4YzU1MGEzOC5wbmciLCJ3aWR0aCI6Ijw9MTI4MCJ9XV0sImF1ZCI6WyJ1cm46c2VydmljZTppbWFnZS5vcGVyYXRpb25zIl19.eS0EmyDbAbZfPmrlA101FlcrT6JiqeWCrNXNr9Bo-aw"
"2024-11-15T18:06:45-0800","Zen","https://images-wixmp-ed30a86b8c4ca887773594c2.wixmp.com/f/71021563-ba05-41f2-bcc4-169e0bbacaee/dikdtur-df7be2a4-3f85-4f10-b60e-d488d5db9106.png/v1/fill/w_1920,h_1330,q_80,strp/zen_by_jaxaaronson_dikdtur-fullview.jpg?token=eyJ0eXAiOiJKV1QiLCJhbGciOiJIUzI1NiJ9.eyJzdWIiOiJ1cm46YXBwOjdlMGQxODg5ODIyNjQzNzNhNWYwZDQxNWVhMGQyNmUwIiwiaXNzIjoidXJuOmFwcDo3ZTBkMTg4OTgyMjY0MzczYTVmMGQ0MTVlYTBkMjZlMCIsIm9iaiI6W1t7ImhlaWdodCI6Ijw9MTMzMCIsInBhdGgiOiIvZi83MTAyMTU2My1iYTA1LTQxZjItYmNjNC0xNjllMGJiYWNhZWUvZGlrZHR1ci1kZjdiZTJhNC0zZjg1LTRmMTAtYjYwZS1kNDg4ZDVkYjkxMDYucG5nIiwid2lkdGgiOiI8PTE5MjAifV1dLCJhdWQiOlsidXJuOnNlcnZpY2U6aW1hZ2Uub3BlcmF0aW9ucyJdfQ.g_lBjpzY36KTp0F15_8DOQi5n_SWkZNhtNqd-6j4NEQ"
"2024-11-16T10:23:09-0800","Cornucopia","https://images-wixmp-ed30a86b8c4ca887773594c2.wixmp.com/f/71021563-ba05-41f2-bcc4-169e0bbacaee/dikj8q5-ab960612-8301-4ec4-8305-1d1722e80e21.png/v1/fill/w_1920,h_1008,q_80,strp/cornucopia_by_jaxaaronson_dikj8q5-fullview.jpg?token=eyJ0eXAiOiJKV1QiLCJhbGciOiJIUzI1NiJ9.eyJzdWIiOiJ1cm46YXBwOjdlMGQxODg5ODIyNjQzNzNhNWYwZDQxNWVhMGQyNmUwIiwiaXNzIjoidXJuOmFwcDo3ZTBkMTg4OTgyMjY0MzczYTVmMGQ0MTVlYTBkMjZlMCIsIm9iaiI6W1t7ImhlaWdodCI6Ijw9MTAwOCIsInBhdGgiOiIvZi83MTAyMTU2My1iYTA1LTQxZjItYmNjNC0xNjllMGJiYWNhZWUvZGlrajhxNS1hYjk2MDYxMi04MzAxLTRlYzQtODMwNS0xZDE3MjJlODBlMjEucG5nIiwid2lkdGgiOiI8PTE5MjAifV1dLCJhdWQiOlsidXJuOnNlcnZpY2U6aW1hZ2Uub3BlcmF0aW9ucyJdfQ.wlS3ZCoztiseeskUIpW3xTF-uQwK9j_A4Y9IJycttMU"
"2024-11-16T14:00:27-0800","Washable","https://images-wixmp-ed30a86b8c4ca887773594c2.wixmp.com/f/71021563-ba05-41f2-bcc4-169e0bbacaee/dikkqm9-9692f4a6-f2f1-44bc-9a5a-7fab19fd85c4.png/v1/fill/w_1280,h_1248,q_80,strp/washable_by_jaxaaronson_dikkqm9-fullview.jpg?token=eyJ0eXAiOiJKV1QiLCJhbGciOiJIUzI1NiJ9.eyJzdWIiOiJ1cm46YXBwOjdlMGQxODg5ODIyNjQzNzNhNWYwZDQxNWVhMGQyNmUwIiwiaXNzIjoidXJuOmFwcDo3ZTBkMTg4OTgyMjY0MzczYTVmMGQ0MTVlYTBkMjZlMCIsIm9iaiI6W1t7ImhlaWdodCI6Ijw9MTI0OCIsInBhdGgiOiIvZi83MTAyMTU2My1iYTA1LTQxZjItYmNjNC0xNjllMGJiYWNhZWUvZGlra3FtOS05NjkyZjRhNi1mMmYxLTQ0YmMtOWE1YS03ZmFiMTlmZDg1YzQucG5nIiwid2lkdGgiOiI8PTEyODAifV1dLCJhdWQiOlsidXJuOnNlcnZpY2U6aW1hZ2Uub3BlcmF0aW9ucyJdfQ.B4diV7k-jPHc4_FfmPFAphTdFmfmY9bjjjY0VjFq1Vg"
"2024-11-16T16:49:18-0800","Spain","https://images-wixmp-ed30a86b8c4ca887773594c2.wixmp.com/f/71021563-ba05-41f2-bcc4-169e0bbacaee/diklos6-b354363b-4ff2-4af8-be67-5c7a22f3278e.png/v1/fill/w_1280,h_887,q_80,strp/spain_by_jaxaaronson_diklos6-fullview.jpg?token=eyJ0eXAiOiJKV1QiLCJhbGciOiJIUzI1NiJ9.eyJzdWIiOiJ1cm46YXBwOjdlMGQxODg5ODIyNjQzNzNhNWYwZDQxNWVhMGQyNmUwIiwiaXNzIjoidXJuOmFwcDo3ZTBkMTg4OTgyMjY0MzczYTVmMGQ0MTVlYTBkMjZlMCIsIm9iaiI6W1t7ImhlaWdodCI6Ijw9ODg3IiwicGF0aCI6Ii9mLzcxMDIxNTYzLWJhMDUtNDFmMi1iY2M0LTE2OWUwYmJhY2FlZS9kaWtsb3M2LWIzNTQzNjNiLTRmZjItNGFmOC1iZTY3LTVjN2EyMmYzMjc4ZS5wbmciLCJ3aWR0aCI6Ijw9MTI4MCJ9XV0sImF1ZCI6WyJ1cm46c2VydmljZTppbWFnZS5vcGVyYXRpb25zIl19.7k915LFintcgdD3udHQ_omEOXhHeCXuuUqRciUwVmrs"
"2024-11-16T20:12:23-0800","Stadium","https://images-wixmp-ed30a86b8c4ca887773594c2.wixmp.com/f/71021563-ba05-41f2-bcc4-169e0bbacaee/dikmsxy-f9898a56-3cd3-4a10-976c-52eb5778fe27.png/v1/fill/w_1920,h_883,q_80,strp/stadium_by_jaxaaronson_dikmsxy-fullview.jpg?token=eyJ0eXAiOiJKV1QiLCJhbGciOiJIUzI1NiJ9.eyJzdWIiOiJ1cm46YXBwOjdlMGQxODg5ODIyNjQzNzNhNWYwZDQxNWVhMGQyNmUwIiwiaXNzIjoidXJuOmFwcDo3ZTBkMTg4OTgyMjY0MzczYTVmMGQ0MTVlYTBkMjZlMCIsIm9iaiI6W1t7ImhlaWdodCI6Ijw9ODgzIiwicGF0aCI6Ii9mLzcxMDIxNTYzLWJhMDUtNDFmMi1iY2M0LTE2OWUwYmJhY2FlZS9kaWttc3h5LWY5ODk4YTU2LTNjZDMtNGExMC05NzZjLTUyZWI1Nzc4ZmUyNy5wbmciLCJ3aWR0aCI6Ijw9MTkyMCJ9XV0sImF1ZCI6WyJ1cm46c2VydmljZTppbWFnZS5vcGVyYXRpb25zIl19.8k8e70V5VkjIzVupwk_VQfGhRKcd-pfo-cAp_y9bV3w"
"2024-11-17T21:08:42-0800","Candy","https://images-wixmp-ed30a86b8c4ca887773594c2.wixmp.com/f/71021563-ba05-41f2-bcc4-169e0bbacaee/dikwak2-336d4173-3102-402f-a454-9b3e4fde6eed.png/v1/fill/w_1920,h_1120,q_80,strp/candy_by_jaxaaronson_dikwak2-fullview.jpg?token=eyJ0eXAiOiJKV1QiLCJhbGciOiJIUzI1NiJ9.eyJzdWIiOiJ1cm46YXBwOjdlMGQxODg5ODIyNjQzNzNhNWYwZDQxNWVhMGQyNmUwIiwiaXNzIjoidXJuOmFwcDo3ZTBkMTg4OTgyMjY0MzczYTVmMGQ0MTVlYTBkMjZlMCIsIm9iaiI6W1t7ImhlaWdodCI6Ijw9MTEyMCIsInBhdGgiOiIvZi83MTAyMTU2My1iYTA1LTQxZjItYmNjNC0xNjllMGJiYWNhZWUvZGlrd2FrMi0zMzZkNDE3My0zMTAyLTQwMmYtYTQ1NC05YjNlNGZkZTZlZWQucG5nIiwid2lkdGgiOiI8PTE5MjAifV1dLCJhdWQiOlsidXJuOnNlcnZpY2U6aW1hZ2Uub3BlcmF0aW9ucyJdfQ.oojS0tK_6wDkMOtt5uIV5AtCUnBzKOI5u8zfSQKrr-k"
"2024-11-18T16:51:56-0800","Tennis Shoes","https://images-wixmp-ed30a86b8c4ca887773594c2.wixmp.com/f/71021563-ba05-41f2-bcc4-169e0bbacaee/dil34ii-79ab85de-87dd-4cd5-a282-63ede658deb4.png/v1/fill/w_1280,h_788,q_80,strp/tennis_shoes_by_jaxaaronson_dil34ii-fullview.jpg?token=eyJ0eXAiOiJKV1QiLCJhbGciOiJIUzI1NiJ9.eyJzdWIiOiJ1cm46YXBwOjdlMGQxODg5ODIyNjQzNzNhNWYwZDQxNWVhMGQyNmUwIiwiaXNzIjoidXJuOmFwcDo3ZTBkMTg4OTgyMjY0MzczYTVmMGQ0MTVlYTBkMjZlMCIsIm9iaiI6W1t7ImhlaWdodCI6Ijw9Nzg4IiwicGF0aCI6Ii9mLzcxMDIxNTYzLWJhMDUtNDFmMi1iY2M0LTE2OWUwYmJhY2FlZS9kaWwzNGlpLTc5YWI4NWRlLTg3ZGQtNGNkNS1hMjgyLTYzZWRlNjU4ZGViNC5wbmciLCJ3aWR0aCI6Ijw9MTI4MCJ9XV0sImF1ZCI6WyJ1cm46c2VydmljZTppbWFnZS5vcGVyYXRpb25zIl19.eX3jcX-n5EoKRjJE-xSfcfpkvstLkr4dIT67qA4NhnA"
"2024-11-19T16:44:54-0800","Soil","https://images-wixmp-ed30a86b8c4ca887773594c2.wixmp.com/f/71021563-ba05-41f2-bcc4-169e0bbacaee/dilauwg-8ed31c90-b728-4556-b003-2f7db20b3f0a.png/v1/fill/w_1280,h_996,q_80,strp/soil_by_jaxaaronson_dilauwg-fullview.jpg?token=eyJ0eXAiOiJKV1QiLCJhbGciOiJIUzI1NiJ9.eyJzdWIiOiJ1cm46YXBwOjdlMGQxODg5ODIyNjQzNzNhNWYwZDQxNWVhMGQyNmUwIiwiaXNzIjoidXJuOmFwcDo3ZTBkMTg4OTgyMjY0MzczYTVmMGQ0MTVlYTBkMjZlMCIsIm9iaiI6W1t7ImhlaWdodCI6Ijw9OTk2IiwicGF0aCI6Ii9mLzcxMDIxNTYzLWJhMDUtNDFmMi1iY2M0LTE2OWUwYmJhY2FlZS9kaWxhdXdnLThlZDMxYzkwLWI3MjgtNDU1Ni1iMDAzLTJmN2RiMjBiM2YwYS5wbmciLCJ3aWR0aCI6Ijw9MTI4MCJ9XV0sImF1ZCI6WyJ1cm46c2VydmljZTppbWFnZS5vcGVyYXRpb25zIl19.Hxyqko5ozfgwAjMCwbw_eCVuHkGA6Tv7gbdYJBv3G7Q"
"2024-11-19T18:24:14-0800","Rio","https://images-wixmp-ed30a86b8c4ca887773594c2.wixmp.com/f/71021563-ba05-41f2-bcc4-169e0bbacaee/dilbdi8-eb667f9a-6f74-4144-b588-0f3c2f3d87d2.png/v1/fill/w_1280,h_1014,q_80,strp/rio_by_jaxaaronson_dilbdi8-fullview.jpg?token=eyJ0eXAiOiJKV1QiLCJhbGciOiJIUzI1NiJ9.eyJzdWIiOiJ1cm46YXBwOjdlMGQxODg5ODIyNjQzNzNhNWYwZDQxNWVhMGQyNmUwIiwiaXNzIjoidXJuOmFwcDo3ZTBkMTg4OTgyMjY0MzczYTVmMGQ0MTVlYTBkMjZlMCIsIm9iaiI6W1t7ImhlaWdodCI6Ijw9MTAxNCIsInBhdGgiOiIvZi83MTAyMTU2My1iYTA1LTQxZjItYmNjNC0xNjllMGJiYWNhZWUvZGlsYmRpOC1lYjY2N2Y5YS02Zjc0LTQxNDQtYjU4OC0wZjNjMmYzZDg3ZDIucG5nIiwid2lkdGgiOiI8PTEyODAifV1dLCJhdWQiOlsidXJuOnNlcnZpY2U6aW1hZ2Uub3BlcmF0aW9ucyJdfQ.Ks-TcTDyngktuxX74yfM276eZV2wDyDssn594kyglw8"
"2024-11-20T10:41:55-0800","Lanterns","https://images-wixmp-ed30a86b8c4ca887773594c2.wixmp.com/f/71021563-ba05-41f2-bcc4-169e0bbacaee/dilgaua-4b435b3a-7121-4ec9-b195-2ffcd136c4fa.png/v1/fill/w_1920,h_1404,q_80,strp/lanterns_by_jaxaaronson_dilgaua-fullview.jpg?token=eyJ0eXAiOiJKV1QiLCJhbGciOiJIUzI1NiJ9.eyJzdWIiOiJ1cm46YXBwOjdlMGQxODg5ODIyNjQzNzNhNWYwZDQxNWVhMGQyNmUwIiwiaXNzIjoidXJuOmFwcDo3ZTBkMTg4OTgyMjY0MzczYTVmMGQ0MTVlYTBkMjZlMCIsIm9iaiI6W1t7ImhlaWdodCI6Ijw9MTQwNCIsInBhdGgiOiIvZi83MTAyMTU2My1iYTA1LTQxZjItYmNjNC0xNjllMGJiYWNhZWUvZGlsZ2F1YS00YjQzNWIzYS03MTIxLTRlYzktYjE5NS0yZmZjZDEzNmM0ZmEucG5nIiwid2lkdGgiOiI8PTE5MjAifV1dLCJhdWQiOlsidXJuOnNlcnZpY2U6aW1hZ2Uub3BlcmF0aW9ucyJdfQ.jckS9ZuA-cLyqesfSnej5yk_Q9_laQHxuvxJITObA-g"
"2024-11-20T13:50:11-0800","Easter","https://images-wixmp-ed30a86b8c4ca887773594c2.wixmp.com/f/71021563-ba05-41f2-bcc4-169e0bbacaee/dilhk11-49fb167e-1071-4b15-b761-b2873f0c28ec.png/v1/fill/w_1920,h_798,q_80,strp/easter_by_jaxaaronson_dilhk11-fullview.jpg?token=eyJ0eXAiOiJKV1QiLCJhbGciOiJIUzI1NiJ9.eyJzdWIiOiJ1cm46YXBwOjdlMGQxODg5ODIyNjQzNzNhNWYwZDQxNWVhMGQyNmUwIiwiaXNzIjoidXJuOmFwcDo3ZTBkMTg4OTgyMjY0MzczYTVmMGQ0MTVlYTBkMjZlMCIsIm9iaiI6W1t7ImhlaWdodCI6Ijw9Nzk4IiwicGF0aCI6Ii9mLzcxMDIxNTYzLWJhMDUtNDFmMi1iY2M0LTE2OWUwYmJhY2FlZS9kaWxoazExLTQ5ZmIxNjdlLTEwNzEtNGIxNS1iNzYxLWIyODczZjBjMjhlYy5wbmciLCJ3aWR0aCI6Ijw9MTkyMCJ9XV0sImF1ZCI6WyJ1cm46c2VydmljZTppbWFnZS5vcGVyYXRpb25zIl19.KaMk5zUULtow96X3kcoR9i5yqAlA8y65hYm8d_Dbx9g"
"2024-12-07T13:06:58-0800","Logo","https://images-wixmp-ed30a86b8c4ca887773594c2.wixmp.com/f/71021563-ba05-41f2-bcc4-169e0bbacaee/diphnvm-3a17de31-76b8-42f6-8f05-67c759558d6a.png/v1/fill/w_1920,h_960,q_80,strp/logo_by_jaxaaronson_diphnvm-fullview.jpg?token=eyJ0eXAiOiJKV1QiLCJhbGciOiJIUzI1NiJ9.eyJzdWIiOiJ1cm46YXBwOjdlMGQxODg5ODIyNjQzNzNhNWYwZDQxNWVhMGQyNmUwIiwiaXNzIjoidXJuOmFwcDo3ZTBkMTg4OTgyMjY0MzczYTVmMGQ0MTVlYTBkMjZlMCIsIm9iaiI6W1t7ImhlaWdodCI6Ijw9OTYwIiwicGF0aCI6Ii9mLzcxMDIxNTYzLWJhMDUtNDFmMi1iY2M0LTE2OWUwYmJhY2FlZS9kaXBobnZtLTNhMTdkZTMxLTc2YjgtNDJmNi04ZjA1LTY3Yzc1OTU1OGQ2YS5wbmciLCJ3aWR0aCI6Ijw9MTkyMCJ9XV0sImF1ZCI6WyJ1cm46c2VydmljZTppbWFnZS5vcGVyYXRpb25zIl19.rrHogCN4siO1oU6KPKmBUcBAOt6Rv75f7FLA-mk7G3w"
"2025-03-12T14:47:59-0700","Greenhouse","https://images-wixmp-ed30a86b8c4ca887773594c2.wixmp.com/f/71021563-ba05-41f2-bcc4-169e0bbacaee/djcq0n6-9e3b11aa-0fc3-4afa-8c5a-cdf19ac220de.png/v1/fill/w_1280,h_832,q_80,strp/greenhouse_by_jaxaaronson_djcq0n6-fullview.jpg?token=eyJ0eXAiOiJKV1QiLCJhbGciOiJIUzI1NiJ9.eyJzdWIiOiJ1cm46YXBwOjdlMGQxODg5ODIyNjQzNzNhNWYwZDQxNWVhMGQyNmUwIiwiaXNzIjoidXJuOmFwcDo3ZTBkMTg4OTgyMjY0MzczYTVmMGQ0MTVlYTBkMjZlMCIsIm9iaiI6W1t7ImhlaWdodCI6Ijw9ODMyIiwicGF0aCI6Ii9mLzcxMDIxNTYzLWJhMDUtNDFmMi1iY2M0LTE2OWUwYmJhY2FlZS9kamNxMG42LTllM2IxMWFhLTBmYzMtNGFmYS04YzVhLWNkZjE5YWMyMjBkZS5wbmciLCJ3aWR0aCI6Ijw9MTI4MCJ9XV0sImF1ZCI6WyJ1cm46c2VydmljZTppbWFnZS5vcGVyYXRpb25zIl19.c873__81Jg2WpZ9AwunZy6ofobYBOr0U4mGRorqcfyI"
"2025-03-13T09:40:30-0700","Pottery","https://images-wixmp-ed30a86b8c4ca887773594c2.wixmp.com/f/71021563-ba05-41f2-bcc4-169e0bbacaee/djcw7ke-56073ce3-a330-4fd6-a321-c28cca801f65.png/v1/fill/w_1280,h_800,q_80,strp/pottery_by_jaxaaronson_djcw7ke-fullview.jpg?token=eyJ0eXAiOiJKV1QiLCJhbGciOiJIUzI1NiJ9.eyJzdWIiOiJ1cm46YXBwOjdlMGQxODg5ODIyNjQzNzNhNWYwZDQxNWVhMGQyNmUwIiwiaXNzIjoidXJuOmFwcDo3ZTBkMTg4OTgyMjY0MzczYTVmMGQ0MTVlYTBkMjZlMCIsIm9iaiI6W1t7ImhlaWdodCI6Ijw9ODAwIiwicGF0aCI6Ii9mLzcxMDIxNTYzLWJhMDUtNDFmMi1iY2M0LTE2OWUwYmJhY2FlZS9kamN3N2tlLTU2MDczY2UzLWEzMzAtNGZkNi1hMzIxLWMyOGNjYTgwMWY2NS5wbmciLCJ3aWR0aCI6Ijw9MTI4MCJ9XV0sImF1ZCI6WyJ1cm46c2VydmljZTppbWFnZS5vcGVyYXRpb25zIl19.Zew7C--VhG2kLYqAvh3P9xAUed3nPoLabGDvqYrAnSc"
"2025-03-28T13:52:09-0700","Colonizers","https://images-wixmp-ed30a86b8c4ca887773594c2.wixmp.com/f/71021563-ba05-41f2-bcc4-169e0bbacaee/djgegao-931d4dfb-e41c-45a9-9e2e-ea3047487b9b.png/v1/fill/w_1280,h_840,q_80,strp/colonizers_by_jaxaaronson_djgegao-fullview.jpg?token=eyJ0eXAiOiJKV1QiLCJhbGciOiJIUzI1NiJ9.eyJzdWIiOiJ1cm46YXBwOjdlMGQxODg5ODIyNjQzNzNhNWYwZDQxNWVhMGQyNmUwIiwiaXNzIjoidXJuOmFwcDo3ZTBkMTg4OTgyMjY0MzczYTVmMGQ0MTVlYTBkMjZlMCIsIm9iaiI6W1t7ImhlaWdodCI6Ijw9ODQwIiwicGF0aCI6Ii9mLzcxMDIxNTYzLWJhMDUtNDFmMi1iY2M0LTE2OWUwYmJhY2FlZS9kamdlZ2FvLTkzMWQ0ZGZiLWU0MWMtNDVhOS05ZTJlLWVhMzA0NzQ4N2I5Yi5wbmciLCJ3aWR0aCI6Ijw9MTI4MCJ9XV0sImF1ZCI6WyJ1cm46c2VydmljZTppbWFnZS5vcGVyYXRpb25zIl19.WxTzc_MIGZIKzW9_h64NiSZS1MizoBdNlJPhel7fo6k"
"2025-03-28T16:28:31-0700","Fireworks","https://images-wixmp-ed30a86b8c4ca887773594c2.wixmp.com/f/71021563-ba05-41f2-bcc4-169e0bbacaee/djgff1u-524ce003-de36-4b81-a4eb-aba7386bf13b.png/v1/fill/w_1280,h_749,q_80,strp/fireworks_by_jaxaaronson_djgff1u-fullview.jpg?token=eyJ0eXAiOiJKV1QiLCJhbGciOiJIUzI1NiJ9.eyJzdWIiOiJ1cm46YXBwOjdlMGQxODg5ODIyNjQzNzNhNWYwZDQxNWVhMGQyNmUwIiwiaXNzIjoidXJuOmFwcDo3ZTBkMTg4OTgyMjY0MzczYTVmMGQ0MTVlYTBkMjZlMCIsIm9iaiI6W1t7ImhlaWdodCI6Ijw9NzQ5IiwicGF0aCI6Ii9mLzcxMDIxNTYzLWJhMDUtNDFmMi1iY2M0LTE2OWUwYmJhY2FlZS9kamdmZjF1LTUyNGNlMDAzLWRlMzYtNGI4MS1hNGViLWFiYTczODZiZjEzYi5wbmciLCJ3aWR0aCI6Ijw9MTI4MCJ9XV0sImF1ZCI6WyJ1cm46c2VydmljZTppbWFnZS5vcGVyYXRpb25zIl19.HayidOEkVDOySKFiJeCCuozHWEMhYwlPfRJkBlqu-c8"
"2025-03-28T20:48:56-0700","Blossom","https://images-wixmp-ed30a86b8c4ca887773594c2.wixmp.com/f/71021563-ba05-41f2-bcc4-169e0bbacaee/djggu05-43d17cc6-3a41-4357-ac06-31a4e5e831e6.png/v1/fill/w_1280,h_925,q_80,strp/blossom_by_jaxaaronson_djggu05-fullview.jpg?token=eyJ0eXAiOiJKV1QiLCJhbGciOiJIUzI1NiJ9.eyJzdWIiOiJ1cm46YXBwOjdlMGQxODg5ODIyNjQzNzNhNWYwZDQxNWVhMGQyNmUwIiwiaXNzIjoidXJuOmFwcDo3ZTBkMTg4OTgyMjY0MzczYTVmMGQ0MTVlYTBkMjZlMCIsIm9iaiI6W1t7ImhlaWdodCI6Ijw9OTI1IiwicGF0aCI6Ii9mLzcxMDIxNTYzLWJhMDUtNDFmMi1iY2M0LTE2OWUwYmJhY2FlZS9kamdndTA1LTQzZDE3Y2M2LTNhNDEtNDM1Ny1hYzA2LTMxYTRlNWU4MzFlNi5wbmciLCJ3aWR0aCI6Ijw9MTI4MCJ9XV0sImF1ZCI6WyJ1cm46c2VydmljZTppbWFnZS5vcGVyYXRpb25zIl19.IzibCvOkPKL1Z0AdXRdlQTxvyYgnDLZ7018Lo2fjtvM"
"2025-03-28T21:49:43-0700","Peanut Butter Chocolate Marshmallow Graham","https://images-wixmp-ed30a86b8c4ca887773594c2.wixmp.com/f/71021563-ba05-41f2-bcc4-169e0bbacaee/djgh44o-661a1a9e-18ef-48c2-b600-66ca9574237f.png/v1/fill/w_1280,h_1108,q_80,strp/peanut_butter_chocolate_marshmallow_graham_by_jaxaaronson_djgh44o-fullview.jpg?token=eyJ0eXAiOiJKV1QiLCJhbGciOiJIUzI1NiJ9.eyJzdWIiOiJ1cm46YXBwOjdlMGQxODg5ODIyNjQzNzNhNWYwZDQxNWVhMGQyNmUwIiwiaXNzIjoidXJuOmFwcDo3ZTBkMTg4OTgyMjY0MzczYTVmMGQ0MTVlYTBkMjZlMCIsIm9iaiI6W1t7ImhlaWdodCI6Ijw9MTEwOCIsInBhdGgiOiIvZi83MTAyMTU2My1iYTA1LTQxZjItYmNjNC0xNjllMGJiYWNhZWUvZGpnaDQ0by02NjFhMWE5ZS0xOGVmLTQ4YzItYjYwMC02NmNhOTU3NDIzN2YucG5nIiwid2lkdGgiOiI8PTEyODAifV1dLCJhdWQiOlsidXJuOnNlcnZpY2U6aW1hZ2Uub3BlcmF0aW9ucyJdfQ.uuRGIdxj2fJtKXkcElJdYRXVJQT0vb56KsoPnf250HQ"
"2025-03-29T09:25:41-0700","Testament","https://images-wixmp-ed30a86b8c4ca887773594c2.wixmp.com/f/71021563-ba05-41f2-bcc4-169e0bbacaee/djgl2m4-bf1143b9-b7cd-4694-86ae-303a7d8b0d5b.png/v1/fill/w_1280,h_560,q_80,strp/testament_by_jaxaaronson_djgl2m4-fullview.jpg?token=eyJ0eXAiOiJKV1QiLCJhbGciOiJIUzI1NiJ9.eyJzdWIiOiJ1cm46YXBwOjdlMGQxODg5ODIyNjQzNzNhNWYwZDQxNWVhMGQyNmUwIiwiaXNzIjoidXJuOmFwcDo3ZTBkMTg4OTgyMjY0MzczYTVmMGQ0MTVlYTBkMjZlMCIsIm9iaiI6W1t7ImhlaWdodCI6Ijw9NTYwIiwicGF0aCI6Ii9mLzcxMDIxNTYzLWJhMDUtNDFmMi1iY2M0LTE2OWUwYmJhY2FlZS9kamdsMm00LWJmMTE0M2I5LWI3Y2QtNDY5NC04NmFlLTMwM2E3ZDhiMGQ1Yi5wbmciLCJ3aWR0aCI6Ijw9MTI4MCJ9XV0sImF1ZCI6WyJ1cm46c2VydmljZTppbWFnZS5vcGVyYXRpb25zIl19.kPMWhYOZNI3yNcCAR-yTlosnkrRvD6eTb9sbd6d5EOs"
"2025-03-29T12:14:30-0700","Lawn Beers","https://images-wixmp-ed30a86b8c4ca887773594c2.wixmp.com/f/71021563-ba05-41f2-bcc4-169e0bbacaee/djgmb7e-dd840892-02cd-4c76-a958-72adae8b804d.png/v1/fill/w_1280,h_640,q_80,strp/lawn_beers_by_jaxaaronson_djgmb7e-fullview.jpg?token=eyJ0eXAiOiJKV1QiLCJhbGciOiJIUzI1NiJ9.eyJzdWIiOiJ1cm46YXBwOjdlMGQxODg5ODIyNjQzNzNhNWYwZDQxNWVhMGQyNmUwIiwiaXNzIjoidXJuOmFwcDo3ZTBkMTg4OTgyMjY0MzczYTVmMGQ0MTVlYTBkMjZlMCIsIm9iaiI6W1t7ImhlaWdodCI6Ijw9NjQwIiwicGF0aCI6Ii9mLzcxMDIxNTYzLWJhMDUtNDFmMi1iY2M0LTE2OWUwYmJhY2FlZS9kamdtYjdlLWRkODQwODkyLTAyY2QtNGM3Ni1hOTU4LTcyYWRhZThiODA0ZC5wbmciLCJ3aWR0aCI6Ijw9MTI4MCJ9XV0sImF1ZCI6WyJ1cm46c2VydmljZTppbWFnZS5vcGVyYXRpb25zIl19.PWp4umPvNMsYtBqY6J_xCqoNATZ4q7WUCsVXE_qym68"
"2025-03-30T09:10:54-0700","Instrumental","https://images-wixmp-ed30a86b8c4ca887773594c2.wixmp.com/f/71021563-ba05-41f2-bcc4-169e0bbacaee/djgtxpn-6cbcbea7-b924-47c2-83a3-aabb942af3d3.png/v1/fill/w_1280,h_1108,q_80,strp/instrumental_by_jaxaaronson_djgtxpn-fullview.jpg?token=eyJ0eXAiOiJKV1QiLCJhbGciOiJIUzI1NiJ9.eyJzdWIiOiJ1cm46YXBwOjdlMGQxODg5ODIyNjQzNzNhNWYwZDQxNWVhMGQyNmUwIiwiaXNzIjoidXJuOmFwcDo3ZTBkMTg4OTgyMjY0MzczYTVmMGQ0MTVlYTBkMjZlMCIsIm9iaiI6W1t7ImhlaWdodCI6Ijw9MTEwOCIsInBhdGgiOiIvZi83MTAyMTU2My1iYTA1LTQxZjItYmNjNC0xNjllMGJiYWNhZWUvZGpndHhwbi02Y2JjYmVhNy1iOTI0LTQ3YzItODNhMy1hYWJiOTQyYWYzZDMucG5nIiwid2lkdGgiOiI8PTEyODAifV1dLCJhdWQiOlsidXJuOnNlcnZpY2U6aW1hZ2Uub3BlcmF0aW9ucyJdfQ.Zhn9eLN6S3nBAzMzOPwhV-IFjYmXJyFuh3koKH0XxmM"
"2025-03-30T18:23:30-0700","Cubism","https://images-wixmp-ed30a86b8c4ca887773594c2.wixmp.com/f/71021563-ba05-41f2-bcc4-169e0bbacaee/djgy1r1-4987bb79-745d-4dd2-814a-be0816c54ab6.png/v1/fill/w_1280,h_374,q_80,strp/cubism_by_jaxaaronson_djgy1r1-fullview.jpg?token=eyJ0eXAiOiJKV1QiLCJhbGciOiJIUzI1NiJ9.eyJzdWIiOiJ1cm46YXBwOjdlMGQxODg5ODIyNjQzNzNhNWYwZDQxNWVhMGQyNmUwIiwiaXNzIjoidXJuOmFwcDo3ZTBkMTg4OTgyMjY0MzczYTVmMGQ0MTVlYTBkMjZlMCIsIm9iaiI6W1t7ImhlaWdodCI6Ijw9Mzc0IiwicGF0aCI6Ii9mLzcxMDIxNTYzLWJhMDUtNDFmMi1iY2M0LTE2OWUwYmJhY2FlZS9kamd5MXIxLTQ5ODdiYjc5LTc0NWQtNGRkMi04MTRhLWJlMDgxNmM1NGFiNi5wbmciLCJ3aWR0aCI6Ijw9MTI4MCJ9XV0sImF1ZCI6WyJ1cm46c2VydmljZTppbWFnZS5vcGVyYXRpb25zIl19.5JUgjLdjsDqy3YjnntdAefEvlhyjKd6RhBSRj3WOJD0"
"2025-03-31T14:45:23-0700","India","https://images-wixmp-ed30a86b8c4ca887773594c2.wixmp.com/f/71021563-ba05-41f2-bcc4-169e0bbacaee/djh6l0a-e3f4c9a5-59a9-496d-8919-6f5fc108ffb5.png/v1/fill/w_1280,h_645,q_80,strp/india_by_jaxaaronson_djh6l0a-fullview.jpg?token=eyJ0eXAiOiJKV1QiLCJhbGciOiJIUzI1NiJ9.eyJzdWIiOiJ1cm46YXBwOjdlMGQxODg5ODIyNjQzNzNhNWYwZDQxNWVhMGQyNmUwIiwiaXNzIjoidXJuOmFwcDo3ZTBkMTg4OTgyMjY0MzczYTVmMGQ0MTVlYTBkMjZlMCIsIm9iaiI6W1t7ImhlaWdodCI6Ijw9NjQ1IiwicGF0aCI6Ii9mLzcxMDIxNTYzLWJhMDUtNDFmMi1iY2M0LTE2OWUwYmJhY2FlZS9kamg2bDBhLWUzZjRjOWE1LTU5YTktNDk2ZC04OTE5LTZmNWZjMTA4ZmZiNS5wbmciLCJ3aWR0aCI6Ijw9MTI4MCJ9XV0sImF1ZCI6WyJ1cm46c2VydmljZTppbWFnZS5vcGVyYXRpb25zIl19.81SEFcof_Ggc68p7uS-HX9u0WHxV5RYDAAydk6QMwZ0"
"2025-03-31T14:47:19-0700","Tabled","https://images-wixmp-ed30a86b8c4ca887773594c2.wixmp.com/f/71021563-ba05-41f2-bcc4-169e0bbacaee/djh6lxh-abc36120-dc1c-4821-b178-a4e3d6a4368d.png/v1/fill/w_1280,h_925,q_80,strp/tabled_by_jaxaaronson_djh6lxh-fullview.jpg?token=eyJ0eXAiOiJKV1QiLCJhbGciOiJIUzI1NiJ9.eyJzdWIiOiJ1cm46YXBwOjdlMGQxODg5ODIyNjQzNzNhNWYwZDQxNWVhMGQyNmUwIiwiaXNzIjoidXJuOmFwcDo3ZTBkMTg4OTgyMjY0MzczYTVmMGQ0MTVlYTBkMjZlMCIsIm9iaiI6W1t7ImhlaWdodCI6Ijw9OTI1IiwicGF0aCI6Ii9mLzcxMDIxNTYzLWJhMDUtNDFmMi1iY2M0LTE2OWUwYmJhY2FlZS9kamg2bHhoLWFiYzM2MTIwLWRjMWMtNDgyMS1iMTc4LWE0ZTNkNmE0MzY4ZC5wbmciLCJ3aWR0aCI6Ijw9MTI4MCJ9XV0sImF1ZCI6WyJ1cm46c2VydmljZTppbWFnZS5vcGVyYXRpb25zIl19.eAMVmcwd15r2CPxfkZtJYFmWpWxQ4oXqN_8PUI0CjdM"
"2025-04-02T12:46:12-0700","Shamrock","https://images-wixmp-ed30a86b8c4ca887773594c2.wixmp.com/f/71021563-ba05-41f2-bcc4-169e0bbacaee/djho9pp-7b5e86e7-1fa7-4562-97a5-68713205b314.png/v1/fill/w_1280,h_1120,q_80,strp/shamrock_by_jaxaaronson_djho9pp-fullview.jpg?token=eyJ0eXAiOiJKV1QiLCJhbGciOiJIUzI1NiJ9.eyJzdWIiOiJ1cm46YXBwOjdlMGQxODg5ODIyNjQzNzNhNWYwZDQxNWVhMGQyNmUwIiwiaXNzIjoidXJuOmFwcDo3ZTBkMTg4OTgyMjY0MzczYTVmMGQ0MTVlYTBkMjZlMCIsIm9iaiI6W1t7ImhlaWdodCI6Ijw9MTEyMCIsInBhdGgiOiIvZi83MTAyMTU2My1iYTA1LTQxZjItYmNjNC0xNjllMGJiYWNhZWUvZGpobzlwcC03YjVlODZlNy0xZmE3LTQ1NjItOTdhNS02ODcxMzIwNWIzMTQucG5nIiwid2lkdGgiOiI8PTEyODAifV1dLCJhdWQiOlsidXJuOnNlcnZpY2U6aW1hZ2Uub3BlcmF0aW9ucyJdfQ.EqglIeG4rUaDyorz3vkeT_ch4Zx-h_2cQhYSyjabZcI"
"2025-04-02T17:52:48-0700","Syrup","https://images-wixmp-ed30a86b8c4ca887773594c2.wixmp.com/f/71021563-ba05-41f2-bcc4-169e0bbacaee/djhq972-3a99a12d-6858-43fa-a4b9-f6bcc8d109f5.png/v1/fill/w_1280,h_1280,q_80,strp/syrup_by_jaxaaronson_djhq972-fullview.jpg?token=eyJ0eXAiOiJKV1QiLCJhbGciOiJIUzI1NiJ9.eyJzdWIiOiJ1cm46YXBwOjdlMGQxODg5ODIyNjQzNzNhNWYwZDQxNWVhMGQyNmUwIiwiaXNzIjoidXJuOmFwcDo3ZTBkMTg4OTgyMjY0MzczYTVmMGQ0MTVlYTBkMjZlMCIsIm9iaiI6W1t7ImhlaWdodCI6Ijw9MTI4MCIsInBhdGgiOiIvZi83MTAyMTU2My1iYTA1LTQxZjItYmNjNC0xNjllMGJiYWNhZWUvZGpocTk3Mi0zYTk5YTEyZC02ODU4LTQzZmEtYTRiOS1mNmJjYzhkMTA5ZjUucG5nIiwid2lkdGgiOiI8PTEyODAifV1dLCJhdWQiOlsidXJuOnNlcnZpY2U6aW1hZ2Uub3BlcmF0aW9ucyJdfQ.dn0wn1ASxCMkemAdY1klMC2mowZgMOCtzwCjmiW4DaQ"
"2025-04-02T20:51:00-0700","Otherworldly","https://images-wixmp-ed30a86b8c4ca887773594c2.wixmp.com/f/71021563-ba05-41f2-bcc4-169e0bbacaee/djhr71u-0c41fe2b-c4e7-417a-9b39-d861dc652795.png/v1/fill/w_1280,h_591,q_80,strp/otherworldly_by_jaxaaronson_djhr71u-fullview.jpg?token=eyJ0eXAiOiJKV1QiLCJhbGciOiJIUzI1NiJ9.eyJzdWIiOiJ1cm46YXBwOjdlMGQxODg5ODIyNjQzNzNhNWYwZDQxNWVhMGQyNmUwIiwiaXNzIjoidXJuOmFwcDo3ZTBkMTg4OTgyMjY0MzczYTVmMGQ0MTVlYTBkMjZlMCIsIm9iaiI6W1t7ImhlaWdodCI6Ijw9NTkxIiwicGF0aCI6Ii9mLzcxMDIxNTYzLWJhMDUtNDFmMi1iY2M0LTE2OWUwYmJhY2FlZS9kamhyNzF1LTBjNDFmZTJiLWM0ZTctNDE3YS05YjM5LWQ4NjFkYzY1Mjc5NS5wbmciLCJ3aWR0aCI6Ijw9MTI4MCJ9XV0sImF1ZCI6WyJ1cm46c2VydmljZTppbWFnZS5vcGVyYXRpb25zIl19.pNgYTIeuk8Z3B3IS41lHDHPqyIw8xYms-_M7DeyxeXg"
"2025-04-03T14:33:10-0700","Clouds","https://images-wixmp-ed30a86b8c4ca887773594c2.wixmp.com/f/71021563-ba05-41f2-bcc4-169e0bbacaee/djhxpvb-67e9400c-1cde-47b4-b83d-925311af924e.png/v1/fill/w_1280,h_936,q_80,strp/clouds_by_jaxaaronson_djhxpvb-fullview.jpg?token=eyJ0eXAiOiJKV1QiLCJhbGciOiJIUzI1NiJ9.eyJzdWIiOiJ1cm46YXBwOjdlMGQxODg5ODIyNjQzNzNhNWYwZDQxNWVhMGQyNmUwIiwiaXNzIjoidXJuOmFwcDo3ZTBkMTg4OTgyMjY0MzczYTVmMGQ0MTVlYTBkMjZlMCIsIm9iaiI6W1t7ImhlaWdodCI6Ijw9OTM2IiwicGF0aCI6Ii9mLzcxMDIxNTYzLWJhMDUtNDFmMi1iY2M0LTE2OWUwYmJhY2FlZS9kamh4cHZiLTY3ZTk0MDBjLTFjZGUtNDdiNC1iODNkLTkyNTMxMWFmOTI0ZS5wbmciLCJ3aWR0aCI6Ijw9MTI4MCJ9XV0sImF1ZCI6WyJ1cm46c2VydmljZTppbWFnZS5vcGVyYXRpb25zIl19.egd_mxJTKONTA_LkZlpFHLcsz9lPimOYkeTscxTs-ss"
"2025-04-03T18:40:14-0700","Dutch","https://images-wixmp-ed30a86b8c4ca887773594c2.wixmp.com/f/71021563-ba05-41f2-bcc4-169e0bbacaee/djhzb56-f9fcc955-2c6d-4274-a2d7-a7aa1e2947c0.png/v1/fill/w_1280,h_1079,q_80,strp/dutch_by_jaxaaronson_djhzb56-fullview.jpg?token=eyJ0eXAiOiJKV1QiLCJhbGciOiJIUzI1NiJ9.eyJzdWIiOiJ1cm46YXBwOjdlMGQxODg5ODIyNjQzNzNhNWYwZDQxNWVhMGQyNmUwIiwiaXNzIjoidXJuOmFwcDo3ZTBkMTg4OTgyMjY0MzczYTVmMGQ0MTVlYTBkMjZlMCIsIm9iaiI6W1t7ImhlaWdodCI6Ijw9MTA3OSIsInBhdGgiOiIvZi83MTAyMTU2My1iYTA1LTQxZjItYmNjNC0xNjllMGJiYWNhZWUvZGpoemI1Ni1mOWZjYzk1NS0yYzZkLTQyNzQtYTJkNy1hN2FhMWUyOTQ3YzAucG5nIiwid2lkdGgiOiI8PTEyODAifV1dLCJhdWQiOlsidXJuOnNlcnZpY2U6aW1hZ2Uub3BlcmF0aW9ucyJdfQ.NuYK3DlE72UU7Ao3NOlPSdwNbVFIvZpKXOd-7Nbkrlk"
"2025-04-04T11:19:14-0700","Jet","https://images-wixmp-ed30a86b8c4ca887773594c2.wixmp.com/f/71021563-ba05-41f2-bcc4-169e0bbacaee/dji4r7v-6e777825-a30a-4bb9-a3c1-7db26f8e2299.png/v1/fill/w_1280,h_560,q_80,strp/jet_by_jaxaaronson_dji4r7v-fullview.jpg?token=eyJ0eXAiOiJKV1QiLCJhbGciOiJIUzI1NiJ9.eyJzdWIiOiJ1cm46YXBwOjdlMGQxODg5ODIyNjQzNzNhNWYwZDQxNWVhMGQyNmUwIiwiaXNzIjoidXJuOmFwcDo3ZTBkMTg4OTgyMjY0MzczYTVmMGQ0MTVlYTBkMjZlMCIsIm9iaiI6W1t7ImhlaWdodCI6Ijw9NTYwIiwicGF0aCI6Ii9mLzcxMDIxNTYzLWJhMDUtNDFmMi1iY2M0LTE2OWUwYmJhY2FlZS9kamk0cjd2LTZlNzc3ODI1LWEzMGEtNGJiOS1hM2MxLTdkYjI2ZjhlMjI5OS5wbmciLCJ3aWR0aCI6Ijw9MTI4MCJ9XV0sImF1ZCI6WyJ1cm46c2VydmljZTppbWFnZS5vcGVyYXRpb25zIl19.p-MW_GFypuK88Fl5zkrbiYifqmfGDiKHzNu9H5u7QT8"
"2025-04-06T17:45:26-0700","Starfish","https://images-wixmp-ed30a86b8c4ca887773594c2.wixmp.com/f/71021563-ba05-41f2-bcc4-169e0bbacaee/djip0u8-4145905b-a7bc-420b-8989-96d4343618b4.png/v1/fill/w_1280,h_1014,q_80,strp/starfish_by_jaxaaronson_djip0u8-fullview.jpg?token=eyJ0eXAiOiJKV1QiLCJhbGciOiJIUzI1NiJ9.eyJzdWIiOiJ1cm46YXBwOjdlMGQxODg5ODIyNjQzNzNhNWYwZDQxNWVhMGQyNmUwIiwiaXNzIjoidXJuOmFwcDo3ZTBkMTg4OTgyMjY0MzczYTVmMGQ0MTVlYTBkMjZlMCIsIm9iaiI6W1t7ImhlaWdodCI6Ijw9MTAxNCIsInBhdGgiOiIvZi83MTAyMTU2My1iYTA1LTQxZjItYmNjNC0xNjllMGJiYWNhZWUvZGppcDB1OC00MTQ1OTA1Yi1hN2JjLTQyMGItODk4OS05NmQ0MzQzNjE4YjQucG5nIiwid2lkdGgiOiI8PTEyODAifV1dLCJhdWQiOlsidXJuOnNlcnZpY2U6aW1hZ2Uub3BlcmF0aW9ucyJdfQ.qKfX3T1yU6yNCSI09oGMko9ms3guwh6Y2XayW46f3fI"
"2025-04-08T18:54:16-0700","Wicker","https://images-wixmp-ed30a86b8c4ca887773594c2.wixmp.com/f/71021563-ba05-41f2-bcc4-169e0bbacaee/djj6biw-23679a13-2295-4a9b-b361-94e4608ad691.png/v1/fill/w_1280,h_996,q_80,strp/wicker_by_jaxaaronson_djj6biw-fullview.jpg?token=eyJ0eXAiOiJKV1QiLCJhbGciOiJIUzI1NiJ9.eyJzdWIiOiJ1cm46YXBwOjdlMGQxODg5ODIyNjQzNzNhNWYwZDQxNWVhMGQyNmUwIiwiaXNzIjoidXJuOmFwcDo3ZTBkMTg4OTgyMjY0MzczYTVmMGQ0MTVlYTBkMjZlMCIsIm9iaiI6W1t7ImhlaWdodCI6Ijw9OTk2IiwicGF0aCI6Ii9mLzcxMDIxNTYzLWJhMDUtNDFmMi1iY2M0LTE2OWUwYmJhY2FlZS9kamo2Yml3LTIzNjc5YTEzLTIyOTUtNGE5Yi1iMzYxLTk0ZTQ2MDhhZDY5MS5wbmciLCJ3aWR0aCI6Ijw9MTI4MCJ9XV0sImF1ZCI6WyJ1cm46c2VydmljZTppbWFnZS5vcGVyYXRpb25zIl19.WbFGs8_3VYkFXYg0H2uiJcEEi3XNiMKOparRdDNmAtI"
"2025-04-09T08:55:37-0700","Hot Pink","https://images-wixmp-ed30a86b8c4ca887773594c2.wixmp.com/f/71021563-ba05-41f2-bcc4-169e0bbacaee/djjahf7-02b7a24a-a201-400b-a56d-b485a5f2b7f8.png/v1/fill/w_1280,h_532,q_80,strp/hot_pink_by_jaxaaronson_djjahf7-fullview.jpg?token=eyJ0eXAiOiJKV1QiLCJhbGciOiJIUzI1NiJ9.eyJzdWIiOiJ1cm46YXBwOjdlMGQxODg5ODIyNjQzNzNhNWYwZDQxNWVhMGQyNmUwIiwiaXNzIjoidXJuOmFwcDo3ZTBkMTg4OTgyMjY0MzczYTVmMGQ0MTVlYTBkMjZlMCIsIm9iaiI6W1t7ImhlaWdodCI6Ijw9NTMyIiwicGF0aCI6Ii9mLzcxMDIxNTYzLWJhMDUtNDFmMi1iY2M0LTE2OWUwYmJhY2FlZS9kamphaGY3LTAyYjdhMjRhLWEyMDEtNDAwYi1hNTZkLWI0ODVhNWYyYjdmOC5wbmciLCJ3aWR0aCI6Ijw9MTI4MCJ9XV0sImF1ZCI6WyJ1cm46c2VydmljZTppbWFnZS5vcGVyYXRpb25zIl19.F6YZa8B84ZCg0XFVOY9HsDGybXQfXKbOEOoXnimlNBs"
"2025-04-09T20:09:31-0700","Climb","https://images-wixmp-ed30a86b8c4ca887773594c2.wixmp.com/f/71021563-ba05-41f2-bcc4-169e0bbacaee/djjejd4-3a82d84b-4566-408f-b644-b001ec3a3fa4.png/v1/fill/w_1280,h_611,q_80,strp/climb_by_jaxaaronson_djjejd4-fullview.jpg?token=eyJ0eXAiOiJKV1QiLCJhbGciOiJIUzI1NiJ9.eyJzdWIiOiJ1cm46YXBwOjdlMGQxODg5ODIyNjQzNzNhNWYwZDQxNWVhMGQyNmUwIiwiaXNzIjoidXJuOmFwcDo3ZTBkMTg4OTgyMjY0MzczYTVmMGQ0MTVlYTBkMjZlMCIsIm9iaiI6W1t7ImhlaWdodCI6Ijw9NjExIiwicGF0aCI6Ii9mLzcxMDIxNTYzLWJhMDUtNDFmMi1iY2M0LTE2OWUwYmJhY2FlZS9kamplamQ0LTNhODJkODRiLTQ1NjYtNDA4Zi1iNjQ0LWIwMDFlYzNhM2ZhNC5wbmciLCJ3aWR0aCI6Ijw9MTI4MCJ9XV0sImF1ZCI6WyJ1cm46c2VydmljZTppbWFnZS5vcGVyYXRpb25zIl19.JeNBOYz9YXa3dVrC5a-GCXFFT0shTYG8HsARs53F-ik"
"2025-04-09T22:08:28-0700","Burning Man","https://images-wixmp-ed30a86b8c4ca887773594c2.wixmp.com/f/71021563-ba05-41f2-bcc4-169e0bbacaee/djjf1at-e1c0353e-8d6c-45c3-a3e8-ef5845e87a01.png/v1/fill/w_1280,h_788,q_80,strp/burning_man_by_jaxaaronson_djjf1at-fullview.jpg?token=eyJ0eXAiOiJKV1QiLCJhbGciOiJIUzI1NiJ9.eyJzdWIiOiJ1cm46YXBwOjdlMGQxODg5ODIyNjQzNzNhNWYwZDQxNWVhMGQyNmUwIiwiaXNzIjoidXJuOmFwcDo3ZTBkMTg4OTgyMjY0MzczYTVmMGQ0MTVlYTBkMjZlMCIsIm9iaiI6W1t7ImhlaWdodCI6Ijw9Nzg4IiwicGF0aCI6Ii9mLzcxMDIxNTYzLWJhMDUtNDFmMi1iY2M0LTE2OWUwYmJhY2FlZS9kampmMWF0LWUxYzAzNTNlLThkNmMtNDVjMy1hM2U4LWVmNTg0NWU4N2EwMS5wbmciLCJ3aWR0aCI6Ijw9MTI4MCJ9XV0sImF1ZCI6WyJ1cm46c2VydmljZTppbWFnZS5vcGVyYXRpb25zIl19.NFedeqn6rP4l9IWOygxot4Tae_cDWpHK9QryKoj7QsY"
"2025-04-10T13:15:59-0700","Wizardly","https://images-wixmp-ed30a86b8c4ca887773594c2.wixmp.com/f/71021563-ba05-41f2-bcc4-169e0bbacaee/djjjzan-ca3899b3-ad0a-438c-ad50-e9f4700f6085.png/v1/fill/w_1280,h_1040,q_80,strp/wizardly_by_jaxaaronson_djjjzan-fullview.jpg?token=eyJ0eXAiOiJKV1QiLCJhbGciOiJIUzI1NiJ9.eyJzdWIiOiJ1cm46YXBwOjdlMGQxODg5ODIyNjQzNzNhNWYwZDQxNWVhMGQyNmUwIiwiaXNzIjoidXJuOmFwcDo3ZTBkMTg4OTgyMjY0MzczYTVmMGQ0MTVlYTBkMjZlMCIsIm9iaiI6W1t7ImhlaWdodCI6Ijw9MTA0MCIsInBhdGgiOiIvZi83MTAyMTU2My1iYTA1LTQxZjItYmNjNC0xNjllMGJiYWNhZWUvZGpqanphbi1jYTM4OTliMy1hZDBhLTQzOGMtYWQ1MC1lOWY0NzAwZjYwODUucG5nIiwid2lkdGgiOiI8PTEyODAifV1dLCJhdWQiOlsidXJuOnNlcnZpY2U6aW1hZ2Uub3BlcmF0aW9ucyJdfQ.Oza7rcbvuD5F6Oh-GheMxrAYGPx1q0qUskd_Puw2FoI"
"2025-04-10T21:00:20-0700","Vibrant","https://images-wixmp-ed30a86b8c4ca887773594c2.wixmp.com/f/71021563-ba05-41f2-bcc4-169e0bbacaee/djjmet0-90e9ef9c-b32f-4521-84ed-b759c99b53e4.png/v1/fill/w_1280,h_896,q_80,strp/vibrant_by_jaxaaronson_djjmet0-fullview.jpg?token=eyJ0eXAiOiJKV1QiLCJhbGciOiJIUzI1NiJ9.eyJzdWIiOiJ1cm46YXBwOjdlMGQxODg5ODIyNjQzNzNhNWYwZDQxNWVhMGQyNmUwIiwiaXNzIjoidXJuOmFwcDo3ZTBkMTg4OTgyMjY0MzczYTVmMGQ0MTVlYTBkMjZlMCIsIm9iaiI6W1t7ImhlaWdodCI6Ijw9ODk2IiwicGF0aCI6Ii9mLzcxMDIxNTYzLWJhMDUtNDFmMi1iY2M0LTE2OWUwYmJhY2FlZS9kamptZXQwLTkwZTllZjljLWIzMmYtNDUyMS04NGVkLWI3NTljOTliNTNlNC5wbmciLCJ3aWR0aCI6Ijw9MTI4MCJ9XV0sImF1ZCI6WyJ1cm46c2VydmljZTppbWFnZS5vcGVyYXRpb25zIl19.6hmSmjNwuHKU0K7eJjxxTDamC5QWf8vldD-EgPQO8P8"
"2025-04-10T21:01:21-0700","Cupcakes","https://images-wixmp-ed30a86b8c4ca887773594c2.wixmp.com/f/71021563-ba05-41f2-bcc4-169e0bbacaee/djjmeyd-d51271fa-49a3-4f85-9e61-f3c161235d19.png/v1/fill/w_1280,h_710,q_80,strp/cupcakes_by_jaxaaronson_djjmeyd-fullview.jpg?token=eyJ0eXAiOiJKV1QiLCJhbGciOiJIUzI1NiJ9.eyJzdWIiOiJ1cm46YXBwOjdlMGQxODg5ODIyNjQzNzNhNWYwZDQxNWVhMGQyNmUwIiwiaXNzIjoidXJuOmFwcDo3ZTBkMTg4OTgyMjY0MzczYTVmMGQ0MTVlYTBkMjZlMCIsIm9iaiI6W1t7ImhlaWdodCI6Ijw9NzEwIiwicGF0aCI6Ii9mLzcxMDIxNTYzLWJhMDUtNDFmMi1iY2M0LTE2OWUwYmJhY2FlZS9kamptZXlkLWQ1MTI3MWZhLTQ5YTMtNGY4NS05ZTYxLWYzYzE2MTIzNWQxOS5wbmciLCJ3aWR0aCI6Ijw9MTI4MCJ9XV0sImF1ZCI6WyJ1cm46c2VydmljZTppbWFnZS5vcGVyYXRpb25zIl19.uKaZiuVG4mtPEUnCQCFTVKfaGBd3FuEAt028hkyAM1w"
"2025-04-11T21:59:26-0700","Deck","https://images-wixmp-ed30a86b8c4ca887773594c2.wixmp.com/f/71021563-ba05-41f2-bcc4-169e0bbacaee/djjuchr-1410bef2-34fa-46bf-9971-96c86bb8ca31.png/v1/fill/w_1280,h_851,q_80,strp/deck_by_jaxaaronson_djjuchr-fullview.jpg?token=eyJ0eXAiOiJKV1QiLCJhbGciOiJIUzI1NiJ9.eyJzdWIiOiJ1cm46YXBwOjdlMGQxODg5ODIyNjQzNzNhNWYwZDQxNWVhMGQyNmUwIiwiaXNzIjoidXJuOmFwcDo3ZTBkMTg4OTgyMjY0MzczYTVmMGQ0MTVlYTBkMjZlMCIsIm9iaiI6W1t7ImhlaWdodCI6Ijw9ODUxIiwicGF0aCI6Ii9mLzcxMDIxNTYzLWJhMDUtNDFmMi1iY2M0LTE2OWUwYmJhY2FlZS9kamp1Y2hyLTE0MTBiZWYyLTM0ZmEtNDZiZi05OTcxLTk2Yzg2YmI4Y2EzMS5wbmciLCJ3aWR0aCI6Ijw9MTI4MCJ9XV0sImF1ZCI6WyJ1cm46c2VydmljZTppbWFnZS5vcGVyYXRpb25zIl19.GtVTNxH1u8IcdF845SZH7u_7PCMDuSoMJgdbMWsP3WY"
"2025-04-12T08:15:40-0700","Would","https://images-wixmp-ed30a86b8c4ca887773594c2.wixmp.com/f/71021563-ba05-41f2-bcc4-169e0bbacaee/djjxl5v-b7bd767b-0c1d-4356-87e5-788dcd6e5f29.png/v1/fill/w_1280,h_1098,q_80,strp/would_by_jaxaaronson_djjxl5v-fullview.jpg?token=eyJ0eXAiOiJKV1QiLCJhbGciOiJIUzI1NiJ9.eyJzdWIiOiJ1cm46YXBwOjdlMGQxODg5ODIyNjQzNzNhNWYwZDQxNWVhMGQyNmUwIiwiaXNzIjoidXJuOmFwcDo3ZTBkMTg4OTgyMjY0MzczYTVmMGQ0MTVlYTBkMjZlMCIsIm9iaiI6W1t7ImhlaWdodCI6Ijw9MTA5OCIsInBhdGgiOiIvZi83MTAyMTU2My1iYTA1LTQxZjItYmNjNC0xNjllMGJiYWNhZWUvZGpqeGw1di1iN2JkNzY3Yi0wYzFkLTQzNTYtODdlNS03ODhkY2Q2ZTVmMjkucG5nIiwid2lkdGgiOiI8PTEyODAifV1dLCJhdWQiOlsidXJuOnNlcnZpY2U6aW1hZ2Uub3BlcmF0aW9ucyJdfQ.2Z-K_OIl6f-0Gx7PK5S9Zvo5Sf-v23H8QZZELXACy5g"
"2025-04-15T20:03:11-0700","Pickup","https://images-wixmp-ed30a86b8c4ca887773594c2.wixmp.com/f/71021563-ba05-41f2-bcc4-169e0bbacaee/djkr6e1-b968c77b-574a-4b8e-9eff-b77cd4cd270a.png/v1/fill/w_1280,h_672,q_80,strp/pickup_by_jaxaaronson_djkr6e1-fullview.jpg?token=eyJ0eXAiOiJKV1QiLCJhbGciOiJIUzI1NiJ9.eyJzdWIiOiJ1cm46YXBwOjdlMGQxODg5ODIyNjQzNzNhNWYwZDQxNWVhMGQyNmUwIiwiaXNzIjoidXJuOmFwcDo3ZTBkMTg4OTgyMjY0MzczYTVmMGQ0MTVlYTBkMjZlMCIsIm9iaiI6W1t7ImhlaWdodCI6Ijw9NjcyIiwicGF0aCI6Ii9mLzcxMDIxNTYzLWJhMDUtNDFmMi1iY2M0LTE2OWUwYmJhY2FlZS9kamtyNmUxLWI5NjhjNzdiLTU3NGEtNGI4ZS05ZWZmLWI3N2NkNGNkMjcwYS5wbmciLCJ3aWR0aCI6Ijw9MTI4MCJ9XV0sImF1ZCI6WyJ1cm46c2VydmljZTppbWFnZS5vcGVyYXRpb25zIl19.EMsxQQtOPKGbkUALby4YKBumwCh8vwRz_8zsvMNURHo"
"2025-04-22T14:33:08-0700","Nurse","https://images-wixmp-ed30a86b8c4ca887773594c2.wixmp.com/f/71021563-ba05-41f2-bcc4-169e0bbacaee/djmb41n-793710c7-8ba7-4e8d-a9b4-5495569860d8.png/v1/fill/w_1280,h_1019,q_80,strp/nurse_by_jaxaaronson_djmb41n-fullview.jpg?token=eyJ0eXAiOiJKV1QiLCJhbGciOiJIUzI1NiJ9.eyJzdWIiOiJ1cm46YXBwOjdlMGQxODg5ODIyNjQzNzNhNWYwZDQxNWVhMGQyNmUwIiwiaXNzIjoidXJuOmFwcDo3ZTBkMTg4OTgyMjY0MzczYTVmMGQ0MTVlYTBkMjZlMCIsIm9iaiI6W1t7ImhlaWdodCI6Ijw9MTAxOSIsInBhdGgiOiIvZi83MTAyMTU2My1iYTA1LTQxZjItYmNjNC0xNjllMGJiYWNhZWUvZGptYjQxbi03OTM3MTBjNy04YmE3LTRlOGQtYTliNC01NDk1NTY5ODYwZDgucG5nIiwid2lkdGgiOiI8PTEyODAifV1dLCJhdWQiOlsidXJuOnNlcnZpY2U6aW1hZ2Uub3BlcmF0aW9ucyJdfQ.udQ2458jQHpDuI9xd89wo803Zui8BRZ9k46b6btsb_c"
"2025-04-22T21:42:15-0700","Nancy","https://images-wixmp-ed30a86b8c4ca887773594c2.wixmp.com/f/71021563-ba05-41f2-bcc4-169e0bbacaee/djmd7an-eaa7f6a1-30b5-47be-a2b0-42d8a12b9871.png/v1/fill/w_1280,h_996,q_80,strp/nancy_by_jaxaaronson_djmd7an-fullview.jpg?token=eyJ0eXAiOiJKV1QiLCJhbGciOiJIUzI1NiJ9.eyJzdWIiOiJ1cm46YXBwOjdlMGQxODg5ODIyNjQzNzNhNWYwZDQxNWVhMGQyNmUwIiwiaXNzIjoidXJuOmFwcDo3ZTBkMTg4OTgyMjY0MzczYTVmMGQ0MTVlYTBkMjZlMCIsIm9iaiI6W1t7ImhlaWdodCI6Ijw9OTk2IiwicGF0aCI6Ii9mLzcxMDIxNTYzLWJhMDUtNDFmMi1iY2M0LTE2OWUwYmJhY2FlZS9kam1kN2FuLWVhYTdmNmExLTMwYjUtNDdiZS1hMmIwLTQyZDhhMTJiOTg3MS5wbmciLCJ3aWR0aCI6Ijw9MTI4MCJ9XV0sImF1ZCI6WyJ1cm46c2VydmljZTppbWFnZS5vcGVyYXRpb25zIl19.x3Me4vN-z0yl2zEPkn-WiMgouLIb1k1N4KLwd2qmw6o"
"2025-04-23T07:07:13-0700","Landscape","https://images-wixmp-ed30a86b8c4ca887773594c2.wixmp.com/f/71021563-ba05-41f2-bcc4-169e0bbacaee/djmfvlq-d062478f-9335-43ce-91bb-a26c503c163a.png/v1/fill/w_1280,h_1344,q_80,strp/landscape_by_jaxaaronson_djmfvlq-fullview.jpg?token=eyJ0eXAiOiJKV1QiLCJhbGciOiJIUzI1NiJ9.eyJzdWIiOiJ1cm46YXBwOjdlMGQxODg5ODIyNjQzNzNhNWYwZDQxNWVhMGQyNmUwIiwiaXNzIjoidXJuOmFwcDo3ZTBkMTg4OTgyMjY0MzczYTVmMGQ0MTVlYTBkMjZlMCIsIm9iaiI6W1t7ImhlaWdodCI6Ijw9MTM0NCIsInBhdGgiOiIvZi83MTAyMTU2My1iYTA1LTQxZjItYmNjNC0xNjllMGJiYWNhZWUvZGptZnZscS1kMDYyNDc4Zi05MzM1LTQzY2UtOTFiYi1hMjZjNTAzYzE2M2EucG5nIiwid2lkdGgiOiI8PTEyODAifV1dLCJhdWQiOlsidXJuOnNlcnZpY2U6aW1hZ2Uub3BlcmF0aW9ucyJdfQ.nhOrCVdlh-mjb4bQBHbs6zc0Bs0jgYdU2Y49T8gqHUU"
"2025-04-23T09:42:39-0700","Melons","https://images-wixmp-ed30a86b8c4ca887773594c2.wixmp.com/f/71021563-ba05-41f2-bcc4-169e0bbacaee/djmgugw-b0553985-d2d0-4148-b9c4-db890dc562a2.png/v1/fill/w_1280,h_934,q_80,strp/melons_by_jaxaaronson_djmgugw-fullview.jpg?token=eyJ0eXAiOiJKV1QiLCJhbGciOiJIUzI1NiJ9.eyJzdWIiOiJ1cm46YXBwOjdlMGQxODg5ODIyNjQzNzNhNWYwZDQxNWVhMGQyNmUwIiwiaXNzIjoidXJuOmFwcDo3ZTBkMTg4OTgyMjY0MzczYTVmMGQ0MTVlYTBkMjZlMCIsIm9iaiI6W1t7ImhlaWdodCI6Ijw9OTM0IiwicGF0aCI6Ii9mLzcxMDIxNTYzLWJhMDUtNDFmMi1iY2M0LTE2OWUwYmJhY2FlZS9kam1ndWd3LWIwNTUzOTg1LWQyZDAtNDE0OC1iOWM0LWRiODkwZGM1NjJhMi5wbmciLCJ3aWR0aCI6Ijw9MTI4MCJ9XV0sImF1ZCI6WyJ1cm46c2VydmljZTppbWFnZS5vcGVyYXRpb25zIl19.B4EAT9tYaGBVCdi4j-uD3uP8EDGlSK_XOs2xwbWziAo"
"2025-04-24T07:18:13-0700","Photoshoot","https://images-wixmp-ed30a86b8c4ca887773594c2.wixmp.com/f/71021563-ba05-41f2-bcc4-169e0bbacaee/djmntmz-59135617-bb74-41d2-842b-452e6d849d21.png/v1/fill/w_1280,h_815,q_80,strp/photoshoot_by_jaxaaronson_djmntmz-fullview.jpg?token=eyJ0eXAiOiJKV1QiLCJhbGciOiJIUzI1NiJ9.eyJzdWIiOiJ1cm46YXBwOjdlMGQxODg5ODIyNjQzNzNhNWYwZDQxNWVhMGQyNmUwIiwiaXNzIjoidXJuOmFwcDo3ZTBkMTg4OTgyMjY0MzczYTVmMGQ0MTVlYTBkMjZlMCIsIm9iaiI6W1t7ImhlaWdodCI6Ijw9ODE1IiwicGF0aCI6Ii9mLzcxMDIxNTYzLWJhMDUtNDFmMi1iY2M0LTE2OWUwYmJhY2FlZS9kam1udG16LTU5MTM1NjE3LWJiNzQtNDFkMi04NDJiLTQ1MmU2ZDg0OWQyMS5wbmciLCJ3aWR0aCI6Ijw9MTI4MCJ9XV0sImF1ZCI6WyJ1cm46c2VydmljZTppbWFnZS5vcGVyYXRpb25zIl19.NvZxaQL_jvf1yy9spWJlnbDDRCgxLT_WXNFDK_P6VBg"
"2025-04-25T17:54:02-0700","Field Hockey","https://images-wixmp-ed30a86b8c4ca887773594c2.wixmp.com/f/71021563-ba05-41f2-bcc4-169e0bbacaee/djmzh69-0b0b122d-0676-4c3d-a768-71fca758d24b.png/v1/fill/w_1280,h_686,q_80,strp/field_hockey_by_jaxaaronson_djmzh69-fullview.jpg?token=eyJ0eXAiOiJKV1QiLCJhbGciOiJIUzI1NiJ9.eyJzdWIiOiJ1cm46YXBwOjdlMGQxODg5ODIyNjQzNzNhNWYwZDQxNWVhMGQyNmUwIiwiaXNzIjoidXJuOmFwcDo3ZTBkMTg4OTgyMjY0MzczYTVmMGQ0MTVlYTBkMjZlMCIsIm9iaiI6W1t7ImhlaWdodCI6Ijw9Njg2IiwicGF0aCI6Ii9mLzcxMDIxNTYzLWJhMDUtNDFmMi1iY2M0LTE2OWUwYmJhY2FlZS9kam16aDY5LTBiMGIxMjJkLTA2NzYtNGMzZC1hNzY4LTcxZmNhNzU4ZDI0Yi5wbmciLCJ3aWR0aCI6Ijw9MTI4MCJ9XV0sImF1ZCI6WyJ1cm46c2VydmljZTppbWFnZS5vcGVyYXRpb25zIl19.FjGulkKCQaWHhhVNi2cVtftdCT-y-iRhzYTbuyqj8-Q"
"2025-04-27T20:41:36-0700","Conquest","https://images-wixmp-ed30a86b8c4ca887773594c2.wixmp.com/f/71021563-ba05-41f2-bcc4-169e0bbacaee/djnh9e8-b5c50717-023b-4c2b-a68a-6be99b142c61.png/v1/fill/w_1280,h_896,q_80,strp/conquest_by_jaxaaronson_djnh9e8-fullview.jpg?token=eyJ0eXAiOiJKV1QiLCJhbGciOiJIUzI1NiJ9.eyJzdWIiOiJ1cm46YXBwOjdlMGQxODg5ODIyNjQzNzNhNWYwZDQxNWVhMGQyNmUwIiwiaXNzIjoidXJuOmFwcDo3ZTBkMTg4OTgyMjY0MzczYTVmMGQ0MTVlYTBkMjZlMCIsIm9iaiI6W1t7ImhlaWdodCI6Ijw9ODk2IiwicGF0aCI6Ii9mLzcxMDIxNTYzLWJhMDUtNDFmMi1iY2M0LTE2OWUwYmJhY2FlZS9kam5oOWU4LWI1YzUwNzE3LTAyM2ItNGMyYi1hNjhhLTZiZTk5YjE0MmM2MS5wbmciLCJ3aWR0aCI6Ijw9MTI4MCJ9XV0sImF1ZCI6WyJ1cm46c2VydmljZTppbWFnZS5vcGVyYXRpb25zIl19.7AIVSDUgN1RS-trbx08q8VV39CuyxL8EsPFGcxFZ-YE"
"2025-04-28T14:43:31-0700","Cane","https://images-wixmp-ed30a86b8c4ca887773594c2.wixmp.com/f/71021563-ba05-41f2-bcc4-169e0bbacaee/djnnc91-1eeec177-6804-476e-9701-e74c98c8c7b7.png/v1/fill/w_1280,h_728,q_80,strp/cane_by_jaxaaronson_djnnc91-fullview.jpg?token=eyJ0eXAiOiJKV1QiLCJhbGciOiJIUzI1NiJ9.eyJzdWIiOiJ1cm46YXBwOjdlMGQxODg5ODIyNjQzNzNhNWYwZDQxNWVhMGQyNmUwIiwiaXNzIjoidXJuOmFwcDo3ZTBkMTg4OTgyMjY0MzczYTVmMGQ0MTVlYTBkMjZlMCIsIm9iaiI6W1t7ImhlaWdodCI6Ijw9NzI4IiwicGF0aCI6Ii9mLzcxMDIxNTYzLWJhMDUtNDFmMi1iY2M0LTE2OWUwYmJhY2FlZS9kam5uYzkxLTFlZWVjMTc3LTY4MDQtNDc2ZS05NzAxLWU3NGM5OGM4YzdiNy5wbmciLCJ3aWR0aCI6Ijw9MTI4MCJ9XV0sImF1ZCI6WyJ1cm46c2VydmljZTppbWFnZS5vcGVyYXRpb25zIl19.2cCcN2igrLXLP9aVBwaKp6jNBOT06dqFhAeu0fmiE4U"
"2025-04-29T07:50:31-0700","Speedboat","https://images-wixmp-ed30a86b8c4ca887773594c2.wixmp.com/f/71021563-ba05-41f2-bcc4-169e0bbacaee/djnsd2y-8656f5f3-0629-4b69-81ba-9695bc4fe86e.png/v1/fill/w_1280,h_862,q_80,strp/speedboat_by_jaxaaronson_djnsd2y-fullview.jpg?token=eyJ0eXAiOiJKV1QiLCJhbGciOiJIUzI1NiJ9.eyJzdWIiOiJ1cm46YXBwOjdlMGQxODg5ODIyNjQzNzNhNWYwZDQxNWVhMGQyNmUwIiwiaXNzIjoidXJuOmFwcDo3ZTBkMTg4OTgyMjY0MzczYTVmMGQ0MTVlYTBkMjZlMCIsIm9iaiI6W1t7ImhlaWdodCI6Ijw9ODYyIiwicGF0aCI6Ii9mLzcxMDIxNTYzLWJhMDUtNDFmMi1iY2M0LTE2OWUwYmJhY2FlZS9kam5zZDJ5LTg2NTZmNWYzLTA2MjktNGI2OS04MWJhLTk2OTViYzRmZTg2ZS5wbmciLCJ3aWR0aCI6Ijw9MTI4MCJ9XV0sImF1ZCI6WyJ1cm46c2VydmljZTppbWFnZS5vcGVyYXRpb25zIl19.KpGiF4x1Q4ijvU4k-MkObcKywq2F49qA5-9aeYWNtCs"
"2025-04-29T19:27:04-0700","Fitness","https://images-wixmp-ed30a86b8c4ca887773594c2.wixmp.com/f/71021563-ba05-41f2-bcc4-169e0bbacaee/djnwnte-6cef46c1-385f-425f-bc0f-910cdfdc0aa1.png/v1/fill/w_1280,h_697,q_80,strp/fitness_by_jaxaaronson_djnwnte-fullview.jpg?token=eyJ0eXAiOiJKV1QiLCJhbGciOiJIUzI1NiJ9.eyJzdWIiOiJ1cm46YXBwOjdlMGQxODg5ODIyNjQzNzNhNWYwZDQxNWVhMGQyNmUwIiwiaXNzIjoidXJuOmFwcDo3ZTBkMTg4OTgyMjY0MzczYTVmMGQ0MTVlYTBkMjZlMCIsIm9iaiI6W1t7ImhlaWdodCI6Ijw9Njk3IiwicGF0aCI6Ii9mLzcxMDIxNTYzLWJhMDUtNDFmMi1iY2M0LTE2OWUwYmJhY2FlZS9kam53bnRlLTZjZWY0NmMxLTM4NWYtNDI1Zi1iYzBmLTkxMGNkZmRjMGFhMS5wbmciLCJ3aWR0aCI6Ijw9MTI4MCJ9XV0sImF1ZCI6WyJ1cm46c2VydmljZTppbWFnZS5vcGVyYXRpb25zIl19.nIq3e44EHR5WohhJI6UXm_UlQifEfVy98mw6HnOqi1A"
"2025-04-29T20:53:23-0700","Sister Selfie","https://images-wixmp-ed30a86b8c4ca887773594c2.wixmp.com/f/71021563-ba05-41f2-bcc4-169e0bbacaee/djnx305-2ce5e3b9-f99a-4eb0-9888-367a51a4cf72.png/v1/fill/w_1280,h_1019,q_80,strp/sister_selfie_by_jaxaaronson_djnx305-fullview.jpg?token=eyJ0eXAiOiJKV1QiLCJhbGciOiJIUzI1NiJ9.eyJzdWIiOiJ1cm46YXBwOjdlMGQxODg5ODIyNjQzNzNhNWYwZDQxNWVhMGQyNmUwIiwiaXNzIjoidXJuOmFwcDo3ZTBkMTg4OTgyMjY0MzczYTVmMGQ0MTVlYTBkMjZlMCIsIm9iaiI6W1t7ImhlaWdodCI6Ijw9MTAxOSIsInBhdGgiOiIvZi83MTAyMTU2My1iYTA1LTQxZjItYmNjNC0xNjllMGJiYWNhZWUvZGpueDMwNS0yY2U1ZTNiOS1mOTlhLTRlYjAtOTg4OC0zNjdhNTFhNGNmNzIucG5nIiwid2lkdGgiOiI8PTEyODAifV1dLCJhdWQiOlsidXJuOnNlcnZpY2U6aW1hZ2Uub3BlcmF0aW9ucyJdfQ.ecgBitXMNlI_YnMjeSfGzVoZY9D4je_D1WR8eosqFFY"
"2025-04-30T13:28:09-0700","Sport Jacket","https://images-wixmp-ed30a86b8c4ca887773594c2.wixmp.com/f/71021563-ba05-41f2-bcc4-169e0bbacaee/djo2yak-a5dc1d49-c660-4b55-8a5f-193bd58c3628.png/v1/fill/w_1280,h_1120,q_80,strp/sport_jacket_by_jaxaaronson_djo2yak-fullview.jpg?token=eyJ0eXAiOiJKV1QiLCJhbGciOiJIUzI1NiJ9.eyJzdWIiOiJ1cm46YXBwOjdlMGQxODg5ODIyNjQzNzNhNWYwZDQxNWVhMGQyNmUwIiwiaXNzIjoidXJuOmFwcDo3ZTBkMTg4OTgyMjY0MzczYTVmMGQ0MTVlYTBkMjZlMCIsIm9iaiI6W1t7ImhlaWdodCI6Ijw9MTEyMCIsInBhdGgiOiIvZi83MTAyMTU2My1iYTA1LTQxZjItYmNjNC0xNjllMGJiYWNhZWUvZGpvMnlhay1hNWRjMWQ0OS1jNjYwLTRiNTUtOGE1Zi0xOTNiZDU4YzM2MjgucG5nIiwid2lkdGgiOiI8PTEyODAifV1dLCJhdWQiOlsidXJuOnNlcnZpY2U6aW1hZ2Uub3BlcmF0aW9ucyJdfQ.Ncf-S8QR4HlcHDtWYR_Vxt9pzZ15Nk-itep3LeN48aU"
"2025-04-30T17:36:43-0700","Jessica","https://images-wixmp-ed30a86b8c4ca887773594c2.wixmp.com/f/71021563-ba05-41f2-bcc4-169e0bbacaee/djo4fj2-173152f5-633e-4eba-a0c2-d058cc091646.png/v1/fill/w_1280,h_800,q_80,strp/jessica_by_jaxaaronson_djo4fj2-fullview.jpg?token=eyJ0eXAiOiJKV1QiLCJhbGciOiJIUzI1NiJ9.eyJzdWIiOiJ1cm46YXBwOjdlMGQxODg5ODIyNjQzNzNhNWYwZDQxNWVhMGQyNmUwIiwiaXNzIjoidXJuOmFwcDo3ZTBkMTg4OTgyMjY0MzczYTVmMGQ0MTVlYTBkMjZlMCIsIm9iaiI6W1t7ImhlaWdodCI6Ijw9ODAwIiwicGF0aCI6Ii9mLzcxMDIxNTYzLWJhMDUtNDFmMi1iY2M0LTE2OWUwYmJhY2FlZS9kam80ZmoyLTE3MzE1MmY1LTYzM2UtNGViYS1hMGMyLWQwNThjYzA5MTY0Ni5wbmciLCJ3aWR0aCI6Ijw9MTI4MCJ9XV0sImF1ZCI6WyJ1cm46c2VydmljZTppbWFnZS5vcGVyYXRpb25zIl19.uEGQTKP2iWA6hI5bE-j3JbkdFYpHDJoGqdNS0LfMmCw"
"2025-05-01T20:22:25-0700","Dress","https://images-wixmp-ed30a86b8c4ca887773594c2.wixmp.com/f/71021563-ba05-41f2-bcc4-169e0bbacaee/djoe5hz-fa01ac02-1c02-4f9d-920c-75a81a3be2f7.png/v1/fill/w_1280,h_739,q_80,strp/dress_by_jaxaaronson_djoe5hz-fullview.jpg?token=eyJ0eXAiOiJKV1QiLCJhbGciOiJIUzI1NiJ9.eyJzdWIiOiJ1cm46YXBwOjdlMGQxODg5ODIyNjQzNzNhNWYwZDQxNWVhMGQyNmUwIiwiaXNzIjoidXJuOmFwcDo3ZTBkMTg4OTgyMjY0MzczYTVmMGQ0MTVlYTBkMjZlMCIsIm9iaiI6W1t7ImhlaWdodCI6Ijw9NzM5IiwicGF0aCI6Ii9mLzcxMDIxNTYzLWJhMDUtNDFmMi1iY2M0LTE2OWUwYmJhY2FlZS9kam9lNWh6LWZhMDFhYzAyLTFjMDItNGY5ZC05MjBjLTc1YTgxYTNiZTJmNy5wbmciLCJ3aWR0aCI6Ijw9MTI4MCJ9XV0sImF1ZCI6WyJ1cm46c2VydmljZTppbWFnZS5vcGVyYXRpb25zIl19.iW681ZEAvAfg-gMgUa5IiYt8cN_xBFbfvfNVNUzEQ-A"
"2025-05-02T08:57:16-0700","Jeans","https://images-wixmp-ed30a86b8c4ca887773594c2.wixmp.com/f/71021563-ba05-41f2-bcc4-169e0bbacaee/djoi7le-c48e3f48-a38c-4f4c-9e06-3d1ad1b6c4e0.png/v1/fill/w_1280,h_873,q_80,strp/jeans_by_jaxaaronson_djoi7le-fullview.jpg?token=eyJ0eXAiOiJKV1QiLCJhbGciOiJIUzI1NiJ9.eyJzdWIiOiJ1cm46YXBwOjdlMGQxODg5ODIyNjQzNzNhNWYwZDQxNWVhMGQyNmUwIiwiaXNzIjoidXJuOmFwcDo3ZTBkMTg4OTgyMjY0MzczYTVmMGQ0MTVlYTBkMjZlMCIsIm9iaiI6W1t7ImhlaWdodCI6Ijw9ODczIiwicGF0aCI6Ii9mLzcxMDIxNTYzLWJhMDUtNDFmMi1iY2M0LTE2OWUwYmJhY2FlZS9kam9pN2xlLWM0OGUzZjQ4LWEzOGMtNGY0Yy05ZTA2LTNkMWFkMWI2YzRlMC5wbmciLCJ3aWR0aCI6Ijw9MTI4MCJ9XV0sImF1ZCI6WyJ1cm46c2VydmljZTppbWFnZS5vcGVyYXRpb25zIl19.VLtsi1EWWJ3q_Dx8X3l3ARmcqohZiX8znCPG_5KjnA4"
"2025-05-03T12:53:40-0700","Nightie","https://images-wixmp-ed30a86b8c4ca887773594c2.wixmp.com/f/71021563-ba05-41f2-bcc4-169e0bbacaee/djosfz1-c903c194-0c26-4ba1-b46d-6bdd1bb04212.png/v1/fill/w_1280,h_1019,q_80,strp/nightie_by_jaxaaronson_djosfz1-fullview.jpg?token=eyJ0eXAiOiJKV1QiLCJhbGciOiJIUzI1NiJ9.eyJzdWIiOiJ1cm46YXBwOjdlMGQxODg5ODIyNjQzNzNhNWYwZDQxNWVhMGQyNmUwIiwiaXNzIjoidXJuOmFwcDo3ZTBkMTg4OTgyMjY0MzczYTVmMGQ0MTVlYTBkMjZlMCIsIm9iaiI6W1t7ImhlaWdodCI6Ijw9MTAxOSIsInBhdGgiOiIvZi83MTAyMTU2My1iYTA1LTQxZjItYmNjNC0xNjllMGJiYWNhZWUvZGpvc2Z6MS1jOTAzYzE5NC0wYzI2LTRiYTEtYjQ2ZC02YmRkMWJiMDQyMTIucG5nIiwid2lkdGgiOiI8PTEyODAifV1dLCJhdWQiOlsidXJuOnNlcnZpY2U6aW1hZ2Uub3BlcmF0aW9ucyJdfQ.RU03Sl7BC1PgeUBhWzTyLpgpx8Z9RiORg_cQe4lvoug"
"2025-05-31T09:53:57-0700","Springfield","https://images-wixmp-ed30a86b8c4ca887773594c2.wixmp.com/f/71021563-ba05-41f2-bcc4-169e0bbacaee/djv47mo-613172b6-63f8-4582-8023-1c1d7f57c2a6.png/v1/fill/w_1280,h_1019,q_80,strp/springfield_by_jaxaaronson_djv47mo-fullview.jpg?token=eyJ0eXAiOiJKV1QiLCJhbGciOiJIUzI1NiJ9.eyJzdWIiOiJ1cm46YXBwOjdlMGQxODg5ODIyNjQzNzNhNWYwZDQxNWVhMGQyNmUwIiwiaXNzIjoidXJuOmFwcDo3ZTBkMTg4OTgyMjY0MzczYTVmMGQ0MTVlYTBkMjZlMCIsIm9iaiI6W1t7ImhlaWdodCI6Ijw9MTAxOSIsInBhdGgiOiIvZi83MTAyMTU2My1iYTA1LTQxZjItYmNjNC0xNjllMGJiYWNhZWUvZGp2NDdtby02MTMxNzJiNi02M2Y4LTQ1ODItODAyMy0xYzFkN2Y1N2MyYTYucG5nIiwid2lkdGgiOiI8PTEyODAifV1dLCJhdWQiOlsidXJuOnNlcnZpY2U6aW1hZ2Uub3BlcmF0aW9ucyJdfQ.YsRmSBxQ3t0c4-__88bzA5Vit_x0SMbacvfiz-g399E"
"2025-06-01T09:57:11-0700","Skin","https://images-wixmp-ed30a86b8c4ca887773594c2.wixmp.com/f/71021563-ba05-41f2-bcc4-169e0bbacaee/djvdgdr-bce88728-c4e4-4b53-906e-77eff52c71e8.png/v1/fill/w_1280,h_873,q_80,strp/skin_by_jaxaaronson_djvdgdr-fullview.jpg?token=eyJ0eXAiOiJKV1QiLCJhbGciOiJIUzI1NiJ9.eyJzdWIiOiJ1cm46YXBwOjdlMGQxODg5ODIyNjQzNzNhNWYwZDQxNWVhMGQyNmUwIiwiaXNzIjoidXJuOmFwcDo3ZTBkMTg4OTgyMjY0MzczYTVmMGQ0MTVlYTBkMjZlMCIsIm9iaiI6W1t7ImhlaWdodCI6Ijw9ODczIiwicGF0aCI6Ii9mLzcxMDIxNTYzLWJhMDUtNDFmMi1iY2M0LTE2OWUwYmJhY2FlZS9kanZkZ2RyLWJjZTg4NzI4LWM0ZTQtNGI1My05MDZlLTc3ZWZmNTJjNzFlOC5wbmciLCJ3aWR0aCI6Ijw9MTI4MCJ9XV0sImF1ZCI6WyJ1cm46c2VydmljZTppbWFnZS5vcGVyYXRpb25zIl19.s3WdGTYaZc_ZPT9FDeLkqi8wq_hFnXYiG0eHgewnza0"
"2025-06-02T14:15:52-0700","Box","https://images-wixmp-ed30a86b8c4ca887773594c2.wixmp.com/f/71021563-ba05-41f2-bcc4-169e0bbacaee/djvp4kt-e2a9241c-38ae-4245-b727-583d1308fd0e.png/v1/fill/w_1280,h_873,q_80,strp/box_by_jaxaaronson_djvp4kt-fullview.jpg?token=eyJ0eXAiOiJKV1QiLCJhbGciOiJIUzI1NiJ9.eyJzdWIiOiJ1cm46YXBwOjdlMGQxODg5ODIyNjQzNzNhNWYwZDQxNWVhMGQyNmUwIiwiaXNzIjoidXJuOmFwcDo3ZTBkMTg4OTgyMjY0MzczYTVmMGQ0MTVlYTBkMjZlMCIsIm9iaiI6W1t7ImhlaWdodCI6Ijw9ODczIiwicGF0aCI6Ii9mLzcxMDIxNTYzLWJhMDUtNDFmMi1iY2M0LTE2OWUwYmJhY2FlZS9kanZwNGt0LWUyYTkyNDFjLTM4YWUtNDI0NS1iNzI3LTU4M2QxMzA4ZmQwZS5wbmciLCJ3aWR0aCI6Ijw9MTI4MCJ9XV0sImF1ZCI6WyJ1cm46c2VydmljZTppbWFnZS5vcGVyYXRpb25zIl19.q0EjPz53KOUCloAeG0ZCD_sKIUR07n4rssH-e-uzDnc"
"2025-06-04T14:28:37-0700","#Name","https://images-wixmp-ed30a86b8c4ca887773594c2.wixmp.com/f/71021563-ba05-41f2-bcc4-169e0bbacaee/djw6ml0-69269ef7-c3f8-402b-9ced-cd467b1ad4fa.png/v1/fill/w_1280,h_640,q_80,strp/_name_by_jaxaaronson_djw6ml0-fullview.jpg?token=eyJ0eXAiOiJKV1QiLCJhbGciOiJIUzI1NiJ9.eyJzdWIiOiJ1cm46YXBwOjdlMGQxODg5ODIyNjQzNzNhNWYwZDQxNWVhMGQyNmUwIiwiaXNzIjoidXJuOmFwcDo3ZTBkMTg4OTgyMjY0MzczYTVmMGQ0MTVlYTBkMjZlMCIsIm9iaiI6W1t7ImhlaWdodCI6Ijw9NjQwIiwicGF0aCI6Ii9mLzcxMDIxNTYzLWJhMDUtNDFmMi1iY2M0LTE2OWUwYmJhY2FlZS9kanc2bWwwLTY5MjY5ZWY3LWMzZjgtNDAyYi05Y2VkLWNkNDY3YjFhZDRmYS5wbmciLCJ3aWR0aCI6Ijw9MTI4MCJ9XV0sImF1ZCI6WyJ1cm46c2VydmljZTppbWFnZS5vcGVyYXRpb25zIl19.gETnpqAy__KnF78jrTFMLT1CKX6gyI5KsBuuxP7GhcM"
"2025-06-24T14:36:03-0700","Beside Yourself","https://images-wixmp-ed30a86b8c4ca887773594c2.wixmp.com/f/71021563-ba05-41f2-bcc4-169e0bbacaee/dk0rbd1-46a0db68-43fb-4789-89a1-4ab44f7989b8.png?token=eyJ0eXAiOiJKV1QiLCJhbGciOiJIUzI1NiJ9.eyJzdWIiOiJ1cm46YXBwOjdlMGQxODg5ODIyNjQzNzNhNWYwZDQxNWVhMGQyNmUwIiwiaXNzIjoidXJuOmFwcDo3ZTBkMTg4OTgyMjY0MzczYTVmMGQ0MTVlYTBkMjZlMCIsIm9iaiI6W1t7ImhlaWdodCI6Ijw9MjQwMCIsInBhdGgiOiIvZi83MTAyMTU2My1iYTA1LTQxZjItYmNjNC0xNjllMGJiYWNhZWUvZGswcmJkMS00NmEwZGI2OC00M2ZiLTQ3ODktODlhMS00YWI0NGY3OTg5YjgucG5nIiwid2lkdGgiOiI8PTQ4MDAifV1dLCJhdWQiOlsidXJuOnNlcnZpY2U6aW1hZ2Uub3BlcmF0aW9ucyJdfQ.tTA5Ue4q96_jo0qaXNYOoXIongr1BZbktgqV3vh_HeI"
"2025-06-24T14:37:25-0700","Hacienda","https://images-wixmp-ed30a86b8c4ca887773594c2.wixmp.com/f/71021563-ba05-41f2-bcc4-169e0bbacaee/dk0rbrq-cc2b7fee-9d67-46b7-99e5-67245b54420c.png/v1/fill/w_1280,h_640,q_80,strp/hacienda_by_jaxaaronson_dk0rbrq-fullview.jpg?token=eyJ0eXAiOiJKV1QiLCJhbGciOiJIUzI1NiJ9.eyJzdWIiOiJ1cm46YXBwOjdlMGQxODg5ODIyNjQzNzNhNWYwZDQxNWVhMGQyNmUwIiwiaXNzIjoidXJuOmFwcDo3ZTBkMTg4OTgyMjY0MzczYTVmMGQ0MTVlYTBkMjZlMCIsIm9iaiI6W1t7ImhlaWdodCI6Ijw9NjQwIiwicGF0aCI6Ii9mLzcxMDIxNTYzLWJhMDUtNDFmMi1iY2M0LTE2OWUwYmJhY2FlZS9kazByYnJxLWNjMmI3ZmVlLTlkNjctNDZiNy05OWU1LTY3MjQ1YjU0NDIwYy5wbmciLCJ3aWR0aCI6Ijw9MTI4MCJ9XV0sImF1ZCI6WyJ1cm46c2VydmljZTppbWFnZS5vcGVyYXRpb25zIl19.2IrIvLtWDV8_2jB06esYflUMroVb2uQJEyUMsnBPpak"
"2025-06-25T12:52:03-0700","Snowflakes","https://images-wixmp-ed30a86b8c4ca887773594c2.wixmp.com/f/71021563-ba05-41f2-bcc4-169e0bbacaee/dk0yhcu-adadc137-e62c-434a-9b60-16028a427440.png/v1/fill/w_1280,h_1121,q_80,strp/snowflakes_by_jaxaaronson_dk0yhcu-fullview.jpg?token=eyJ0eXAiOiJKV1QiLCJhbGciOiJIUzI1NiJ9.eyJzdWIiOiJ1cm46YXBwOjdlMGQxODg5ODIyNjQzNzNhNWYwZDQxNWVhMGQyNmUwIiwiaXNzIjoidXJuOmFwcDo3ZTBkMTg4OTgyMjY0MzczYTVmMGQ0MTVlYTBkMjZlMCIsIm9iaiI6W1t7ImhlaWdodCI6Ijw9MTEyMSIsInBhdGgiOiIvZi83MTAyMTU2My1iYTA1LTQxZjItYmNjNC0xNjllMGJiYWNhZWUvZGsweWhjdS1hZGFkYzEzNy1lNjJjLTQzNGEtOWI2MC0xNjAyOGE0Mjc0NDAucG5nIiwid2lkdGgiOiI8PTEyODAifV1dLCJhdWQiOlsidXJuOnNlcnZpY2U6aW1hZ2Uub3BlcmF0aW9ucyJdfQ.DtN2OeZvFW1DU6dXFMDZvY3K1p7rLDnzAtoBvJ0ciV8"
"2025-08-02T18:40:07-0700","Corset","https://images-wixmp-ed30a86b8c4ca887773594c2.wixmp.com/f/71021563-ba05-41f2-bcc4-169e0bbacaee/dk9pjsv-d03296c6-cbce-426c-a2c3-7e1fe2287f2d.png/v1/fill/w_1280,h_1320,q_80,strp/corset_by_jaxaaronson_dk9pjsv-fullview.jpg?token=eyJ0eXAiOiJKV1QiLCJhbGciOiJIUzI1NiJ9.eyJzdWIiOiJ1cm46YXBwOjdlMGQxODg5ODIyNjQzNzNhNWYwZDQxNWVhMGQyNmUwIiwiaXNzIjoidXJuOmFwcDo3ZTBkMTg4OTgyMjY0MzczYTVmMGQ0MTVlYTBkMjZlMCIsIm9iaiI6W1t7ImhlaWdodCI6Ijw9MTMyMCIsInBhdGgiOiIvZi83MTAyMTU2My1iYTA1LTQxZjItYmNjNC0xNjllMGJiYWNhZWUvZGs5cGpzdi1kMDMyOTZjNi1jYmNlLTQyNmMtYTJjMy03ZTFmZTIyODdmMmQucG5nIiwid2lkdGgiOiI8PTEyODAifV1dLCJhdWQiOlsidXJuOnNlcnZpY2U6aW1hZ2Uub3BlcmF0aW9ucyJdfQ.9WUxzDsI8W6FxQxSRUF6VorKa2eGB9byuwzlLgt2rzM"
